par_id,codigo_1,codigo_2,municipio,establecimiento_1,establecimiento_2,similitud_nombre,direccion,jornada,plan,decision,justificacion
1,13-27-0068-46,13-27-7032-46,Aguacatán,"COLEGIO PRIVADO ""EL NUEVO MILLENIUM""",COLEGIO PRIVADO EL NUEVO MILLENIUM,100.0,"3A. AVENIDA 3-01, ZONA 1",VESPERTINA,DIARIO(REGULAR),CONSERVAR,Los códigos MINEDUC son distintos y representan registros administrativos independientes; no existe evidencia oficial para fusionarlos o eliminar uno.
2,13-27-0066-46,13-27-0085-46,Aguacatán,INSTITUTO MAYANCE AGUACATECO,INSTITUTO MAYANCE AGUACATECO,100.0,4TA CALLE 3-35 ZONA 3,VESPERTINA,DIARIO(REGULAR),CONSERVAR,Los códigos MINEDUC son distintos y representan registros administrativos independientes; no existe evidencia oficial para fusionarlos o eliminar uno.
3,01-14-0213-46,01-14-0220-46,Amatitlán,INED INSTITUTO NACIONAL DE EDUCACION DIVERSIFICADA SAN JUAN BAUTISTA,INED INSTITUTO NACIONAL DE EDUCACION DIVERSIFICADA SAN JUAN BAUTISTA,100.0,1RA Y 2DA CALLE LOTE 33 A COLONIA SAN JUAN BAUTISTA II,VESPERTINA,DIARIO(REGULAR),CONSERVAR,Los códigos MINEDUC son distintos y representan registros administrativos independientes; no existe evidencia oficial para fusionarlos o eliminar uno.
4,01-14-0016-46,01-14-0018-46,Amatitlán,INSTITUTO PRIVADO MIXTO DE COMPUTACION INFORMATICA,INSTITUTO PRIVADO MIXTO DE COMPUTACION INFORMATICA ICI,96.15,"2A. AVENIDA, 12-44 CANTON SAN ANTONIO",DOBLE,FIN DE SEMANA,CONSERVAR,Los códigos MINEDUC son distintos y representan registros administrativos independientes; no existe evidencia oficial para fusionarlos o eliminar uno.
5,01-14-0141-46,01-14-8051-46,Amatitlán,"LICEO MIXTO CRISTIANO ""JIREH""",LICEO MIXTO CRISTIANO 'JIREH',100.0,"3A. AVENIDA 2-45, COLONIA VILLA ALBORADA",DOBLE,FIN DE SEMANA,CONSERVAR,Los códigos MINEDUC son distintos y representan registros administrativos independientes; no existe evidencia oficial para fusionarlos o eliminar uno.
6,01-14-0135-46,01-14-0136-46,Amatitlán,COLEGIO PEDAGOGICO INTEGRAL ALBORADA,COLEGIO PEDAGOGICO INTEGRAL ALBORADA,100.0,4 AVENIDA 10-57,VESPERTINA,DIARIO(REGULAR),CONSERVAR,Los códigos MINEDUC son distintos y representan registros administrativos independientes; no existe evidencia oficial para fusionarlos o eliminar uno.
7,01-14-0050-46,01-14-0052-46,Amatitlán,COLEGIO PEDAGOGICO INTEGRAL ALBORADA,COLEGIO PEDAGOGICO INTEGRAL ALBORADA,100.0,"4A. AVENIDA 10-57, CANTON EL ROSARIO",DOBLE,FIN DE SEMANA,CONSERVAR,Los códigos MINEDUC son distintos y representan registros administrativos independientes; no existe evidencia oficial para fusionarlos o eliminar uno.
8,01-14-0058-46,01-14-0189-46,Amatitlán,COLEGIO MIXTO CULTURA,COLEGIO MIXTO CULTURA,100.0,4A. AVENIDA 5-34,VESPERTINA,DIARIO(REGULAR),CONSERVAR,Los códigos MINEDUC son distintos y representan registros administrativos independientes; no existe evidencia oficial para fusionarlos o eliminar uno.
9,01-14-0225-46,01-14-0226-46,Amatitlán,INSTITUTO NACIONAL DE EDUCACION DIVERSIFICADA,INSTITUTO NACIONAL DE EDUCACION DIVERSIFICADA,100.0,5A. AVENIDA FINAL BARRIO EL INGENIO,NOCTURNA,DIARIO(REGULAR),CONSERVAR,Los códigos MINEDUC son distintos y representan registros administrativos independientes; no existe evidencia oficial para fusionarlos o eliminar uno.
10,01-14-0082-46,01-14-0083-46,Amatitlán,LICEO MIXTO AMATITLANECO,LICEO MIXTO AMATITLANECO,100.0,"5A. CALLE, 3-73, BARRIO LA CRUZ",DOBLE,FIN DE SEMANA,CONSERVAR,Los códigos MINEDUC son distintos y representan registros administrativos independientes; no existe evidencia oficial para fusionarlos o eliminar uno.
11,01-14-9722-46,01-14-9724-46,Amatitlán,INSTITUTO TECNICO VOCACIONAL PRIVADO AMATITLANECO,INSTITUTO TECNICO VOCACIONAL PRIVADO AMATITLANECO,100.0,9A. CALLE 4-74 BARRIO EL ROSARIO,DOBLE,FIN DE SEMANA,CONSERVAR,Los códigos MINEDUC son distintos y representan registros administrativos independientes; no existe evidencia oficial para fusionarlos o eliminar uno.
12,01-14-6830-46,01-14-7163-46,Amatitlán,LICEO CRISTIANO BETH SHALOM,LICEO CRISTIANO BETH SHALOM,100.0,CALZADA ASIOLE 10-55,DOBLE,FIN DE SEMANA,CONSERVAR,Los códigos MINEDUC son distintos y representan registros administrativos independientes; no existe evidencia oficial para fusionarlos o eliminar uno.
13,03-01-1228-46,03-01-1229-46,Antigua Guatemala,LICEO MIXTO NUESTRA SEÑORA DE FATIMA,LICEO MIXTO NUESTRA SEÑORA DE FATIMA,100.0,2A. CALLE ORIENTE NO. 22,MATUTINA,FIN DE SEMANA,CONSERVAR,Los códigos MINEDUC son distintos y representan registros administrativos independientes; no existe evidencia oficial para fusionarlos o eliminar uno.
14,03-01-0102-46,03-01-0134-46,Antigua Guatemala,COLEGIO LICEO ANTIGUEÑO,COLEGIO LICEO ANTIGÜEÑO,100.0,3A. CALLE ORIENTE NO.11,DOBLE,DIARIO(REGULAR),CONSERVAR,Los códigos MINEDUC son distintos y representan registros administrativos independientes; no existe evidencia oficial para fusionarlos o eliminar uno.
15,03-01-0052-46,03-01-0271-46,Antigua Guatemala,ESCUELA NACIONAL DE CIENCIAS COMERCIALES SECCION NOCTURNA,ESCUELA NACIONAL DE CIENCIAS COMERCIALES SECCIÓN NOCTURNA,100.0,5A. CALLE ORIENTE NO.17,NOCTURNA,DIARIO(REGULAR),CONSERVAR,Los códigos MINEDUC son distintos y representan registros administrativos independientes; no existe evidencia oficial para fusionarlos o eliminar uno.
16,03-01-0052-46,03-01-0272-46,Antigua Guatemala,ESCUELA NACIONAL DE CIENCIAS COMERCIALES SECCION NOCTURNA,ESCUELA NACIONAL DE CIENCIAS COMERCIALES SECCION NOCTURNA,100.0,5A. CALLE ORIENTE NO.17,NOCTURNA,DIARIO(REGULAR),CONSERVAR,Los códigos MINEDUC son distintos y representan registros administrativos independientes; no existe evidencia oficial para fusionarlos o eliminar uno.
17,03-01-0052-46,03-01-1402-46,Antigua Guatemala,ESCUELA NACIONAL DE CIENCIAS COMERCIALES SECCION NOCTURNA,ESCUELA NACIONAL DE CIENCIAS COMERCIALES SECCION NOCTURNA,100.0,5A. CALLE ORIENTE NO.17,NOCTURNA,DIARIO(REGULAR),CONSERVAR,Los códigos MINEDUC son distintos y representan registros administrativos independientes; no existe evidencia oficial para fusionarlos o eliminar uno.
18,03-01-0271-46,03-01-0272-46,Antigua Guatemala,ESCUELA NACIONAL DE CIENCIAS COMERCIALES SECCIÓN NOCTURNA,ESCUELA NACIONAL DE CIENCIAS COMERCIALES SECCION NOCTURNA,100.0,5A. CALLE ORIENTE NO. 17,NOCTURNA,DIARIO(REGULAR),CONSERVAR,Los códigos MINEDUC son distintos y representan registros administrativos independientes; no existe evidencia oficial para fusionarlos o eliminar uno.
19,03-01-0271-46,03-01-1402-46,Antigua Guatemala,ESCUELA NACIONAL DE CIENCIAS COMERCIALES SECCIÓN NOCTURNA,ESCUELA NACIONAL DE CIENCIAS COMERCIALES SECCION NOCTURNA,100.0,5A. CALLE ORIENTE NO. 17,NOCTURNA,DIARIO(REGULAR),CONSERVAR,Los códigos MINEDUC son distintos y representan registros administrativos independientes; no existe evidencia oficial para fusionarlos o eliminar uno.
20,03-01-0272-46,03-01-1402-46,Antigua Guatemala,ESCUELA NACIONAL DE CIENCIAS COMERCIALES SECCION NOCTURNA,ESCUELA NACIONAL DE CIENCIAS COMERCIALES SECCION NOCTURNA,100.0,5A. CALLE ORIENTE NO. 17,NOCTURNA,DIARIO(REGULAR),CONSERVAR,Los códigos MINEDUC son distintos y representan registros administrativos independientes; no existe evidencia oficial para fusionarlos o eliminar uno.
21,03-01-0230-46,03-01-1425-46,Antigua Guatemala,INSTITUTO PARTICULAR MIXTO CIENCIA Y DESARROLLO,INSTITUTO PARTICULAR MIXTO CIENCIA Y DESARROLLO,100.0,"9A. CALLE ORIENTE NO. 13 ""A"",",DOBLE,FIN DE SEMANA,CONSERVAR,Los códigos MINEDUC son distintos y representan registros administrativos independientes; no existe evidencia oficial para fusionarlos o eliminar uno.
22,03-01-1035-46,03-01-1304-46,Antigua Guatemala,COLEGIO MIXTO POLITECNICO PEDAGOGICO,COLEGIO MIXTO POLITECNICO PEDAGOGICO,100.0,ALDEA SAN GASPAR VIVAR NO.1,MATUTINA,DIARIO(REGULAR),CONSERVAR,Los códigos MINEDUC son distintos y representan registros administrativos independientes; no existe evidencia oficial para fusionarlos o eliminar uno.
23,03-01-1343-46,03-01-1344-46,Antigua Guatemala,COLEGIO SISTEMA EDUCATIVO LATINOAMERICANO SEL,COLEGIO SISTEMA EDUCATIVO LATINOAMERICANO SEL,100.0,CALLE ANCHA DE LOS HERREROS CALLEJON EL COPANTE NO. 133,DOBLE,FIN DE SEMANA,CONSERVAR,Los códigos MINEDUC son distintos y representan registros administrativos independientes; no existe evidencia oficial para fusionarlos o eliminar uno.
24,03-01-0151-46,03-01-0152-46,Antigua Guatemala,COLEGIO MIXTO PRE-UNIVERSITARIO GALILEO GALILEI,COLEGIO MIXTO PRE-UNIVERSITARIO GALILEO GALILEI,100.0,CALLE ANCHA NO. 86,DOBLE,FIN DE SEMANA,CONSERVAR,Los códigos MINEDUC son distintos y representan registros administrativos independientes; no existe evidencia oficial para fusionarlos o eliminar uno.
25,03-01-0129-46,03-01-0167-46,Antigua Guatemala,INSTITUTO TECNOLOGICO EMPRESARIAL,INSTITUTO TECNOLOGICO EMPRESARIAL,100.0,CALLE CHIPILAPA NO. 11,DOBLE,FIN DE SEMANA,CONSERVAR,Los códigos MINEDUC son distintos y representan registros administrativos independientes; no existe evidencia oficial para fusionarlos o eliminar uno.
26,03-01-0158-46,03-01-0164-46,Antigua Guatemala,"CENTRO ACADEMICO ""NUESTRA EXCELENCIA"" CANE","CENTRO ACADEMICO ""NUESTRA EXCELENCIA"" (CANE)",100.0,CALLE DE BELEN NO. 18,DOBLE,FIN DE SEMANA,CONSERVAR,Los códigos MINEDUC son distintos y representan registros administrativos independientes; no existe evidencia oficial para fusionarlos o eliminar uno.
27,03-01-0189-46,03-01-0284-46,Antigua Guatemala,COLEGIO INNOVACION EDUCATIVA,COLEGIO INNOVACION EDUCATIVA,100.0,CALLE DE LA AZOTEA NO. 23,MATUTINA,DIARIO(REGULAR),CONSERVAR,Los códigos MINEDUC son distintos y representan registros administrativos independientes; no existe evidencia oficial para fusionarlos o eliminar uno.
28,03-01-1017-46,03-01-1297-46,Antigua Guatemala,LICEO TERESA DE AVILA,LICEO TERESA DE AVILA,100.0,CALLE DE LAS ANIMAS N. 5,DOBLE,FIN DE SEMANA,CONSERVAR,Los códigos MINEDUC son distintos y representan registros administrativos independientes; no existe evidencia oficial para fusionarlos o eliminar uno.
29,03-01-1335-46,03-01-1336-46,Antigua Guatemala,LICEO DE COMPUTACION CIENCIA Y TECNOLOGIA,LICEO DE COMPUTACION CIENCIA Y TECNOLOGIA,100.0,CALLE REAL DE SAN BARTOLOME BECERRA,DOBLE,FIN DE SEMANA,CONSERVAR,Los códigos MINEDUC son distintos y representan registros administrativos independientes; no existe evidencia oficial para fusionarlos o eliminar uno.
30,03-01-0296-46,03-01-0299-46,Antigua Guatemala,COLEGIO INFANTIL MIS PRIMEROS TRAZOS,COLEGIO INFANTIL MIS PRIMEROS TRAZOS,100.0,CALLE REAL DE SAN FELIPE DE JESUS NO. 7 A,VESPERTINA,DIARIO(REGULAR),CONSERVAR,Los códigos MINEDUC son distintos y representan registros administrativos independientes; no existe evidencia oficial para fusionarlos o eliminar uno.
31,03-01-1158-46,03-01-1293-46,Antigua Guatemala,INSTITUTO DE COMPUTACION INFORMATICA,INSTITUTO DE COMPUTACION INFORMATICA,100.0,KILOMETRO 1.5 CARRETERA A CIUDAD VIEJA,DOBLE,FIN DE SEMANA,CONSERVAR,Los códigos MINEDUC son distintos y representan registros administrativos independientes; no existe evidencia oficial para fusionarlos o eliminar uno.
32,22-05-0056-46,22-05-0057-46,Asunción Mita,"INSTITUTO PARTICULAR MIXTO ""MARÍA CHINCHILLA""","INSTITUTO PARTICULAR MIXTO ""MARÍA CHINCHILLA""",100.0,BARRIO LA FEDERAL,DOBLE,FIN DE SEMANA,CONSERVAR,Los códigos MINEDUC son distintos y representan registros administrativos independientes; no existe evidencia oficial para fusionarlos o eliminar uno.
33,22-07-2324-46,22-07-2439-46,Atescatempa,COLEGIO PARTICULAR MIXTO SAN CRISTOBAL,COLEGIO PARTICULAR MIXTO SAN CRISTOBAL,100.0,ALDEA SAN CRISTOBAL FRONTERA,DOBLE,FIN DE SEMANA,CONSERVAR,Los códigos MINEDUC son distintos y representan registros administrativos independientes; no existe evidencia oficial para fusionarlos o eliminar uno.
34,12-17-0019-46,12-17-1150-46,Ayutla,"INSTITUTO PARTICULAR MIXTO ""TECUN UMAN""","INSTITUTO PARTICULAR MIXTO ""TECUN UMAN""",100.0,2A. AVENIDA Y 3A. CALLE ZONA 1 CIUDAD TECUN UMAN,VESPERTINA,DIARIO(REGULAR),CONSERVAR,Los códigos MINEDUC son distintos y representan registros administrativos independientes; no existe evidencia oficial para fusionarlos o eliminar uno.
35,12-17-0029-46,12-17-0037-46,Ayutla,"INSTITUTO PRIVADO MIXTO ""SAN LORENZO""",INSTITUTO PRIVADO MIXTO SAN LORENZO,100.0,ALDEA ZANJON SAN LORENZO,DOBLE,FIN DE SEMANA,CONSERVAR,Los códigos MINEDUC son distintos y representan registros administrativos independientes; no existe evidencia oficial para fusionarlos o eliminar uno.
36,06-02-0085-46,06-02-1998-46,Barberena,"INSTITUTO TECNOLOGICO PRIVADO DE SANTA ROSA ""CRISTO VIVE""","INSTITUTO TECNOLOGICO PRIVADO DE SANTA ROSA ""CRISTO VIVE""",100.0,"4A. AVENIDA 1-074, ZONA 1",DOBLE,FIN DE SEMANA,CONSERVAR,Los códigos MINEDUC son distintos y representan registros administrativos independientes; no existe evidencia oficial para fusionarlos o eliminar uno.
37,06-02-0084-46,06-02-0102-46,Barberena,"INSTITUTO TECNOLOGICO PRIVADO DE SANTA ROSA ""CRISTO VIVE""","INSTITUTO TECNOLÓGICO PRIVADO DE SANTA ROSA ""CRISTO VIVE""",100.0,"4A. AVENIDA 1-074, ZONA 1",NOCTURNA,DIARIO(REGULAR),CONSERVAR,Los códigos MINEDUC son distintos y representan registros administrativos independientes; no existe evidencia oficial para fusionarlos o eliminar uno.
38,06-02-0032-46,06-02-0469-46,Barberena,INSTITUTO PARTICULAR MIXTO DE MERCADOTECNIA Y PUBLICIDAD DE SURORIENTE,INSTITUTO PARTICULAR MIXTO DE MERCADOTECNIA Y PUBLICIDAD DE SURORIENTE,100.0,"4A. CALLE 8-36, ZONA 1",DOBLE,FIN DE SEMANA,CONSERVAR,Los códigos MINEDUC son distintos y representan registros administrativos independientes; no existe evidencia oficial para fusionarlos o eliminar uno.
39,06-02-0037-46,06-02-0079-46,Barberena,"LICEO ""SAN ANTONIO""","LICEO ""SAN ANTONIO""",100.0,"LOTE 30, SECTOR EL CAMPO ALDEA FRAY BARTOLOMÉ DE LAS CASAS",DOBLE,FIN DE SEMANA,CONSERVAR,Los códigos MINEDUC son distintos y representan registros administrativos independientes; no existe evidencia oficial para fusionarlos o eliminar uno.
40,19-07-0019-46,19-07-0021-46,Cabañas,LICEO MIXTO EBENEZER,LICEO MIXTO EBENEZER,100.0,"BARRIO SAN SEBASTIAN,",DOBLE,FIN DE SEMANA,CONSERVAR,Los códigos MINEDUC son distintos y representan registros administrativos independientes; no existe evidencia oficial para fusionarlos o eliminar uno.
41,09-06-0039-46,09-06-0040-46,Cabricán,INED INSTITUTO NACIONAL DE EDUCACIÓN DIVERSIFICADA,INED INSTITUTO NACIONAL DE EDUCACIÓN DIVERSIFICADA,100.0,ALDEA LOS CORRALES,VESPERTINA,DIARIO(REGULAR),CONSERVAR,Los códigos MINEDUC son distintos y representan registros administrativos independientes; no existe evidencia oficial para fusionarlos o eliminar uno.
42,16-14-0115-46,16-14-0116-46,Chahal,INED INSTITUTO NACIONAL DE EDUCACIÓN DIVERSIFICADA,INED INSTITUTO NACIONAL DE EDUCACIÓN DIVERSIFICADA,100.0,CASERÍO XALAJA CHIVITZ,MATUTINA,DIARIO(REGULAR),CONSERVAR,Los códigos MINEDUC son distintos y representan registros administrativos independientes; no existe evidencia oficial para fusionarlos o eliminar uno.
43,13-02-0216-46,13-02-0217-46,Chiantla,COLEGIO INTEGRAL HUMANISTICO CHIANTLECO,COLEGIO INTEGRAL HUMANISTICO CHIANTLECO,100.0,CANTON LA LAGUNITA ZONA 3,DOBLE,FIN DE SEMANA,CONSERVAR,Los códigos MINEDUC son distintos y representan registros administrativos independientes; no existe evidencia oficial para fusionarlos o eliminar uno.
44,10-13-0049-46,10-13-0051-46,Chicacao,COLEGIO PRIVADO MIXTO PAMAXÁN,COLEGIO PRIVADO MIXTO PAMAXÁN,100.0,"1A. CALLE 1-48 ZONA 1, BARRIO REAL SAMUC",DOBLE,FIN DE SEMANA,CONSERVAR,Los códigos MINEDUC son distintos y representan registros administrativos independientes; no existe evidencia oficial para fusionarlos o eliminar uno.
45,10-13-0039-46,10-13-0040-46,Chicacao,"COLEGIO PRIVADO MIXTO ""SABIDURIA Y EXITO""","COLEGIO PRIVADO MIXTO ""SABIDURIA Y EXITO""",100.0,ALDEA NAHUALATE,DOBLE,FIN DE SEMANA,CONSERVAR,Los códigos MINEDUC son distintos y representan registros administrativos independientes; no existe evidencia oficial para fusionarlos o eliminar uno.
46,14-19-0084-46,14-19-0085-46,Chicaman,"""COLEGIO MIXTO CIENCIA Y DESARROLLO CHICAMÁN""","""COLEGIO MIXTO CIENCIA Y DESARROLLO CHICAMÁN""",100.0,3A. CALLE 3-30 ZONA 2,DOBLE,FIN DE SEMANA,CONSERVAR,Los códigos MINEDUC son distintos y representan registros administrativos independientes; no existe evidencia oficial para fusionarlos o eliminar uno.
47,04-01-0253-46,04-01-0304-46,Chimaltenango,"ESCUELA NORMAL BILINGÜE INTERCULTURAL ""RUK'U'X WAQXAQI' Q'ANIL"" (ESENCIA DE LAS OCHO SEMILLAS)","ESCUELA NORMAL BILINGÜE INTERCULTURAL ""RUK'U'X WAQXAQI' Q'ANIL"" (ESENCIA DE LAS OCHO SEMILLAS)",100.0,1A. AVENIDA 1-251 LA ALAMEDA ZONA 9,MATUTINA,DIARIO(REGULAR),CONSERVAR,Los códigos MINEDUC son distintos y representan registros administrativos independientes; no existe evidencia oficial para fusionarlos o eliminar uno.
48,04-01-0128-46,04-01-0171-46,Chimaltenango,LICEO NUEVA GENERACION,LICEO NUEVA GENERACIÓN,100.0,1A. AVENIDA 4-52 ZONA 4,DOBLE,FIN DE SEMANA,CONSERVAR,Los códigos MINEDUC son distintos y representan registros administrativos independientes; no existe evidencia oficial para fusionarlos o eliminar uno.
49,04-01-0141-46,04-01-0197-46,Chimaltenango,COLEGIO BLESS,COLEGIO BLESS,100.0,1A. CALLE 9-307 ZONA 4,DOBLE,FIN DE SEMANA,CONSERVAR,Los códigos MINEDUC son distintos y representan registros administrativos independientes; no existe evidencia oficial para fusionarlos o eliminar uno.
50,04-01-2699-46,04-01-2997-46,Chimaltenango,"LICEO CIENTIFICO TECNOLOGICO ""EN-GADI""","LICEO CIENTIFICO TECNOLOGICO ""EN-GADI""",100.0,2A. CALLE 1-73 ZONA 2,DOBLE,FIN DE SEMANA,CONSERVAR,Los códigos MINEDUC son distintos y representan registros administrativos independientes; no existe evidencia oficial para fusionarlos o eliminar uno.
51,04-01-0214-46,04-01-2996-46,Chimaltenango,LICEO CIENTÍFICO TECNOLÓGICO EN-GADI,"LICEO CIENTIFICO TECNOLOGICO ""EN-GADI""",100.0,2A. CALLE 1-73 ZONA 2,VESPERTINA,DIARIO(REGULAR),CONSERVAR,Los códigos MINEDUC son distintos y representan registros administrativos independientes; no existe evidencia oficial para fusionarlos o eliminar uno.
52,04-01-0180-46,04-01-0238-46,Chimaltenango,"INSTITUTO MIXTO TECNOLÓGICO CENTRAL ""CIUDAD DE LOS ESCUDOS""","INSTITUTO MIXTO TECNOLÓGICO CENTRAL ""CIUDAD DE LOS ESCUDOS""",100.0,2A. CALLE 2-45 ZONA 4,VESPERTINA,DIARIO(REGULAR),CONSERVAR,Los códigos MINEDUC son distintos y representan registros administrativos independientes; no existe evidencia oficial para fusionarlos o eliminar uno.
53,04-01-0232-46,04-01-0245-46,Chimaltenango,COLEGIO CRISTIANO CATÓLICO JUAN PABLO II,COLEGIO CRISTIANO CATÓLICO JUAN PABLO II,100.0,"2A. CALLE 3A-91 ZONA 7, ALDEA BUENA VISTA",VESPERTINA,DIARIO(REGULAR),CONSERVAR,Los códigos MINEDUC son distintos y representan registros administrativos independientes; no existe evidencia oficial para fusionarlos o eliminar uno.
54,04-01-2941-46,04-01-2942-46,Chimaltenango,LICEO TECNOLOGICO BILINGUE CUAUHTEMALLAN DE CHIMALTENANGO,LICEO TECNOLOGICO BILINGUE CUAUHTEMALLAN DE CHIMALTENANGO,100.0,2A. CALLE 4-70 ZONA 4,DOBLE,FIN DE SEMANA,CONSERVAR,Los códigos MINEDUC son distintos y representan registros administrativos independientes; no existe evidencia oficial para fusionarlos o eliminar uno.
55,04-01-2747-46,04-01-2934-46,Chimaltenango,"COLEGIO MIXTO ""SANTA ANA""","COLEGIO MIXTO ""SANTA ANA""",100.0,2A. CALLE 5-52 ZONA 4,DOBLE,FIN DE SEMANA,CONSERVAR,Los códigos MINEDUC son distintos y representan registros administrativos independientes; no existe evidencia oficial para fusionarlos o eliminar uno.
56,04-01-0264-46,04-01-0266-46,Chimaltenango,COLEGIO GABRIEL G&R,COLEGIO GABRIEL G&R,100.0,3A. AVENIDA 2-143 ZONA 7 BUENA VISTA NORTE,DOBLE,A DISTANCIA,CONSERVAR,Los códigos MINEDUC son distintos y representan registros administrativos independientes; no existe evidencia oficial para fusionarlos o eliminar uno.
57,04-01-0152-46,04-01-0153-46,Chimaltenango,CENTRO DE ESTUDIOS TÉCNICOS Y AVANZADOS DE CHIMALTENANGO NO. 2 (C.E.T.A.CH.NO. 2),CENTRO DE ESTUDIOS TÉCNICOS Y AVANZADOS DE CHIMALTENANGO NO. 2 (C E T A CH NO 2),100.0,3A. CALLE 6-125 ZONA 4,DOBLE,FIN DE SEMANA,CONSERVAR,Los códigos MINEDUC son distintos y representan registros administrativos independientes; no existe evidencia oficial para fusionarlos o eliminar uno.
58,04-01-2767-46,04-01-2811-46,Chimaltenango,COLEGIO LICEO INTEGRAL CIENTIFICO EN COMPUTACION,COLEGIO LICEO INTEGRAL CIENTIFICO EN COMPUTACION,100.0,4A. AVENIDA 5-80 ZONA 2,DOBLE,FIN DE SEMANA,CONSERVAR,Los códigos MINEDUC son distintos y representan registros administrativos independientes; no existe evidencia oficial para fusionarlos o eliminar uno.
59,04-01-0300-46,04-01-0301-46,Chimaltenango,CENTRO EDUCATIVO LA ESCUELA EN SU CASA CHIMALTENANGO,CENTRO EDUCATIVO LA ESCUELA EN SU CASA CHIMALTENANGO,100.0,5A. AVENIDA 1-45 ZONA 4,DOBLE,FIN DE SEMANA,CONSERVAR,Los códigos MINEDUC son distintos y representan registros administrativos independientes; no existe evidencia oficial para fusionarlos o eliminar uno.
60,04-01-0129-46,04-01-3173-46,Chimaltenango,INSTITUTO EVANGÉLICO AMÉRICA LATINA,INSTITUTO EVANGÉLICO AMÉRICA LATINA,100.0,6A. AVENIDA 3-48 ZONA 5,DOBLE,FIN DE SEMANA,CONSERVAR,Los códigos MINEDUC son distintos y representan registros administrativos independientes; no existe evidencia oficial para fusionarlos o eliminar uno.
61,04-01-2900-46,04-01-2901-46,Chimaltenango,INSTITUTO PRIVADO MIXTO DE COMPUTACION INFORMATICA,INSTITUTO PRIVADO MIXTO DE COMPUTACION INFORMATICA,100.0,"6A. AVENIDA Y 1A. CALLE, NO. 126 ZONA 5",DOBLE,FIN DE SEMANA,CONSERVAR,Los códigos MINEDUC son distintos y representan registros administrativos independientes; no existe evidencia oficial para fusionarlos o eliminar uno.
62,04-01-2827-46,04-01-3018-46,Chimaltenango,"CENTRO DE ESTUDIOS TECNICOS Y AVANZADOS DE CHIMALTENANGO ""C.E.T.A.CH.""","CENTRO DE ESTUDIOS TECNICOS Y AVANZADOS DE CHIMALTENANGO ""C.E.T.A.CH. """,100.0,8A. AVENIDA 3-59 ZONA 2,DOBLE,FIN DE SEMANA,CONSERVAR,Los códigos MINEDUC son distintos y representan registros administrativos independientes; no existe evidencia oficial para fusionarlos o eliminar uno.
63,04-01-0199-46,04-01-2294-46,Chimaltenango,"CENTRO DE ESTUDIOS TECNICOS Y AVANZADOS DE CHIMALTENANGO ""C.E.T.A.CH.""","CENTRO DE ESTUDIOS TECNICOS Y AVANZADOS DE CHIMALTENANGO ""C.E.T.A.CH.""",100.0,8A. AVENIDA 3-59 ZONA 2,MATUTINA,DIARIO(REGULAR),CONSERVAR,Los códigos MINEDUC son distintos y representan registros administrativos independientes; no existe evidencia oficial para fusionarlos o eliminar uno.
64,04-01-3253-46,04-01-3254-46,Chimaltenango,INSTITUTO TECNICO INDUSTRIAL,INSTITUTO TECNICO INDUSTRIAL,100.0,"9A. CALLE DE LOS CLAVELES 3-76 ZONA 1, QUINTAS LOS APOSENTOS",MATUTINA,DIARIO(REGULAR),CONSERVAR,Los códigos MINEDUC son distintos y representan registros administrativos independientes; no existe evidencia oficial para fusionarlos o eliminar uno.
65,04-01-0285-46,04-01-0287-46,Chimaltenango,COLEGIO DEL FUTURO,COLEGIO DEL FUTURO,100.0,KM. 2.5 CARRETERA A SAN MARTÍN JILOTEPEQUE,DOBLE,A DISTANCIA,CONSERVAR,Los códigos MINEDUC son distintos y representan registros administrativos independientes; no existe evidencia oficial para fusionarlos o eliminar uno.
66,04-01-0286-46,04-01-0288-46,Chimaltenango,COLEGIO DEL FUTURO,COLEGIO DEL FUTURO,100.0,KM. 2.5 CARRETERA A SAN MARTIN JILOTEPEQUE,DOBLE,SEMIPRESENCIAL,CONSERVAR,Los códigos MINEDUC son distintos y representan registros administrativos independientes; no existe evidencia oficial para fusionarlos o eliminar uno.
67,01-06-0017-46,01-06-0020-46,Chinautla,LICEO MIXTO CRISTIANO REMANENTE ESCOGIDO,LICEO MIXTO CRISTIANO REMANENTE ESCOGIDO,100.0,1A. AVENIDA Y 7A. AVENIDA LOTES 12 Y 14 COLONIA RICH,DOBLE,FIN DE SEMANA,CONSERVAR,Los códigos MINEDUC son distintos y representan registros administrativos independientes; no existe evidencia oficial para fusionarlos o eliminar uno.
68,01-06-0084-46,01-06-0085-46,Chinautla,INSTITUTO NACIONAL MARIA BELEN MEDRANO GARCIA,INSTITUTO NACIONAL MARIA BELEN MEDRANO GARCIA,100.0,"1ERA. AVENIDA SECTOR 3, COLONIA NUEVA",DOBLE,FIN DE SEMANA,CONSERVAR,Los códigos MINEDUC son distintos y representan registros administrativos independientes; no existe evidencia oficial para fusionarlos o eliminar uno.
69,01-06-0061-46,01-06-0062-46,Chinautla,INSTITUTO NACIONAL PC. BRENDA ELIZABETH DEL CID MEDRANO,INSTITUTO NACIONAL PC. BRENDA ELIZABETH DEL CID MEDRANO,100.0,ALDEA EL DURAZNO,DOBLE,FIN DE SEMANA,CONSERVAR,Los códigos MINEDUC son distintos y representan registros administrativos independientes; no existe evidencia oficial para fusionarlos o eliminar uno.
70,01-06-0049-46,01-06-0082-46,Chinautla,INSTITUTO OFICIAL DE EDUCACION BASICA Y DIVERSIFICADO ARQUITECTO GUSTAVO ARNOLDO MEDRANO OSORIO,INSTITUTO OFICIAL DE EDUCACION BASICA Y DIVERSIFICADO ARQUITECTO GUSTAVO ARNOLDO MEDRANO,96.17,ALDEA EL DURAZNO CASERIO LA LAGUNETA,DOBLE,FIN DE SEMANA,CONSERVAR,Los códigos MINEDUC son distintos y representan registros administrativos independientes; no existe evidencia oficial para fusionarlos o eliminar uno.
71,01-06-9582-46,01-06-9583-46,Chinautla,CENTRO ESTUDIANTIL CRISTIANO JOSE GILBERTO VELASQUEZ,CENTRO ESTUDIANTIL CRISTIANO JOSE GILBERTO VELASQUEZ,100.0,SECTOR 2 NO.99 SAN JULIAN,DOBLE,FIN DE SEMANA,CONSERVAR,Los códigos MINEDUC son distintos y representan registros administrativos independientes; no existe evidencia oficial para fusionarlos o eliminar uno.
72,01-06-0108-46,01-06-0109-46,Chinautla,COLEGIO VALLE DEL QUETZAL II,COLEGIO VALLE DEL QUETZAL II,100.0,"SECTOR 3, MANZANA J, LOTES 4 AL 6 ZONA 0, VILLAS DEL MILAGRO",DOBLE,FIN DE SEMANA,CONSERVAR,Los códigos MINEDUC son distintos y representan registros administrativos independientes; no existe evidencia oficial para fusionarlos o eliminar uno.
73,01-06-0074-46,01-06-0075-46,Chinautla,INSTITUTO NACIONAL MARIA FERNANDA MEDRANO CORDON,INSTITUTO NACIONAL MARIA FERNANDA MEDRANO CORDON,100.0,SECTOR 43 LOTE 0 COLONIA TIERRA NUEVA 1,NOCTURNA,DIARIO(REGULAR),CONSERVAR,Los códigos MINEDUC son distintos y representan registros administrativos independientes; no existe evidencia oficial para fusionarlos o eliminar uno.
74,01-06-0132-46,01-06-0133-46,Chinautla,INSTITUTO NACIONAL DE EDUCACIÓN DIVERSIFICADA TIERRA NUEVA I,INSTITUTO NACIONAL DE EDUCACIÓN DIVERSIFICADA TIERRA NUEVA I,100.0,SECTOR 43 LOTE 0 TIERRA NUEVA I,DOBLE,FIN DE SEMANA,CONSERVAR,Los códigos MINEDUC son distintos y representan registros administrativos independientes; no existe evidencia oficial para fusionarlos o eliminar uno.
75,01-06-0134-46,01-06-0165-46,Chinautla,INSTITUTO NACIONAL DE EDUCACIÓN DIVERSIFICADA TIERRA NUEVA I,INSTITUTO NACIONAL DE EDUCACIÓN DIVERSIFICADA TIERRA NUEVA I,100.0,SECTOR 43 LOTE 0 TIERRA NUEVA I,NOCTURNA,DIARIO(REGULAR),CONSERVAR,Los códigos MINEDUC son distintos y representan registros administrativos independientes; no existe evidencia oficial para fusionarlos o eliminar uno.
76,01-06-0091-46,01-06-0092-46,Chinautla,COLEGIO MIXTO SAN FERNANDO,COLEGIO MIXTO SAN FERNANDO,100.0,"SECTOR I MANZANA B LOTE 31 Y 32 COLONIA PLANES DEL MILAGRO, CHINAUTLA GUATEMALA",DOBLE,FIN DE SEMANA,CONSERVAR,Los códigos MINEDUC son distintos y representan registros administrativos independientes; no existe evidencia oficial para fusionarlos o eliminar uno.
77,20-01-0131-46,20-01-0132-46,Chiquimula,ESCUELA PRIVADA DE EDUCACION FISICA DE ORIENTE,ESCUELA PRIVADA DE EDUCACION FISICA DE ORIENTE,100.0,,VESPERTINA,DIARIO(REGULAR),CONSERVAR,Los códigos MINEDUC son distintos y representan registros administrativos independientes; no existe evidencia oficial para fusionarlos o eliminar uno.
78,20-01-0174-46,20-01-1613-46,Chiquimula,COLEGIO SUPERIOR DE INFORMATICA HIGA,COLEGIO SUPERIOR DE INFORMATICA HIGA,100.0,1A. CALLE 5-61 ZONA 2,MATUTINA,DIARIO(REGULAR),CONSERVAR,Los códigos MINEDUC son distintos y representan registros administrativos independientes; no existe evidencia oficial para fusionarlos o eliminar uno.
79,20-01-0194-46,20-01-0197-46,Chiquimula,COLEGIO SUPERIOR DE INFORMATICA HIGA,COLEGIO SUPERIOR DE INFORMATICA HIGA,100.0,1RA. CALLE 5-61 ZONA 2,DOBLE,FIN DE SEMANA,CONSERVAR,Los códigos MINEDUC son distintos y representan registros administrativos independientes; no existe evidencia oficial para fusionarlos o eliminar uno.
80,20-01-2349-46,20-01-2351-46,Chiquimula,LICEO TECNOCIENCIA BILINGUE DE CHIQUIMULA,LICEO TECNOCIENCIA BILINGUE DE CHIQUIMULA,100.0,4A. CALLE 9-30 ZONA 1,DOBLE,FIN DE SEMANA,CONSERVAR,Los códigos MINEDUC son distintos y representan registros administrativos independientes; no existe evidencia oficial para fusionarlos o eliminar uno.
81,20-01-0176-46,20-01-2341-46,Chiquimula,COLEGIO PRIVADO MIXTO BENDICION,COLEGIO PRIVADO MIXTO BENDICION,100.0,4A. CALLE A 13-25 ZONA 1,DOBLE,FIN DE SEMANA,CONSERVAR,Los códigos MINEDUC son distintos y representan registros administrativos independientes; no existe evidencia oficial para fusionarlos o eliminar uno.
82,20-01-0119-46,20-01-0182-46,Chiquimula,LICEO TECNOLOGICO BILINGUE CHIQUIMULTECO,LICEO TECNOLOGICO BILINGUE CHIQUIMULTECO,100.0,6A. CALLE 5-17 ZONA 1,DOBLE,FIN DE SEMANA,CONSERVAR,Los códigos MINEDUC son distintos y representan registros administrativos independientes; no existe evidencia oficial para fusionarlos o eliminar uno.
83,20-01-0178-46,20-01-0179-46,Chiquimula,COLEGIO EVANGELICO MIXTO ADONAI,COLEGIO EVANGELICO MIXTO ADONAI,100.0,8A. AVENIDA 4-40 ZONA 1,DOBLE,FIN DE SEMANA,CONSERVAR,Los códigos MINEDUC son distintos y representan registros administrativos independientes; no existe evidencia oficial para fusionarlos o eliminar uno.
84,06-08-0078-46,06-08-1840-46,Chiquimulilla,INSTITUTO PARTICULAR MIXTO DE MERCADOTECNIA Y PUBLICIDAD DE SURORIENTE,INSTITUTO PARTICULAR MIXTO DE MERCADOTECNIA Y PUBLICIDAD DE SURORIENTE,100.0,BARRIO SANTIAGO,DOBLE,FIN DE SEMANA,CONSERVAR,Los códigos MINEDUC son distintos y representan registros administrativos independientes; no existe evidencia oficial para fusionarlos o eliminar uno.
85,06-08-0089-46,06-08-2040-46,Chiquimulilla,COLEGIO TÉCNICO DE COMPUTACIÓN C.T.S.,COLEGIO TECNICO DE COMPUTACION 'C.T.S.',100.0,COLONIA VISTA HERMOSA,DOBLE,DIARIO(REGULAR),CONSERVAR,Los códigos MINEDUC son distintos y representan registros administrativos independientes; no existe evidencia oficial para fusionarlos o eliminar uno.
86,16-13-0225-46,16-13-0226-46,Chisec,LICEO MIXTO EN COMPUTACION DEL NORTE,LICEO MIXTO EN COMPUTACION DEL NORTE,100.0,"1A. CALLE Y 2A. AVENIDA LOTE 204, BARRIO EL CENTRO",DOBLE,FIN DE SEMANA,CONSERVAR,Los códigos MINEDUC son distintos y representan registros administrativos independientes; no existe evidencia oficial para fusionarlos o eliminar uno.
87,03-12-0037-46,03-12-0038-46,Ciudad Vieja,LICEO TERESA DE AVILA,LICEO TERESA DE AVILA,100.0,2A. AVENIDA 2-55 ZONA 3,DOBLE,FIN DE SEMANA,CONSERVAR,Los códigos MINEDUC son distintos y representan registros administrativos independientes; no existe evidencia oficial para fusionarlos o eliminar uno.
88,03-12-0096-46,03-12-0098-46,Ciudad Vieja,LICEO TERESA DE AVILA,LICEO TERESA DE AVILA,100.0,2A. AVENIDA 2-55 ZONA 3,SIN JORNADA,SEMIPRESENCIAL (FIN DE SEMANA),CONSERVAR,Los códigos MINEDUC son distintos y representan registros administrativos independientes; no existe evidencia oficial para fusionarlos o eliminar uno.
89,03-12-0049-46,03-12-0050-46,Ciudad Vieja,"ESCUELA ECOLOGICA Y AMBIENTAL ""LAND FOREST DE GUATEMALA""","ESCUELA ECOLOGICA Y AMBIENTAL ""LAND FOREST DE GUATEMALA""",100.0,"4A. CALLE 2-08 ZONA 6, BARRIO SAN MIGUEL",DOBLE,FIN DE SEMANA,CONSERVAR,Los códigos MINEDUC son distintos y representan registros administrativos independientes; no existe evidencia oficial para fusionarlos o eliminar uno.
90,03-12-0067-46,03-12-0081-46,Ciudad Vieja,COLEGIO PRIVADO MIXTO NUESTRA SEÑORA DE LOURDES,COLEGIO PRIVADO MIXTO NUESTRA SEÑORA DE LOURDES,100.0,5TA. AVENIDA 1-95 ZONA 1,DOBLE,FIN DE SEMANA,CONSERVAR,Los códigos MINEDUC son distintos y representan registros administrativos independientes; no existe evidencia oficial para fusionarlos o eliminar uno.
91,03-12-0034-46,03-12-0035-46,Ciudad Vieja,CENTRO DE ESTUDIOS CIUDAD VIEJA,CENTRO DE ESTUDIOS CIUDAD VIEJA,100.0,5TA AVENIDA FINAL 1-19 ZONA 1,DOBLE,FIN DE SEMANA,CONSERVAR,Los códigos MINEDUC son distintos y representan registros administrativos independientes; no existe evidencia oficial para fusionarlos o eliminar uno.
92,03-12-0118-46,03-12-0119-46,Ciudad Vieja,"INED INSTITUTO NACIONAL DE EDUCACIÓN DIVERSIFICADA, HERMÓGENES LÓPEZ COARCHITA","INED INSTITUTO NACIONAL DE EDUCACIÓN DIVERSIFICADA, HERMÓGENES LÓPEZ COARCHITA",100.0,6TA. CALLE 2-22 ZONA 6,MATUTINA,DIARIO(REGULAR),CONSERVAR,Los códigos MINEDUC son distintos y representan registros administrativos independientes; no existe evidencia oficial para fusionarlos o eliminar uno.
93,09-20-0063-46,09-20-0661-46,Coatepeque,"INSTITUTO PARTICULAR MIXTO ""PEDRO MOLINA""","INSTITUTO PARTICULAR MIXTO ""PEDRO MOLINA""",100.0,"2A CALLE 3-60 ZONA 1, BARRIO LA BATALLA",NOCTURNA,DIARIO(REGULAR),CONSERVAR,Los códigos MINEDUC son distintos y representan registros administrativos independientes; no existe evidencia oficial para fusionarlos o eliminar uno.
94,16-01-0587-46,16-01-0588-46,Cobán,LICEO MIXTO EN COMPUTACION DEL NORTE,LICEO MIXTO EN COMPUTACION DEL NORTE,100.0,"1A. CALLE Y 2A. AVENIDA LOTE 204, BARRIO EL CENTRO",DOBLE,FIN DE SEMANA,CONSERVAR,Los códigos MINEDUC son distintos y representan registros administrativos independientes; no existe evidencia oficial para fusionarlos o eliminar uno.
95,16-01-0926-46,16-01-0927-46,Cobán,INSTITUTO NACIONAL DE EDUCACIÓN DIVERSIFICADA,INSTITUTO NACIONAL DE EDUCACIÓN DIVERSIFICADA,100.0,2A. CALLE 1-99 ZONA 4,NOCTURNA,DIARIO(REGULAR),CONSERVAR,Los códigos MINEDUC son distintos y representan registros administrativos independientes; no existe evidencia oficial para fusionarlos o eliminar uno.
96,16-01-0559-46,16-01-8849-46,Cobán,INSTITUTO NORMAL PRIMARIA BILINGUE INTERCULTURAL ADS. AL INSTITUTO EMILIO ROSALES PONCE,INSTITUTO NORMAL PRIMARIA BILINGUE INTERCULTURAL ADS. AL INSTITUTO EMILIO ROSALES PONCE,100.0,3A. AVE. 6-23 ZONA 11,VESPERTINA,DIARIO(REGULAR),CONSERVAR,Los códigos MINEDUC son distintos y representan registros administrativos independientes; no existe evidencia oficial para fusionarlos o eliminar uno.
97,16-01-0565-46,16-01-0646-46,Cobán,"INSTITUTO MIXTO PRIVADO ""SALUD Y DESARROLLO""",INSTITUTO MIXTO PRIVADO SALUD Y DESARROLLO,100.0,DIAGNONAL 1 1-26 ZONA 1,DOBLE,FIN DE SEMANA,CONSERVAR,Los códigos MINEDUC son distintos y representan registros administrativos independientes; no existe evidencia oficial para fusionarlos o eliminar uno.
98,13-19-0041-46,13-19-0042-46,Colotenango,"LICEO PRIVADO MIXTO ""PANAMERICANO""","LICEO PRIVADO MIXTO ""PANAMERICANO""",100.0,,DOBLE,FIN DE SEMANA,CONSERVAR,Los códigos MINEDUC son distintos y representan registros administrativos independientes; no existe evidencia oficial para fusionarlos o eliminar uno.
99,13-19-0057-46,13-19-0058-46,Colotenango,"COLEGIO PRIVADO MIXTO ""GÉNESIS""","COLEGIO PRIVADO MIXTO ""GÉNESIS""",100.0,CABECERA MUNICIPAL,DOBLE,FIN DE SEMANA,CONSERVAR,Los códigos MINEDUC son distintos y representan registros administrativos independientes; no existe evidencia oficial para fusionarlos o eliminar uno.
100,13-19-0055-46,13-19-0061-46,Colotenango,"COLEGIO PRIVADO MIXTO ""GÉNESIS""",COLEGIO PRIVADO MIXTO GÉNESIS,100.0,CABECERA MUNICIPAL,VESPERTINA,DIARIO(REGULAR),CONSERVAR,Los códigos MINEDUC son distintos y representan registros administrativos independientes; no existe evidencia oficial para fusionarlos o eliminar uno.
101,13-19-0055-46,13-19-0062-46,Colotenango,"COLEGIO PRIVADO MIXTO ""GÉNESIS""",COLEGIO PRIVADO MIXTO GÉNESIS,100.0,CABECERA MUNICIPAL,VESPERTINA,DIARIO(REGULAR),CONSERVAR,Los códigos MINEDUC son distintos y representan registros administrativos independientes; no existe evidencia oficial para fusionarlos o eliminar uno.
102,13-19-0061-46,13-19-0062-46,Colotenango,COLEGIO PRIVADO MIXTO GÉNESIS,COLEGIO PRIVADO MIXTO GÉNESIS,100.0,CABECERA MUNICIPAL,VESPERTINA,DIARIO(REGULAR),CONSERVAR,Los códigos MINEDUC son distintos y representan registros administrativos independientes; no existe evidencia oficial para fusionarlos o eliminar uno.
103,22-11-0075-46,22-11-0083-46,Comapa,COLEGIO PARTICULAR MIXTO LICEO ESTANZUELA,"COLEGIO PARTICULAR MIXTO ""LICEO ESTANZUELA""",100.0,ALDEA ESTANZUELA,DOBLE,FIN DE SEMANA,CONSERVAR,Los códigos MINEDUC son distintos y representan registros administrativos independientes; no existe evidencia oficial para fusionarlos o eliminar uno.
104,22-11-0086-46,22-11-0087-46,Comapa,"INSTITUTO PARTICULAR FORMACION Y DESARROLLO PROFESIONAL ""INDEFORP II""","INSTITUTO PARTICULAR FORMACION Y DESARROLLO PROFESIONAL ""INDEFORP II""",100.0,"CASERIO SAN MIGUEL, ALDEA ESCUINAPA.",DOBLE,FIN DE SEMANA,CONSERVAR,Los códigos MINEDUC son distintos y representan registros administrativos independientes; no existe evidencia oficial para fusionarlos o eliminar uno.
105,22-11-0078-46,22-11-0079-46,Comapa,INSTITUTO PARTICULAR MIXTO DE FORMACIÓN Y DESARROLLO PROFESIONAL INDEFORP,INSTITUTO PARTICULAR MIXTO DE FORMACION Y DESARROLLO PROFESIONAL INDEFORP,100.0,ENTRADA AL MUNICIPIO DE,DOBLE,FIN DE SEMANA,CONSERVAR,Los códigos MINEDUC son distintos y representan registros administrativos independientes; no existe evidencia oficial para fusionarlos o eliminar uno.
106,12-04-0110-46,12-04-0111-46,Comitancillo,"""COLEGIO DE ESTUDIOS SUPERIORES COMITANCILLO"" -CESC-","""COLEGIO DE ESTUDIOS SUPERIORES COMITANCILLO"" -CESC-",100.0,3RA. CALLE 8-423 ZONA 3,DOBLE,FIN DE SEMANA,CONSERVAR,Los códigos MINEDUC son distintos y representan registros administrativos independientes; no existe evidencia oficial para fusionarlos o eliminar uno.
107,12-04-0219-46,12-04-0229-46,Comitancillo,"COLEGIO INTERCIENTÍFICO, MULTILINGÜE Y MULTIVERSIDAD ""MUNDO REAL""","COLEGIO INTERCIENTIFICO,MULTILINGÚE Y MULTIDIVERSIDAD ""MUNDO REAL""",98.41,CABECERA MUNICIPAL,VESPERTINA,VIRTUAL A DISTANCIA,CONSERVAR,Los códigos MINEDUC son distintos y representan registros administrativos independientes; no existe evidencia oficial para fusionarlos o eliminar uno.
108,12-04-0239-46,12-04-0240-46,Comitancillo,"COLEGIO ""MUNDO REAL","COLEGIO ""MUNDO REAL""",100.0,CABECERA MUNICIPAL,VESPERTINA,VIRTUAL A DISTANCIA,CONSERVAR,Los códigos MINEDUC son distintos y representan registros administrativos independientes; no existe evidencia oficial para fusionarlos o eliminar uno.
109,12-04-0119-46,12-04-0212-46,Comitancillo,LICEO SAN JOSÉ,LICEO SAN JOSÉ,100.0,"CASERÍO SAN JOSÉ LA FRONTERA, ALDEA SAN LUIS",DOBLE,DIARIO(REGULAR),CONSERVAR,Los códigos MINEDUC son distintos y representan registros administrativos independientes; no existe evidencia oficial para fusionarlos o eliminar uno.
110,12-04-0118-46,12-04-0121-46,Comitancillo,LICEO SAN JOSÉ,LICEO SAN JOSÉ,100.0,"CASERÍO SAN JOSÉ LA FRONTERA, ALDEA SAN LUIS",DOBLE,FIN DE SEMANA,CONSERVAR,Los códigos MINEDUC son distintos y representan registros administrativos independientes; no existe evidencia oficial para fusionarlos o eliminar uno.
111,12-06-0079-46,12-06-0084-46,Concepción Tutuapa,INSTITUTO NACIONAL DE EDUCACION DIVERSIFICADA,INSTITUTO NACIONAL DE EDUCACION DIVERSIFICADA,100.0,CABECERA MUNICIPAL,VESPERTINA,DIARIO(REGULAR),CONSERVAR,Los códigos MINEDUC son distintos y representan registros administrativos independientes; no existe evidencia oficial para fusionarlos o eliminar uno.
112,22-13-0032-46,22-13-0033-46,Conguaco,LICEO SAN PEDRO,LICEO SAN PEDRO,100.0,ALDEA SAN PEDRO,DOBLE,FIN DE SEMANA,CONSERVAR,Los códigos MINEDUC son distintos y representan registros administrativos independientes; no existe evidencia oficial para fusionarlos o eliminar uno.
113,15-04-0089-46,15-04-0192-46,Cubulco,CENTRO EDUCATIVO NUEVA ESPERANZA,"CENTRO EDUCATIVO ""NUEVA ESPERANZA""",100.0,BARRIO MAGDALENA,DOBLE,FIN DE SEMANA,CONSERVAR,Los códigos MINEDUC son distintos y representan registros administrativos independientes; no existe evidencia oficial para fusionarlos o eliminar uno.
114,15-04-0230-46,15-04-0238-46,Cubulco,"COLEGIO PARTICULAR MIXTO ""NUEVO AMANECER""",COLEGIO PARTICULAR MIXTO NUEVO AMANECER,100.0,BARRIO MAGDALENA,DOBLE,FIN DE SEMANA,CONSERVAR,Los códigos MINEDUC son distintos y representan registros administrativos independientes; no existe evidencia oficial para fusionarlos o eliminar uno.
115,06-01-0103-46,06-01-1761-46,Cuilapa,COLEGIO TECNOLOGICO BILINGUE EL HERMANO PEDRO,COLEGIO TECNOLOGICO BILINGUE EL HERMANO PEDRO,100.0,"COLONIA CHINA, BARRIO LA PARROQUIA",DOBLE,FIN DE SEMANA,CONSERVAR,Los códigos MINEDUC son distintos y representan registros administrativos independientes; no existe evidencia oficial para fusionarlos o eliminar uno.
116,06-01-0108-46,06-01-0109-46,Cuilapa,COLEGIO PARTICULAR MIXTO BILINGÜE SANTA FAMILIA,COLEGIO PARTICULAR MIXTO BILINGÜE SANTA FAMILIA,100.0,"KILOMETRO 57.5 CARRETERA AL SALVADOR, ALDEA SAN JUAN DE ARANA, CUILAPA, SANTA ROSA ALDEA SAN JUAN DE ARANA, CUILAPA, SANTA ROSA",VESPERTINA,DIARIO(REGULAR),CONSERVAR,Los códigos MINEDUC son distintos y representan registros administrativos independientes; no existe evidencia oficial para fusionarlos o eliminar uno.
117,14-10-0078-46,14-10-0079-46,Cunén,"COLEGIO MIXTO BILINGÜE INTERCULTURAL ""HERMANO OSCAR AZMITIA""","COLEGIO MIXTO BILINGÜE INTERCULTURAL ""HERMANO OSCAR AZMITIA""",100.0,BARRRIO SAN FRANCISCO,NOCTURNA,DIARIO(REGULAR),CONSERVAR,Los códigos MINEDUC son distintos y representan registros administrativos independientes; no existe evidencia oficial para fusionarlos o eliminar uno.
118,10-02-0056-46,10-02-0057-46,Cuyotenango,INSTITUTO TECNOLOGICO CIENTIFICO INDUSTRIAL DE SUCHITEPEQUEZ,INSTITUTO TECNOLOGICO CIENTIFICO INDUSTRIAL DE SUCHITEPEQUEZ,100.0,KM. 169 CARRETERA AL PACIFICO,DOBLE,FIN DE SEMANA,CONSERVAR,Los códigos MINEDUC son distintos y representan registros administrativos independientes; no existe evidencia oficial para fusionarlos o eliminar uno.
119,10-02-0056-46,10-02-0059-46,Cuyotenango,INSTITUTO TECNOLOGICO CIENTIFICO INDUSTRIAL DE SUCHITEPEQUEZ,INSTITUTO TECNOLOGICO CIENTIFICO INDUSTRIAL DE SUCHITEPEQUEZ,100.0,KM. 169 CARRETERA AL PACIFICO,DOBLE,FIN DE SEMANA,CONSERVAR,Los códigos MINEDUC son distintos y representan registros administrativos independientes; no existe evidencia oficial para fusionarlos o eliminar uno.
120,10-02-0057-46,10-02-0059-46,Cuyotenango,INSTITUTO TECNOLOGICO CIENTIFICO INDUSTRIAL DE SUCHITEPEQUEZ,INSTITUTO TECNOLOGICO CIENTIFICO INDUSTRIAL DE SUCHITEPEQUEZ,100.0,KM. 169 CARRETERA AL PACIFICO,DOBLE,FIN DE SEMANA,CONSERVAR,Los códigos MINEDUC son distintos y representan registros administrativos independientes; no existe evidencia oficial para fusionarlos o eliminar uno.
121,22-09-0009-46,22-09-0011-46,El Adelanto,"COLEGIO INTEGRAL ""CIENCIA Y DESARROLLO""","COLEGIO INTEGRAL ""CIENCIA Y DESARROLLO""",100.0,BARRIO ARRIBA,DOBLE,FIN DE SEMANA,CONSERVAR,Los códigos MINEDUC son distintos y representan registros administrativos independientes; no existe evidencia oficial para fusionarlos o eliminar uno.
122,17-14-0083-46,17-14-0084-46,El Chal,"CENTRO EDUCATIVO TÉCNICO PORTILLO ""CETPORT""","CENTRO EDUCATIVO TÉCNICO PORTILLO ""CETPORT""",100.0,,DOBLE,FIN DE SEMANA,CONSERVAR,Los códigos MINEDUC son distintos y representan registros administrativos independientes; no existe evidencia oficial para fusionarlos o eliminar uno.
123,22-02-0017-46,22-02-2087-46,El Progreso,"COLEGIO PARTICULAR MIXTO ""LICEO PROGRESO""","COLEGIO PARTICULAR MIXTO ""LICEO PROGRESO""",100.0,"CALZADA LA PAZ, BARRIO EL BOSQUE",DOBLE,FIN DE SEMANA,CONSERVAR,Los códigos MINEDUC son distintos y representan registros administrativos independientes; no existe evidencia oficial para fusionarlos o eliminar uno.
124,12-13-0056-46,12-13-0071-46,El Tumbador,COLEGIO PARTICULAR MIXTO LA FAMILIA,COLEGIO PARTICULAR MIXTO LA FAMILIA,100.0,"4TA. CALLE 3-36, ZONA 1, BARRIO LOS TRES REYES",VESPERTINA,DIARIO(REGULAR),CONSERVAR,Los códigos MINEDUC son distintos y representan registros administrativos independientes; no existe evidencia oficial para fusionarlos o eliminar uno.
125,12-13-0056-46,12-13-0090-46,El Tumbador,COLEGIO PARTICULAR MIXTO LA FAMILIA,COLEGIO PARTICULAR MIXTO LA FAMILIA,100.0,"4TA. CALLE 3-36, ZONA 1, BARRIO LOS TRES REYES",VESPERTINA,DIARIO(REGULAR),CONSERVAR,Los códigos MINEDUC son distintos y representan registros administrativos independientes; no existe evidencia oficial para fusionarlos o eliminar uno.
126,12-13-0071-46,12-13-0090-46,El Tumbador,COLEGIO PARTICULAR MIXTO LA FAMILIA,COLEGIO PARTICULAR MIXTO LA FAMILIA,100.0,"4TA. CALLE 3-36, ZONA 1, BARRIO LOS TRES REYES",VESPERTINA,DIARIO(REGULAR),CONSERVAR,Los códigos MINEDUC son distintos y representan registros administrativos independientes; no existe evidencia oficial para fusionarlos o eliminar uno.
127,12-13-0095-46,12-13-0100-46,El Tumbador,"COLEGIO PRIVADO MIXTO ""IMPERIAL""","COLEGIO PRIVADO MIXTO ""IMPERIAL2",98.36,CABECERA MUNICIPAL,VESPERTINA,DIARIO(REGULAR),CONSERVAR,Los códigos MINEDUC son distintos y representan registros administrativos independientes; no existe evidencia oficial para fusionarlos o eliminar uno.
128,12-13-0095-46,12-13-0109-46,El Tumbador,"COLEGIO PRIVADO MIXTO ""IMPERIAL""","COLEGIO PRIVADO MIXTO ""IMPERIAL""",100.0,CABECERA MUNICIPAL,VESPERTINA,DIARIO(REGULAR),CONSERVAR,Los códigos MINEDUC son distintos y representan registros administrativos independientes; no existe evidencia oficial para fusionarlos o eliminar uno.
129,12-13-0100-46,12-13-0109-46,El Tumbador,"COLEGIO PRIVADO MIXTO ""IMPERIAL2","COLEGIO PRIVADO MIXTO ""IMPERIAL""",98.36,CABECERA MUNICIPAL,VESPERTINA,DIARIO(REGULAR),CONSERVAR,Los códigos MINEDUC son distintos y representan registros administrativos independientes; no existe evidencia oficial para fusionarlos o eliminar uno.
130,12-13-0075-46,12-13-0076-46,El Tumbador,"LICEO PRIVADO MIXTO ""TUMBADORENSE""","LICEO PRIVADO MIXTO ""TUMBADORENSE""",100.0,COLONIA EL CARMEN,DOBLE,FIN DE SEMANA,CONSERVAR,Los códigos MINEDUC son distintos y representan registros administrativos independientes; no existe evidencia oficial para fusionarlos o eliminar uno.
131,05-01-0338-46,05-01-0410-46,Escuintla,CORPORACIÓN DEL LICEO EDUCATIVO TÉCNICO EVANGÉLICO SOCIEDAD ANÓNIMA,CORPORACIÓN DEL LICEO EDUCATIVO TÉCNICO EVANGÉLICO SOCIEDAD ANÓNIMA,100.0,1 AVE. 5-80 ZONA 4,MATUTINA,DIARIO(REGULAR),CONSERVAR,Los códigos MINEDUC son distintos y representan registros administrativos independientes; no existe evidencia oficial para fusionarlos o eliminar uno.
132,05-01-3021-46,05-01-3031-46,Escuintla,COLEGIO INTEGRAL HISPANOAMERICANO,COLEGIO INTEGRAL HISPANOAMERICANO,100.0,1A. AVENIDA 6-60 ZONA 4,DOBLE,FIN DE SEMANA,CONSERVAR,Los códigos MINEDUC son distintos y representan registros administrativos independientes; no existe evidencia oficial para fusionarlos o eliminar uno.
133,05-01-0360-46,05-01-0361-46,Escuintla,CENTRO EDUCATIVO CAMPUS SUR,"CENTRO EDUCATIVO ""CAMPUS SUR""",100.0,1A. AVENIDA CASA NO. 1 ZONA 4 COLONIA LA INDUSTRIA,MATUTINA,DIARIO(REGULAR),CONSERVAR,Los códigos MINEDUC son distintos y representan registros administrativos independientes; no existe evidencia oficial para fusionarlos o eliminar uno.
134,05-01-0429-46,05-01-0439-46,Escuintla,COLEGIO DE FORMACIÓN Y DESARROLLO CON COMPUTACIÓN RALIAN,COLEGIO DE FORMACIÓN Y DESARROLLO CON COMPUTACIÓN RALIAN,100.0,2A. CALLE A 3-50 ZONA 3 COLONIA EL RECREO,SIN JORNADA,SEMIPRESENCIAL (FIN DE SEMANA),CONSERVAR,Los códigos MINEDUC son distintos y representan registros administrativos independientes; no existe evidencia oficial para fusionarlos o eliminar uno.
135,05-01-0315-46,05-01-0317-46,Escuintla,"LICEO MIXTO EDUCATIVO DE FORMACIÓN INTEGRAL ""LIMEFI""","LICEO MIXTO EDUCATIVO DE FORMACIÓN INTEGRAL ""LIMEFI""",100.0,"3A. AVENIDA ""A"" 1-92 ZONA 1",DOBLE,FIN DE SEMANA,CONSERVAR,Los códigos MINEDUC son distintos y representan registros administrativos independientes; no existe evidencia oficial para fusionarlos o eliminar uno.
136,05-01-0457-46,05-01-0840-46,Escuintla,"INSTITUTO NACIONAL DE BACHILLERATO EN CIENCIAS Y LETRAS POR MADUREZ ""SALOMÓN ALVAREZ ANDRADE""","INSTITUTO NACIONAL DE BACHILLERATO EN CIENCIAS Y LETRAS POR MADUREZ ""SALOMON ALVAREZ ANDRADE""",100.0,4A AVENIDA 15-20 ZONA 4,NOCTURNA,DIARIO(REGULAR),CONSERVAR,Los códigos MINEDUC son distintos y representan registros administrativos independientes; no existe evidencia oficial para fusionarlos o eliminar uno.
137,05-01-0175-46,05-01-0364-46,Escuintla,INSTITUTO TECNICO DE CAPACITACION Y PRODUCTIVIDAD -INTECAP-,INSTITUTO TÉCNICO DE CAPACITACIÓN Y PRODUCTIVIDAD INTECAP,100.0,"4A. CALLE Y 16 AVENIDA ZONA 5 COLONIA ""HUNAPU""",DOBLE,DIARIO(REGULAR),CONSERVAR,Los códigos MINEDUC son distintos y representan registros administrativos independientes; no existe evidencia oficial para fusionarlos o eliminar uno.
138,05-01-2540-46,05-01-2541-46,Escuintla,LICEO ESPAÑOL AMERICANO,LICEO ESPAÑOL AMERICANO,100.0,5TA. CALLE 2-51 ZONA 1,DOBLE,FIN DE SEMANA,CONSERVAR,Los códigos MINEDUC son distintos y representan registros administrativos independientes; no existe evidencia oficial para fusionarlos o eliminar uno.
139,05-01-0309-46,05-01-0311-46,Escuintla,"LICEO PREUNIVERSITARIO ""CIENCIA Y TECNOLOGÍA""","LICEO PREUNIVERSITARIO ""CIENCIA Y TECNOLOGÍA""",100.0,6TA. AVE. 2-52 ZONA 1,DOBLE,FIN DE SEMANA,CONSERVAR,Los códigos MINEDUC son distintos y representan registros administrativos independientes; no existe evidencia oficial para fusionarlos o eliminar uno.
140,05-01-2812-46,05-01-2813-46,Escuintla,TECNOLOGICO MODERNO,TECNOLOGICO MODERNO,100.0,"CANTON PUENTE DE PALO, LOTE 34 EL CHUPADERO",DOBLE,FIN DE SEMANA,CONSERVAR,Los códigos MINEDUC son distintos y representan registros administrativos independientes; no existe evidencia oficial para fusionarlos o eliminar uno.
141,05-01-0259-46,05-01-0336-46,Escuintla,COLEGIO INTERNACIONAL FUTURE LEARNING CENTER FLC,COLEGIO INTERNACIONAL FUTURE LEARNING CENTER FLC,100.0,"KM. 60 LA FELICIDAD, SALIDA A PUERTO SAN JOSÉ",DOBLE,FIN DE SEMANA,CONSERVAR,Los códigos MINEDUC son distintos y representan registros administrativos independientes; no existe evidencia oficial para fusionarlos o eliminar uno.
142,20-07-0111-46,20-07-0114-46,Esquipulas,"COLEGIO DE EDUCACIÓN PARA ADULTOS ""SEMILLA DE VIDA""","COLEGIO DE EDUCACION PARA ADULTOS ""SEMILLA DE VIDA""",100.0,3A. CALLE 2-13 ZONA 2 BARRIO NUEVO,DOBLE,FIN DE SEMANA,CONSERVAR,Los códigos MINEDUC son distintos y representan registros administrativos independientes; no existe evidencia oficial para fusionarlos o eliminar uno.
143,17-01-0136-46,17-01-3949-46,Flores,INSTITUTO TECNOLÓGICO HOWARD W. HUNTER.,INSTITUTO TECNOLÓGICO HOWARD W. HUNTER,100.0,"0 CALLE 0-65 ZONA 1, CALZADA VIRGILIO RODRIGUEZ MACAL SANTA ELENA DE LA CRUZ",DOBLE,DIARIO(REGULAR),CONSERVAR,Los códigos MINEDUC son distintos y representan registros administrativos independientes; no existe evidencia oficial para fusionarlos o eliminar uno.
144,17-01-0081-46,17-01-0142-46,Flores,"COLEGIO DE EDUCACION MEDIA ""SAN ISIDRO""",COLEGIO DE EDUCACION MEDIA SAN ISIDRO,100.0,ALDEA IXLU,DOBLE,FIN DE SEMANA,CONSERVAR,Los códigos MINEDUC son distintos y representan registros administrativos independientes; no existe evidencia oficial para fusionarlos o eliminar uno.
145,17-01-0083-46,17-01-0133-46,Flores,"COLEGIO INTEGRADO DE EDUCACION PROFRESIONAL DE PETEN, CIEPP",COLEGIO INTEGRADO DE EDUCACION PROFESIONAL DE PETEN-CIEPP-,99.13,ALDEA IXLU,DOBLE,FIN DE SEMANA,CONSERVAR,Los códigos MINEDUC son distintos y representan registros administrativos independientes; no existe evidencia oficial para fusionarlos o eliminar uno.
146,17-01-0130-46,17-01-1119-46,Flores,INSTITUTO PARTICULAR MIXTO CIENCIA Y DESARROLLO.,INSTITUTO PARTICULAR MIXTO CIENCIA Y DESARROLLO,100.0,SANTA ELENA,DOBLE,FIN DE SEMANA,CONSERVAR,Los códigos MINEDUC son distintos y representan registros administrativos independientes; no existe evidencia oficial para fusionarlos o eliminar uno.
147,09-22-0025-46,09-22-0026-46,Flores Costa Cuca,INSTITUTO PRIVADO MIXTO PROFESIONAL EDUCACIÓN DEL FUTURO IPEF,INSTITUTO PRIVADO MIXTO PROFESIONAL EDUCACIÓN DEL FUTURO IPEF,100.0,CENTRO URBANO,DOBLE,FIN DE SEMANA,CONSERVAR,Los códigos MINEDUC son distintos y representan registros administrativos independientes; no existe evidencia oficial para fusionarlos o eliminar uno.
148,01-13-0041-46,01-13-0042-46,Fraijanes,COLEGIO CLUB SOCIAL Y DEPORTIVO MUNICIPAL,COLEGIO CLUB SOCIAL Y DEPORTIVO MUNICIPAL,100.0,1A. AVENIDA 2-150 ZONA 1,DOBLE,FIN DE SEMANA,CONSERVAR,Los códigos MINEDUC son distintos y representan registros administrativos independientes; no existe evidencia oficial para fusionarlos o eliminar uno.
149,01-13-0093-46,01-13-0094-46,Fraijanes,COLEGIO INTEGRAL MIXTO EN COMPUTACIÓN ESTUDIANTIL FRAIJANES,COLEGIO INTEGRAL MIXTO EN COMPUTACIÓN ESTUDIANTIL FRAIJANES,100.0,1RA.AVE.7-46 ZONA 2 GUATEMALA,DOBLE,FIN DE SEMANA,CONSERVAR,Los códigos MINEDUC son distintos y representan registros administrativos independientes; no existe evidencia oficial para fusionarlos o eliminar uno.
150,01-13-0093-46,01-13-0095-46,Fraijanes,COLEGIO INTEGRAL MIXTO EN COMPUTACIÓN ESTUDIANTIL FRAIJANES,COLEGIO INTEGRAL MIXTO EN COMPUTACIÓN ESTUDIANTIL FRAIJANES,100.0,1RA.AVE.7-46 ZONA 2 GUATEMALA,DOBLE,FIN DE SEMANA,CONSERVAR,Los códigos MINEDUC son distintos y representan registros administrativos independientes; no existe evidencia oficial para fusionarlos o eliminar uno.
151,01-13-0094-46,01-13-0095-46,Fraijanes,COLEGIO INTEGRAL MIXTO EN COMPUTACIÓN ESTUDIANTIL FRAIJANES,COLEGIO INTEGRAL MIXTO EN COMPUTACIÓN ESTUDIANTIL FRAIJANES,100.0,1RA.AVE.7-46 ZONA 2 GUATEMALA,DOBLE,FIN DE SEMANA,CONSERVAR,Los códigos MINEDUC son distintos y representan registros administrativos independientes; no existe evidencia oficial para fusionarlos o eliminar uno.
152,01-13-0131-46,01-13-0147-46,Fraijanes,CENTRO EDUCATIVO LOS VERDES,CENTRO EDUCATIVO LOS VERDES,100.0,2A. AVENIDA 2-65 ZONA 2 ALDEA LOS VERDES,MATUTINA,DIARIO(REGULAR),CONSERVAR,Los códigos MINEDUC son distintos y representan registros administrativos independientes; no existe evidencia oficial para fusionarlos o eliminar uno.
153,01-13-0036-46,01-13-0138-46,Fraijanes,LICEO MIXTO MONTE HOREB,LICEO MIXTO MONTE HOREB,100.0,2A. AVENIDA 9-75 ZONA 1,MATUTINA,DIARIO(REGULAR),CONSERVAR,Los códigos MINEDUC son distintos y representan registros administrativos independientes; no existe evidencia oficial para fusionarlos o eliminar uno.
154,01-13-0081-46,01-13-0139-46,Fraijanes,LICEO MIXTO MONTE HOREB,LICEO MIXTO MONTE HOREB,100.0,2A. AVENIDA 9-75 ZONA 1 ALDEA EL PAJÓN,DOBLE,FIN DE SEMANA,CONSERVAR,Los códigos MINEDUC son distintos y representan registros administrativos independientes; no existe evidencia oficial para fusionarlos o eliminar uno.
155,15-05-0045-46,15-05-2172-46,Granados,CENTRO DE ESTUDIOS MAGISTERIALES CEM,CENTRO DE ESTUDIOS MAGISTERIALES 'CEM',100.0,ALDEA POTRERO GRANDE,VESPERTINA,DIARIO(REGULAR),CONSERVAR,Los códigos MINEDUC son distintos y representan registros administrativos independientes; no existe evidencia oficial para fusionarlos o eliminar uno.
156,15-05-0041-46,15-05-0042-46,Granados,LICEO AMANECER EN VICTORIA,LICEO AMANECER EN VICTORIA,100.0,ALDEA SALTÁN,DOBLE,FIN DE SEMANA,CONSERVAR,Los códigos MINEDUC son distintos y representan registros administrativos independientes; no existe evidencia oficial para fusionarlos o eliminar uno.
157,02-01-0028-46,02-01-0252-46,Guastatoya,COLEGIO DE CIENCIAS COMERCIALES EL PROGRESO,COLEGIO DE CIENCIAS COMERCIALES EL PROGRESO,100.0,BARRIO EL PORVENIR,MATUTINA,DIARIO(REGULAR),CONSERVAR,Los códigos MINEDUC son distintos y representan registros administrativos independientes; no existe evidencia oficial para fusionarlos o eliminar uno.
158,00-01-0298-46,00-01-0299-46,Guatemala,"INSTITUTO MIXTO DE COMPUTACION ""LEONARDO DE PISA""","INSTITUTO MIXTO DE COMPUTACION ""LEONARDO DE PISA""",100.0,,MATUTINA,DIARIO(REGULAR),CONSERVAR,Los códigos MINEDUC son distintos y representan registros administrativos independientes; no existe evidencia oficial para fusionarlos o eliminar uno.
159,00-01-9197-46,00-01-9198-46,Guatemala,LICEO EN COMPUTACION 'DEL VALLE',LICEO EN COMPUTACION 'DEL VALLE',100.0,10 AV. 10-72,DOBLE,FIN DE SEMANA,CONSERVAR,Los códigos MINEDUC son distintos y representan registros administrativos independientes; no existe evidencia oficial para fusionarlos o eliminar uno.
160,00-01-0266-46,00-02-7035-46,Guatemala,LICEO DE COMPUTACION C.S.S.,LICEO DE COMPUTACION C.S.S.,100.0,10 AVENIDA 11-46,INTERMEDIA,DIARIO(REGULAR),CONSERVAR,Los códigos MINEDUC son distintos y representan registros administrativos independientes; no existe evidencia oficial para fusionarlos o eliminar uno.
161,00-01-0366-46,00-01-2908-46,Guatemala,"INSTITUTO PARTICULAR MIXTO ""CIENCIA Y DESARROLLO""","INSTITUTO PARTICULAR MIXTO ""CIENCIA Y DESARROLLO""",100.0,10 CALLE 3-15,DOBLE,FIN DE SEMANA,CONSERVAR,Los códigos MINEDUC son distintos y representan registros administrativos independientes; no existe evidencia oficial para fusionarlos o eliminar uno.
162,00-01-0605-46,00-01-7321-46,Guatemala,LICEO TÉCNICO CIENCIA Y DESARROLLO,LICEO TÉCNICO CIENCIA Y DESARROLLO,100.0,10 CALLE 3-15,MATUTINA,DIARIO(REGULAR),CONSERVAR,Los códigos MINEDUC son distintos y representan registros administrativos independientes; no existe evidencia oficial para fusionarlos o eliminar uno.
163,00-01-0666-46,00-01-0667-46,Guatemala,LICEO HISPANOAMERICANO NO. 4,LICEO HISPANOAMERICANO NO. 4,100.0,10A. AVENIDA 11-27,DOBLE,FIN DE SEMANA,CONSERVAR,Los códigos MINEDUC son distintos y representan registros administrativos independientes; no existe evidencia oficial para fusionarlos o eliminar uno.
164,00-01-0662-46,00-01-0663-46,Guatemala,LICEO HISPANOAMERICANO NO. 4,LICEO HISPANOAMERICANO NO. 4,100.0,10A. AVENIDA 11-27,MATUTINA,DIARIO(REGULAR),CONSERVAR,Los códigos MINEDUC son distintos y representan registros administrativos independientes; no existe evidencia oficial para fusionarlos o eliminar uno.
165,00-01-0662-46,00-01-0664-46,Guatemala,LICEO HISPANOAMERICANO NO. 4,LICEO HISPANOAMERICANO NO. 4,100.0,10A. AVENIDA 11-27,MATUTINA,DIARIO(REGULAR),CONSERVAR,Los códigos MINEDUC son distintos y representan registros administrativos independientes; no existe evidencia oficial para fusionarlos o eliminar uno.
166,00-01-0663-46,00-01-0664-46,Guatemala,LICEO HISPANOAMERICANO NO. 4,LICEO HISPANOAMERICANO NO. 4,100.0,10A. AVENIDA 11-27,MATUTINA,DIARIO(REGULAR),CONSERVAR,Los códigos MINEDUC son distintos y representan registros administrativos independientes; no existe evidencia oficial para fusionarlos o eliminar uno.
167,00-01-0860-46,00-01-2469-46,Guatemala,ESCUELA NACIONAL CENTRAL DE CIENCIAS COMERCIALES,ESCUELA NACIONAL CENTRAL DE CIENCIAS COMERCIALES,100.0,10A. AVENIDA 9-42,VESPERTINA,DIARIO(REGULAR),CONSERVAR,Los códigos MINEDUC son distintos y representan registros administrativos independientes; no existe evidencia oficial para fusionarlos o eliminar uno.
168,00-01-0225-46,00-01-0706-46,Guatemala,COLEGIO COMERCIAL GUATEMALTECO,COLEGIO COMERCIAL GUATEMALTECO,100.0,10A CALLE 11-44,MATUTINA,DIARIO(REGULAR),CONSERVAR,Los códigos MINEDUC son distintos y representan registros administrativos independientes; no existe evidencia oficial para fusionarlos o eliminar uno.
169,00-01-0248-46,00-01-0541-46,Guatemala,COLEGIO EL CAMINO,COLEGIO EL CAMINO,100.0,10A CALLE 11-46,MATUTINA,DIARIO(REGULAR),CONSERVAR,Los códigos MINEDUC son distintos y representan registros administrativos independientes; no existe evidencia oficial para fusionarlos o eliminar uno.
170,00-02-0118-46,00-02-8257-46,Guatemala,INSTITUTO GUATEMALTECO DE EDUCACIÓN RADIOFÓNICA IGER,INSTITUTO GUATEMALTECO DE EDUCACIÓN RADIOFÓNICA IGER,100.0,"11 AVENIDA 18-45, CIUDAD NUEVA",MATUTINA,A DISTANCIA,CONSERVAR,Los códigos MINEDUC son distintos y representan registros administrativos independientes; no existe evidencia oficial para fusionarlos o eliminar uno.
171,00-01-9615-46,00-01-9616-46,Guatemala,LICEO DE COMPUTACION SIGLO 21 NO.2,LICEO DE COMPUTACION SIGLO 21 NO.2,100.0,11 AVENIDA 9-53,MATUTINA,FIN DE SEMANA,CONSERVAR,Los códigos MINEDUC son distintos y representan registros administrativos independientes; no existe evidencia oficial para fusionarlos o eliminar uno.
172,00-01-7912-46,00-01-8938-46,Guatemala,LICEO CANADIENSE,LICEO CANADIENSE,100.0,11 CALLE 1-53,DOBLE,FIN DE SEMANA,CONSERVAR,Los códigos MINEDUC son distintos y representan registros administrativos independientes; no existe evidencia oficial para fusionarlos o eliminar uno.
173,00-01-9598-46,00-01-9599-46,Guatemala,LICEO ADMINISTRATIVO MAYA,LICEO ADMINISTRATIVO MAYA,100.0,11 CALLE 2-54,DOBLE,FIN DE SEMANA,CONSERVAR,Los códigos MINEDUC son distintos y representan registros administrativos independientes; no existe evidencia oficial para fusionarlos o eliminar uno.
174,00-01-0402-46,00-01-0564-46,Guatemala,INSTITUTO GUILLERMO PUTZEYS ALVAREZ,INSTITUTO GUILLERMO PUTZEYS ÁLVAREZ,100.0,11 CALLE 3-59,DOBLE,DIARIO(REGULAR),CONSERVAR,Los códigos MINEDUC son distintos y representan registros administrativos independientes; no existe evidencia oficial para fusionarlos o eliminar uno.
175,00-01-0534-46,00-01-0688-46,Guatemala,INSTITUTO GUILLERMO PUTZEYS ÁLVAREZ,INSTITUTO GUILLERMO PUTZEYS ÁLVAREZ,100.0,11 CALLE 3-59,DOBLE,FIN DE SEMANA,CONSERVAR,Los códigos MINEDUC son distintos y representan registros administrativos independientes; no existe evidencia oficial para fusionarlos o eliminar uno.
176,00-01-0534-46,00-01-2385-46,Guatemala,INSTITUTO GUILLERMO PUTZEYS ÁLVAREZ,INSTITUTO GUILLERMO PUTZEYS ÁLVAREZ,100.0,11 CALLE 3-59,DOBLE,FIN DE SEMANA,CONSERVAR,Los códigos MINEDUC son distintos y representan registros administrativos independientes; no existe evidencia oficial para fusionarlos o eliminar uno.
177,00-01-0534-46,00-01-9773-46,Guatemala,INSTITUTO GUILLERMO PUTZEYS ÁLVAREZ,INSTITUTO GUILLERMO PUTZEYS ÁLVAREZ,100.0,11 CALLE 3-59,DOBLE,FIN DE SEMANA,CONSERVAR,Los códigos MINEDUC son distintos y representan registros administrativos independientes; no existe evidencia oficial para fusionarlos o eliminar uno.
178,00-01-0688-46,00-01-2385-46,Guatemala,INSTITUTO GUILLERMO PUTZEYS ÁLVAREZ,INSTITUTO GUILLERMO PUTZEYS ÁLVAREZ,100.0,11 CALLE 3-59,DOBLE,FIN DE SEMANA,CONSERVAR,Los códigos MINEDUC son distintos y representan registros administrativos independientes; no existe evidencia oficial para fusionarlos o eliminar uno.
179,00-01-0688-46,00-01-9773-46,Guatemala,INSTITUTO GUILLERMO PUTZEYS ÁLVAREZ,INSTITUTO GUILLERMO PUTZEYS ÁLVAREZ,100.0,11 CALLE 3-59,DOBLE,FIN DE SEMANA,CONSERVAR,Los códigos MINEDUC son distintos y representan registros administrativos independientes; no existe evidencia oficial para fusionarlos o eliminar uno.
180,00-01-2385-46,00-01-9773-46,Guatemala,INSTITUTO GUILLERMO PUTZEYS ÁLVAREZ,INSTITUTO GUILLERMO PUTZEYS ÁLVAREZ,100.0,11 CALLE 3-59,DOBLE,FIN DE SEMANA,CONSERVAR,Los códigos MINEDUC son distintos y representan registros administrativos independientes; no existe evidencia oficial para fusionarlos o eliminar uno.
181,00-01-0638-46,00-01-0724-46,Guatemala,INSTITUTO GUILLERMO PUTZEYS ÁLVAREZ,INSTITUTO GUILLERMO PUTZEYS ÁLVAREZ,100.0,11 CALLE 3-59,DOBLE,A DISTANCIA,CONSERVAR,Los códigos MINEDUC son distintos y representan registros administrativos independientes; no existe evidencia oficial para fusionarlos o eliminar uno.
182,00-01-0844-46,00-01-2461-46,Guatemala,INSTITUTO GUILLERMO PUTZEYS ÁLVAREZ,INSTITUTO GUILLERMO PUTZEYS ÁLVAREZ,100.0,11 CALLE 3-59,MATUTINA,DIARIO(REGULAR),CONSERVAR,Los códigos MINEDUC son distintos y representan registros administrativos independientes; no existe evidencia oficial para fusionarlos o eliminar uno.
183,00-01-0542-46,00-01-9452-46,Guatemala,LICEO DE COMPUTACIÓN C.S.S.,LICEO DE COMPUTACION C.S.S.,100.0,11 CALLE 9-62,DOBLE,FIN DE SEMANA,CONSERVAR,Los códigos MINEDUC son distintos y representan registros administrativos independientes; no existe evidencia oficial para fusionarlos o eliminar uno.
184,00-01-9045-46,00-01-9047-46,Guatemala,INSTITUTO TECNOLOGICO DIGITALES COMERCIALES II,INSTITUTO TECNOLOGICO DIGITALES COMERCIALES II,100.0,12 AVENIDA 13-25,DOBLE,FIN DE SEMANA,CONSERVAR,Los códigos MINEDUC son distintos y representan registros administrativos independientes; no existe evidencia oficial para fusionarlos o eliminar uno.
185,00-01-9037-46,00-01-9622-46,Guatemala,LICEO DE COMPUTACION SIGLO 21,LICEO DE COMPUTACION SIGLO 21,100.0,12 AVENIDA. 13-67,MATUTINA,FIN DE SEMANA,CONSERVAR,Los códigos MINEDUC son distintos y representan registros administrativos independientes; no existe evidencia oficial para fusionarlos o eliminar uno.
186,00-01-0376-46,00-01-0377-46,Guatemala,LICEO TECNICO INTEGRAL SANTA TERESA DE JESUS,LICEO TECNICO INTEGRAL SANTA TERESA DE JESUS,100.0,12 CALLE 10-37,DOBLE,FIN DE SEMANA,CONSERVAR,Los códigos MINEDUC son distintos y representan registros administrativos independientes; no existe evidencia oficial para fusionarlos o eliminar uno.
187,00-01-0353-46,00-01-0582-46,Guatemala,LICEO TECNICO INTEGRAL SANTA TERESA DE JESUS,LICEO TÉCNICO INTEGRAL SANTA TERESA DE JESÚS,100.0,12 CALLE 10-37,MATUTINA,DIARIO(REGULAR),CONSERVAR,Los códigos MINEDUC son distintos y representan registros administrativos independientes; no existe evidencia oficial para fusionarlos o eliminar uno.
188,00-01-8971-46,00-01-9563-46,Guatemala,LICEO JUAN MANTOVANI,LICEO JUAN MANTOVANI,100.0,12 CALLE 2-45,DOBLE,FIN DE SEMANA,CONSERVAR,Los códigos MINEDUC son distintos y representan registros administrativos independientes; no existe evidencia oficial para fusionarlos o eliminar uno.
189,00-01-0593-46,00-01-8030-46,Guatemala,COLEGIO BILINGÜE ESPECIALIZADO EN COMPUTACIÓN YULIMAY´PC,COLEGIO BILINGÜE ESPECIALIZADO EN COMPUTACIÓN YULIMAY´PC,100.0,12 CALLE 4-17,MATUTINA,DIARIO(REGULAR),CONSERVAR,Los códigos MINEDUC son distintos y representan registros administrativos independientes; no existe evidencia oficial para fusionarlos o eliminar uno.
190,00-01-8665-46,00-01-8671-46,Guatemala,COLEGIO TECNICO INTEGRADO,COLEGIO TECNICO INTEGRADO,100.0,12 CALLE 9-47,DOBLE,DIARIO(REGULAR),CONSERVAR,Los códigos MINEDUC son distintos y representan registros administrativos independientes; no existe evidencia oficial para fusionarlos o eliminar uno.
191,00-01-8669-46,00-01-8670-46,Guatemala,COLEGIO TECNICO INTEGRADO,COLEGIO TECNICO INTEGRADO,100.0,12 CALLE 9-47,DOBLE,FIN DE SEMANA,CONSERVAR,Los códigos MINEDUC son distintos y representan registros administrativos independientes; no existe evidencia oficial para fusionarlos o eliminar uno.
192,00-19-8026-46,00-19-8892-46,Guatemala,ESCUELA SUPERIOR DE INFORMATICA,ESCUELA SUPERIOR DE INFORMATICA,100.0,"13 AV. 1-63, COLONIA LA FLORIDA",DOBLE,FIN DE SEMANA,CONSERVAR,Los códigos MINEDUC son distintos y representan registros administrativos independientes; no existe evidencia oficial para fusionarlos o eliminar uno.
193,00-07-0172-46,00-07-0188-46,Guatemala,LICEO CRISTIANO VERDAD L.C.V.,LICEO CRISTIANO VERDAD L.C.V.,100.0,13 AVENIDA 04-03 COLONIA QUINTA SAMAYOA,DOBLE,FIN DE SEMANA,CONSERVAR,Los códigos MINEDUC son distintos y representan registros administrativos independientes; no existe evidencia oficial para fusionarlos o eliminar uno.
194,00-01-0388-46,00-01-0390-46,Guatemala,COLEGIO DE INNOVACIÓN TECNOLÓGICA EDUCATIVA (C.I.T.E.),COLEGIO DE INNOVACIÓN TECNOLÓGICA EDUCATIVA (C.I.T.E.),100.0,13 CALLE 3-23,DOBLE,FIN DE SEMANA,CONSERVAR,Los códigos MINEDUC son distintos y representan registros administrativos independientes; no existe evidencia oficial para fusionarlos o eliminar uno.
195,00-01-0692-46,00-01-9836-46,Guatemala,LICEO DE COMPUTACIÓN SIGLO 21 NO. 3,LICEO DE COMPUTACION SIGLO 21 NO.3,100.0,13 CALLE 9-60,DOBLE,DIARIO(REGULAR),CONSERVAR,Los códigos MINEDUC son distintos y representan registros administrativos independientes; no existe evidencia oficial para fusionarlos o eliminar uno.
196,00-01-0856-46,00-01-7080-46,Guatemala,LICEO DE COMPUTACIÓN SIGLO 21 NO. 3,LICEO DE COMPUTACION 'SIGLO 21' NO.3,100.0,13 CALLE 9-60,MATUTINA,DIARIO(REGULAR),CONSERVAR,Los códigos MINEDUC son distintos y representan registros administrativos independientes; no existe evidencia oficial para fusionarlos o eliminar uno.
197,00-01-2905-46,00-01-4388-46,Guatemala,CENTRO DE COMPUTACION IMB-PC,CENTRO DE COMPUTACION IMB-PC,100.0,14 CALLE 2-04 Y 13 CALLE 2-08,MATUTINA,DIARIO(REGULAR),CONSERVAR,Los códigos MINEDUC son distintos y representan registros administrativos independientes; no existe evidencia oficial para fusionarlos o eliminar uno.
198,00-01-0677-46,00-01-0685-46,Guatemala,COLEGIO CATÓLICO SAN LUCAS,COLEGIO CATÓLICO SAN LUCAS,100.0,14 CALLE 6-82,DOBLE,FIN DE SEMANA,CONSERVAR,Los códigos MINEDUC son distintos y representan registros administrativos independientes; no existe evidencia oficial para fusionarlos o eliminar uno.
199,00-06-0064-46,00-06-0065-46,Guatemala,COLEGIO CLÁSICO GUATEMALTECO,COLEGIO CLÁSICO GUATEMALTECO,100.0,15 AVENIDA 07-61,DOBLE,FIN DE SEMANA,CONSERVAR,Los códigos MINEDUC son distintos y representan registros administrativos independientes; no existe evidencia oficial para fusionarlos o eliminar uno.
200,00-11-0011-46,00-11-9843-46,Guatemala,LICEO TECNICO VOCACIONAL GALILEI,LICEO TECNICO VOCACIONAL GALILEI,100.0,15 AVENIDA 12-93,MATUTINA,DIARIO(REGULAR),CONSERVAR,Los códigos MINEDUC son distintos y representan registros administrativos independientes; no existe evidencia oficial para fusionarlos o eliminar uno.
201,00-06-0050-46,00-06-0051-46,Guatemala,"COLEGIO PRIVADO ""TERESA DE AVILA""","COLEGIO PRIVADO ""TERESA DE AVILA""",100.0,15 AVENIDA 5-45,MATUTINA,DIARIO(REGULAR),CONSERVAR,Los códigos MINEDUC son distintos y representan registros administrativos independientes; no existe evidencia oficial para fusionarlos o eliminar uno.
202,00-06-0042-46,00-06-0099-46,Guatemala,LICEO TECNOLÓGICO GUATEMALTECO,LICEO TECNOLÓGICO GUATEMALTECO,100.0,"15 AVENIDA ""B"" 10-23",MATUTINA,DIARIO(REGULAR),CONSERVAR,Los códigos MINEDUC son distintos y representan registros administrativos independientes; no existe evidencia oficial para fusionarlos o eliminar uno.
203,00-06-0045-46,00-06-0046-46,Guatemala,LICEO TECNÓLOGICO GUATEMALTECO,LICEO TECNÓLOGICO GUATEMALTECO,100.0,"15 AVENIDA ""B"" 10-23",MATUTINA,FIN DE SEMANA,CONSERVAR,Los códigos MINEDUC son distintos y representan registros administrativos independientes; no existe evidencia oficial para fusionarlos o eliminar uno.
204,00-01-0407-46,00-01-0409-46,Guatemala,LICEO METROPOLITANO EN COMPUTACION III,LICEO METROPOLITANO EN COMPUTACION III,100.0,15 CALLE 3-29,DOBLE,FIN DE SEMANA,CONSERVAR,Los códigos MINEDUC son distintos y representan registros administrativos independientes; no existe evidencia oficial para fusionarlos o eliminar uno.
205,00-01-0644-46,00-01-0645-46,Guatemala,LICEO TECNOLOGICO MAYA DE GUATEMALA III,LICEO TECNOLOGICO MAYA DE GUATEMALA III,100.0,15 CALLE 3-29,DOBLE,FIN DE SEMANA,CONSERVAR,Los códigos MINEDUC son distintos y representan registros administrativos independientes; no existe evidencia oficial para fusionarlos o eliminar uno.
206,00-17-0038-46,00-17-9738-46,Guatemala,LICEO CRISTIANO ROCA DE AYUDA,LICEO CRISTIANO ROCA DE AYUDA,100.0,"1A. CALLE 1-40, SABANA ARRIBA",MATUTINA,DIARIO(REGULAR),CONSERVAR,Los códigos MINEDUC son distintos y representan registros administrativos independientes; no existe evidencia oficial para fusionarlos o eliminar uno.
207,00-06-0007-46,00-06-0008-46,Guatemala,LICEO DE CIENCIAS TECNICAS,LICEO DE CIENCIAS TECNICAS,100.0,1A. CALLE 13-59,DOBLE,FIN DE SEMANA,CONSERVAR,Los códigos MINEDUC son distintos y representan registros administrativos independientes; no existe evidencia oficial para fusionarlos o eliminar uno.
208,00-06-4201-46,00-06-7045-46,Guatemala,LICEO DE CIENCIAS TECNICAS,LICEO DE CIENCIAS TECNICAS,100.0,1A. CALLE 13-59,VESPERTINA,DIARIO(REGULAR),CONSERVAR,Los códigos MINEDUC son distintos y representan registros administrativos independientes; no existe evidencia oficial para fusionarlos o eliminar uno.
209,00-01-9816-46,00-01-9817-46,Guatemala,CENTRO HUMANISTA DE ESTUDIOS TECNOLOGICOS ABRAHAM MASLOW,CENTRO HUMANISTA DE ESTUDIOS TECNOLOGICOS ABRAHAM MASLOW,100.0,"1A. CALLE C 20-32, COLONIA LAS VICTORIAS",DOBLE,FIN DE SEMANA,CONSERVAR,Los códigos MINEDUC son distintos y representan registros administrativos independientes; no existe evidencia oficial para fusionarlos o eliminar uno.
210,00-03-9228-46,00-03-9268-46,Guatemala,CENTRO EDUCATIVO TECNOLOGICO EMILIANO,CENTRO EDUCATIVO TECNOLOGICO EMILIANO,100.0,25 CALLE 1-49,DOBLE,FIN DE SEMANA,CONSERVAR,Los códigos MINEDUC son distintos y representan registros administrativos independientes; no existe evidencia oficial para fusionarlos o eliminar uno.
211,00-14-8729-46,00-14-8730-46,Guatemala,LICEO CRISTIANO 'LA SABIDURIA',LICEO CRISTIANO 'LA SABIDURIA',100.0,26 AV. 10-10,MATUTINA,FIN DE SEMANA,CONSERVAR,Los códigos MINEDUC son distintos y representan registros administrativos independientes; no existe evidencia oficial para fusionarlos o eliminar uno.
212,00-25-0005-46,00-25-0007-46,Guatemala,COLEGIO MIXTO ABC II,COLEGIO MIXTO ABC II,100.0,"26 AVENIDA 91-82 ""A"", COLONIA SANTA LUCIA LOS OCOTES",DOBLE,FIN DE SEMANA,CONSERVAR,Los códigos MINEDUC son distintos y representan registros administrativos independientes; no existe evidencia oficial para fusionarlos o eliminar uno.
213,00-18-0070-46,00-18-0077-46,Guatemala,CENTRO EDUCATIVO INMACULADA CONCEPCION,CENTRO EDUCATIVO INMACULADA CONCEPCION,100.0,27 AVENIDA 31-39 LAS TAPIAS,DOBLE,FIN DE SEMANA,CONSERVAR,Los códigos MINEDUC son distintos y representan registros administrativos independientes; no existe evidencia oficial para fusionarlos o eliminar uno.
214,00-12-0168-46,00-12-0169-46,Guatemala,"INED INSTITUTO NACIONAL DE EDUCACIÓN DIVERSIFICADA, METROPOLITANO DEL SUR NO.2","INED INSTITUTO NACIONAL DE EDUCACIÓN DIVERSIFICADA, METROPOLITANO DEL SUR NO.2",100.0,29 AVE 18-18 ZONA 12 COLOCNIA MILLES ROCK,MATUTINA,DIARIO(REGULAR),CONSERVAR,Los códigos MINEDUC son distintos y representan registros administrativos independientes; no existe evidencia oficial para fusionarlos o eliminar uno.
215,00-01-8812-46,00-01-8813-46,Guatemala,COLEGIO KEPLER,COLEGIO KEPLER,100.0,2A. AV. 15-25,MATUTINA,FIN DE SEMANA,CONSERVAR,Los códigos MINEDUC son distintos y representan registros administrativos independientes; no existe evidencia oficial para fusionarlos o eliminar uno.
216,00-01-0581-46,00-01-4336-46,Guatemala,LICEO SAN ANTONIO,LICEO SAN ANTONIO,100.0,2A. AVENIDA 2-13,MATUTINA,DIARIO(REGULAR),CONSERVAR,Los códigos MINEDUC son distintos y representan registros administrativos independientes; no existe evidencia oficial para fusionarlos o eliminar uno.
217,00-01-7329-46,00-01-9359-46,Guatemala,CENTRO PROFESIONAL DE ESTUDIOS DE COMPUTACION,CENTRO PROFESIONAL DE ESTUDIOS DE COMPUTACION,100.0,2A. CALLE 10-77,DOBLE,FIN DE SEMANA,CONSERVAR,Los códigos MINEDUC son distintos y representan registros administrativos independientes; no existe evidencia oficial para fusionarlos o eliminar uno.
218,00-01-7188-46,00-01-7378-46,Guatemala,CENTRO PROFESIONAL DE ESTUDIOS EN COMPUTACION,CENTRO PROFESIONAL DE ESTUDIOS DE COMPUTACION,97.78,2A. CALLE 10-77,MATUTINA,DIARIO(REGULAR),CONSERVAR,Los códigos MINEDUC son distintos y representan registros administrativos independientes; no existe evidencia oficial para fusionarlos o eliminar uno.
219,00-01-0238-46,00-01-0608-46,Guatemala,INSTITUTO TECNOLÓGICO DE COMPUTACION I.T.C.,INSTITUTO TECNOLÓGICO DE COMPUTACIÓN I.T.C.,100.0,2A CALLE 11-65,MATUTINA,DIARIO(REGULAR),CONSERVAR,Los códigos MINEDUC son distintos y representan registros administrativos independientes; no existe evidencia oficial para fusionarlos o eliminar uno.
220,00-01-0238-46,00-01-0882-46,Guatemala,INSTITUTO TECNOLÓGICO DE COMPUTACION I.T.C.,INSTITUTO TECNOLÓGICO DE COMPUTACIÓN I.T.C.,100.0,2A CALLE 11-65,MATUTINA,DIARIO(REGULAR),CONSERVAR,Los códigos MINEDUC son distintos y representan registros administrativos independientes; no existe evidencia oficial para fusionarlos o eliminar uno.
221,00-01-0608-46,00-01-0882-46,Guatemala,INSTITUTO TECNOLÓGICO DE COMPUTACIÓN I.T.C.,INSTITUTO TECNOLÓGICO DE COMPUTACIÓN I.T.C.,100.0,2A. CALLE 11-65,MATUTINA,DIARIO(REGULAR),CONSERVAR,Los códigos MINEDUC son distintos y representan registros administrativos independientes; no existe evidencia oficial para fusionarlos o eliminar uno.
222,00-01-0175-46,00-01-0671-46,Guatemala,ESCUELA NORMAL PARA MAESTROS DE EDUCACION MUSICAL JESUS MARIA ALVARADO,"ESCUELA NORMAL PARA MAESTROS DE EDUCACIÓN MUSICAL ""JESUS MARÍA ALVARADO""",100.0,2A. CALLE 4-04,MATUTINA,DIARIO(REGULAR),CONSERVAR,Los códigos MINEDUC son distintos y representan registros administrativos independientes; no existe evidencia oficial para fusionarlos o eliminar uno.
223,00-01-0322-46,00-01-0323-46,Guatemala,LICEO HISPANOAMERICANO NO. 2,LICEO HISPANOAMERICANO NO. 2,100.0,2A. CALLE 7-11,DOBLE,FIN DE SEMANA,CONSERVAR,Los códigos MINEDUC son distintos y representan registros administrativos independientes; no existe evidencia oficial para fusionarlos o eliminar uno.
224,00-01-0318-46,00-01-0595-46,Guatemala,LICEO HISPANOAMERICANO NO. 2,LICEO HISPANOAMERICANO NO. 2,100.0,2A. CALLE 7-11,MATUTINA,DIARIO(REGULAR),CONSERVAR,Los códigos MINEDUC son distintos y representan registros administrativos independientes; no existe evidencia oficial para fusionarlos o eliminar uno.
225,00-06-9629-46,00-06-9630-46,Guatemala,LICEO FRONESIS,LICEO FRONESIS,100.0,2A. CALLE 'A' 19-27,DOBLE,FIN DE SEMANA,CONSERVAR,Los códigos MINEDUC son distintos y representan registros administrativos independientes; no existe evidencia oficial para fusionarlos o eliminar uno.
226,00-06-9564-46,00-06-9607-46,Guatemala,LICEO NAVARRA SOCIEDAD ANONIMA,LICEO NAVARRA SOCIEDAD ANONIMA,100.0,"2A. CALLE LOTE 46, COLONIA SANTA ISABEL",DOBLE,FIN DE SEMANA,CONSERVAR,Los códigos MINEDUC son distintos y representan registros administrativos independientes; no existe evidencia oficial para fusionarlos o eliminar uno.
227,00-07-0207-46,00-07-0210-46,Guatemala,LICEO MIXTO EN COMPUTACIÓN ROTTERDAM,LICEO MIXTO EN COMPUTACIÓN ROTTERDAM,100.0,"31 AVENIDA14-12 ZONA 7, CIUDAD DE PLATA II",SIN JORNADA,SEMIPRESENCIAL (DOS DÍAS A LA SEMANA),CONSERVAR,Los códigos MINEDUC son distintos y representan registros administrativos independientes; no existe evidencia oficial para fusionarlos o eliminar uno.
228,00-18-0154-46,00-18-0155-46,Guatemala,LICEO CUMORAH PINOS,LICEO CUMORAH PINOS,100.0,"31 CALLE B 28-97, ALDEA LAS TAPIAS",MATUTINA,DIARIO(REGULAR),CONSERVAR,Los códigos MINEDUC son distintos y representan registros administrativos independientes; no existe evidencia oficial para fusionarlos o eliminar uno.
229,00-18-0154-46,00-18-0156-46,Guatemala,LICEO CUMORAH PINOS,LICEO CUMORAH PINOS,100.0,"31 CALLE B 28-97, ALDEA LAS TAPIAS",MATUTINA,DIARIO(REGULAR),CONSERVAR,Los códigos MINEDUC son distintos y representan registros administrativos independientes; no existe evidencia oficial para fusionarlos o eliminar uno.
230,00-18-0154-46,00-18-0161-46,Guatemala,LICEO CUMORAH PINOS,LICEO CUMORAH PINOS,100.0,"31 CALLE B 28-97, ALDEA LAS TAPIAS",MATUTINA,DIARIO(REGULAR),CONSERVAR,Los códigos MINEDUC son distintos y representan registros administrativos independientes; no existe evidencia oficial para fusionarlos o eliminar uno.
231,00-18-0154-46,00-18-0220-46,Guatemala,LICEO CUMORAH PINOS,LICEO CUMORAH PINOS,100.0,"31 CALLE B 28-97, ALDEA LAS TAPIAS",MATUTINA,DIARIO(REGULAR),CONSERVAR,Los códigos MINEDUC son distintos y representan registros administrativos independientes; no existe evidencia oficial para fusionarlos o eliminar uno.
232,00-18-0155-46,00-18-0156-46,Guatemala,LICEO CUMORAH PINOS,LICEO CUMORAH PINOS,100.0,"31 CALLE B 28-97, ALDEA LAS TAPIAS",MATUTINA,DIARIO(REGULAR),CONSERVAR,Los códigos MINEDUC son distintos y representan registros administrativos independientes; no existe evidencia oficial para fusionarlos o eliminar uno.
233,00-18-0155-46,00-18-0161-46,Guatemala,LICEO CUMORAH PINOS,LICEO CUMORAH PINOS,100.0,"31 CALLE B 28-97, ALDEA LAS TAPIAS",MATUTINA,DIARIO(REGULAR),CONSERVAR,Los códigos MINEDUC son distintos y representan registros administrativos independientes; no existe evidencia oficial para fusionarlos o eliminar uno.
234,00-18-0155-46,00-18-0220-46,Guatemala,LICEO CUMORAH PINOS,LICEO CUMORAH PINOS,100.0,"31 CALLE B 28-97, ALDEA LAS TAPIAS",MATUTINA,DIARIO(REGULAR),CONSERVAR,Los códigos MINEDUC son distintos y representan registros administrativos independientes; no existe evidencia oficial para fusionarlos o eliminar uno.
235,00-18-0156-46,00-18-0161-46,Guatemala,LICEO CUMORAH PINOS,LICEO CUMORAH PINOS,100.0,"31 CALLE B 28-97, ALDEA LAS TAPIAS",MATUTINA,DIARIO(REGULAR),CONSERVAR,Los códigos MINEDUC son distintos y representan registros administrativos independientes; no existe evidencia oficial para fusionarlos o eliminar uno.
236,00-18-0156-46,00-18-0220-46,Guatemala,LICEO CUMORAH PINOS,LICEO CUMORAH PINOS,100.0,"31 CALLE B 28-97, ALDEA LAS TAPIAS",MATUTINA,DIARIO(REGULAR),CONSERVAR,Los códigos MINEDUC son distintos y representan registros administrativos independientes; no existe evidencia oficial para fusionarlos o eliminar uno.
237,00-18-0161-46,00-18-0220-46,Guatemala,LICEO CUMORAH PINOS,LICEO CUMORAH PINOS,100.0,"31 CALLE B 28-97, ALDEA LAS TAPIAS",MATUTINA,DIARIO(REGULAR),CONSERVAR,Los códigos MINEDUC son distintos y representan registros administrativos independientes; no existe evidencia oficial para fusionarlos o eliminar uno.
238,00-11-0016-46,00-11-0017-46,Guatemala,"CENTRO ESPECIALIZADO DE FORMACION PARA ADULTOS, CEFA","CENTRO ESPECIALIZADO DE FORMACION PARA ADULTOS, CEFA",100.0,"35 AVENIDA, 0-45, COLONIA TOLEDO",DOBLE,FIN DE SEMANA,CONSERVAR,Los códigos MINEDUC son distintos y representan registros administrativos independientes; no existe evidencia oficial para fusionarlos o eliminar uno.
239,00-11-0019-46,00-11-0036-46,Guatemala,COLEGIO PANAMERICANO NO. 6,COLEGIO PANAMERICANO NO. 6,100.0,"35 AVENIDA 0-45, PLAZA HELVETIA",MATUTINA,DIARIO(REGULAR),CONSERVAR,Los códigos MINEDUC son distintos y representan registros administrativos independientes; no existe evidencia oficial para fusionarlos o eliminar uno.
240,00-11-0071-46,00-11-0076-46,Guatemala,COLEGIO PANAMERICANO NO. 6,COLEGIO PANAMERICANO NO. 6,100.0,"35A. AVENIDA 0-45, PLAZA HELVETIA",MATUTINA,VIRTUAL A DISTANCIA,CONSERVAR,Los códigos MINEDUC son distintos y representan registros administrativos independientes; no existe evidencia oficial para fusionarlos o eliminar uno.
241,00-07-9748-46,00-07-9749-46,Guatemala,COLEGIO PANAMERICANO NO. 4,COLEGIO PANAMERICANO NO. 4,100.0,37 AVENIDA 3-88 ZONA 7 GUATEMALA,DOBLE,FIN DE SEMANA,CONSERVAR,Los códigos MINEDUC son distintos y representan registros administrativos independientes; no existe evidencia oficial para fusionarlos o eliminar uno.
242,00-07-0133-46,00-07-8440-46,Guatemala,COLEGIO PANAMERICANO NO. 4,COLEGIO PANAMERICANO NO. 4,100.0,37 AVENIDA 3-88 ZONA 7 GUATEMALA,MATUTINA,DIARIO(REGULAR),CONSERVAR,Los códigos MINEDUC son distintos y representan registros administrativos independientes; no existe evidencia oficial para fusionarlos o eliminar uno.
243,00-12-9100-46,00-12-9101-46,Guatemala,LICEO MIXTO EVANGELICO DE ORDEN DIVINO,LICEO MIXTO EVANGELICO DE ORDEN DIVINO,100.0,3A. AV. 25-18 COLONIA VILLA LOBOS I,DOBLE,FIN DE SEMANA,CONSERVAR,Los códigos MINEDUC son distintos y representan registros administrativos independientes; no existe evidencia oficial para fusionarlos o eliminar uno.
244,00-01-0520-46,00-01-0521-46,Guatemala,"""LICEO MONTE SINAÍ""","""LICEO MONTE SINAÍ""",100.0,3A. AVE. 7-34,MATUTINA,FIN DE SEMANA,CONSERVAR,Los códigos MINEDUC son distintos y representan registros administrativos independientes; no existe evidencia oficial para fusionarlos o eliminar uno.
245,00-01-0482-46,00-01-9116-46,Guatemala,CENTRO EDUCATIVO MIXTO MONTENEVADO,CENTRO EDUCATIVO MIXTO MONTENEVADO,100.0,3A AVENIDA 10-29,DOBLE,FIN DE SEMANA,CONSERVAR,Los códigos MINEDUC son distintos y representan registros administrativos independientes; no existe evidencia oficial para fusionarlos o eliminar uno.
246,00-01-0280-46,00-01-9057-46,Guatemala,COLEGIO TECNICO COMERCIAL NAHUALA,COLEGIO TECNICO COMERCIAL NAHUALA,100.0,3A. AVENIDA 13-23,MATUTINA,DIARIO(REGULAR),CONSERVAR,Los códigos MINEDUC son distintos y representan registros administrativos independientes; no existe evidencia oficial para fusionarlos o eliminar uno.
247,00-01-0680-46,00-01-0681-46,Guatemala,INSTITUTO DE ESTUDIOS ALTERNATIVOS DE GUATEMALA,INSTITUTO DE ESTUDIOS ALTERNATIVOS DE GUATEMALA,100.0,3A. AVENIDA 6-10,DOBLE,A DISTANCIA,CONSERVAR,Los códigos MINEDUC son distintos y representan registros administrativos independientes; no existe evidencia oficial para fusionarlos o eliminar uno.
248,00-21-0049-46,00-21-0050-46,Guatemala,CENTRO EDUCATIVO DEMOSOFT,CENTRO EDUCATIVO DEMOSOFT,100.0,"3A. AVENIDA 7-33, COLONIA VASQUEZ",DOBLE,FIN DE SEMANA,CONSERVAR,Los códigos MINEDUC son distintos y representan registros administrativos independientes; no existe evidencia oficial para fusionarlos o eliminar uno.
249,00-07-8492-46,00-07-8493-46,Guatemala,COLEGIO INTERAMERICANO DE INFORMATICA,COLEGIO INTERAMERICANO DE INFORMATICA,100.0,3A. CALLE 2-28 COLONIA LANDIVAR,DOBLE,FIN DE SEMANA,CONSERVAR,Los códigos MINEDUC son distintos y representan registros administrativos independientes; no existe evidencia oficial para fusionarlos o eliminar uno.
250,00-15-0004-46,00-15-0983-46,Guatemala,"INSTITUTO "" BETHANIA ""","INSTITUTO "" BETHANIA """,100.0,"3A. CALLE 23-41, VISTA HERMOSA I",MATUTINA,DIARIO(REGULAR),CONSERVAR,Los códigos MINEDUC son distintos y representan registros administrativos independientes; no existe evidencia oficial para fusionarlos o eliminar uno.
251,00-01-0197-46,00-01-0218-46,Guatemala,LICEO TECNOLÓGICO GUATEMALA DE LA ASUNCION,LICEO TECNOLOGICO GUATEMALA DE LA ASUNCION,100.0,3A. CALLE 7-64,DOBLE,FIN DE SEMANA,CONSERVAR,Los códigos MINEDUC son distintos y representan registros administrativos independientes; no existe evidencia oficial para fusionarlos o eliminar uno.
252,00-12-9762-46,00-12-9763-46,Guatemala,COLEGIO PANAMERICANO NO. 3,COLEGIO PANAMERICANO NO. 3,100.0,45 CALLE 19-05 ZONA 12 GUATEMALA,DOBLE,FIN DE SEMANA,CONSERVAR,Los códigos MINEDUC son distintos y representan registros administrativos independientes; no existe evidencia oficial para fusionarlos o eliminar uno.
253,00-07-9677-46,00-07-9678-46,Guatemala,COLEGIO PROYECTO EDUCATIVO FUTURISTA,COLEGIO PROYECTO EDUCATIVO FUTURISTA,100.0,4A. AVENIDA 1-86 COLONIA BELEN,DOBLE,FIN DE SEMANA,CONSERVAR,Los códigos MINEDUC son distintos y representan registros administrativos independientes; no existe evidencia oficial para fusionarlos o eliminar uno.
254,00-01-4396-46,00-01-9781-46,Guatemala,LICEO GUATEMALTECO DE COMPUTACION,LICEO GUATEMALTECO DE COMPUTACION,100.0,4A. AVENIDA 15-57,DOBLE,FIN DE SEMANA,CONSERVAR,Los códigos MINEDUC son distintos y representan registros administrativos independientes; no existe evidencia oficial para fusionarlos o eliminar uno.
255,00-03-0021-46,00-03-0022-46,Guatemala,COLEGIO MIXTO JESUS DEL CONSUELO,COLEGIO MIXTO JESUS DEL CONSUELO,100.0,4A. AVENIDA 25-11,DOBLE,FIN DE SEMANA,CONSERVAR,Los códigos MINEDUC son distintos y representan registros administrativos independientes; no existe evidencia oficial para fusionarlos o eliminar uno.
256,00-01-0458-46,00-01-0460-46,Guatemala,LICEO CULTURAL ESPAÑOL,LICEO CULTURAL ESPAÑOL,100.0,4A. AVENIDA 3-56,DOBLE,FIN DE SEMANA,CONSERVAR,Los códigos MINEDUC son distintos y representan registros administrativos independientes; no existe evidencia oficial para fusionarlos o eliminar uno.
257,00-01-9709-46,00-01-9710-46,Guatemala,COLEGIO DE INVESTIGACION CIENTIFICA CONJUNTA DE GUATEMALA,COLEGIO DE INVESTIGACION CIENTIFICA CONJUNTA DE GUATEMALA,100.0,4A. AVENIDA 3-64,DOBLE,FIN DE SEMANA,CONSERVAR,Los códigos MINEDUC son distintos y representan registros administrativos independientes; no existe evidencia oficial para fusionarlos o eliminar uno.
258,00-01-0465-46,00-01-9780-46,Guatemala,COLEGIO VALVERDE NO. 2,COLEGIO VALVERDE NO.2,100.0,4A. AVENIDA 4-49,DOBLE,FIN DE SEMANA,CONSERVAR,Los códigos MINEDUC son distintos y representan registros administrativos independientes; no existe evidencia oficial para fusionarlos o eliminar uno.
259,00-01-9788-46,00-01-9789-46,Guatemala,COLEGIO VALVERDE NO.2,COLEGIO VALVERDE NO.2,100.0,4A. AVENIDA 4-49,MATUTINA,DIARIO(REGULAR),CONSERVAR,Los códigos MINEDUC son distintos y representan registros administrativos independientes; no existe evidencia oficial para fusionarlos o eliminar uno.
260,00-01-0398-46,00-01-0399-46,Guatemala,COLEGIO TECNOLOGICO LA MISION,COLEGIO TECNOLOGICO LA MISION,100.0,4A. AVENIDA 9-65,DOBLE,FIN DE SEMANA,CONSERVAR,Los códigos MINEDUC son distintos y representan registros administrativos independientes; no existe evidencia oficial para fusionarlos o eliminar uno.
261,00-01-7151-46,00-01-7154-46,Guatemala,COLEGIO PRACTICO SECRETARIAL,COLEGIO PRACTICO SECRETARIAL,100.0,4A. CALLE 0-35,DOBLE,FIN DE SEMANA,CONSERVAR,Los códigos MINEDUC son distintos y representan registros administrativos independientes; no existe evidencia oficial para fusionarlos o eliminar uno.
262,00-01-7151-46,00-01-9378-46,Guatemala,COLEGIO PRACTICO SECRETARIAL,COLEGIO PRACTICO SECRETARIAL,100.0,4A. CALLE 0-35,DOBLE,FIN DE SEMANA,CONSERVAR,Los códigos MINEDUC son distintos y representan registros administrativos independientes; no existe evidencia oficial para fusionarlos o eliminar uno.
263,00-01-7154-46,00-01-9378-46,Guatemala,COLEGIO PRACTICO SECRETARIAL,COLEGIO PRACTICO SECRETARIAL,100.0,4A. CALLE 0-35,DOBLE,FIN DE SEMANA,CONSERVAR,Los códigos MINEDUC son distintos y representan registros administrativos independientes; no existe evidencia oficial para fusionarlos o eliminar uno.
264,00-01-7729-46,00-01-9849-46,Guatemala,LICEO CLASICO DE COMPUTACION,LICEO CLASICO EN COMPUTACION,96.43,4A. CALLE 5-52,DOBLE,FIN DE SEMANA,CONSERVAR,Los códigos MINEDUC son distintos y representan registros administrativos independientes; no existe evidencia oficial para fusionarlos o eliminar uno.
265,00-01-7654-46,00-01-7655-46,Guatemala,"COLEGIO MIXTO ""INDO LATINO""","COLEGIO MIXTO ""INDO LATINO""",100.0,4AV. 13-35,MATUTINA,FIN DE SEMANA,CONSERVAR,Los códigos MINEDUC son distintos y representan registros administrativos independientes; no existe evidencia oficial para fusionarlos o eliminar uno.
266,00-01-0467-46,00-01-0468-46,Guatemala,LICEO INTEGRAL BILINGUE LAN-DER,LICEO INTEGRAL BILINGUE LAN-DER,100.0,5A AVENIDA 2-24,DOBLE,FIN DE SEMANA,CONSERVAR,Los códigos MINEDUC son distintos y representan registros administrativos independientes; no existe evidencia oficial para fusionarlos o eliminar uno.
267,00-01-0467-46,00-01-0475-46,Guatemala,LICEO INTEGRAL BILINGUE LAN-DER,LICEO INTEGRAL BILINGUE LAN-DER,100.0,5A AVENIDA 2-24,DOBLE,FIN DE SEMANA,CONSERVAR,Los códigos MINEDUC son distintos y representan registros administrativos independientes; no existe evidencia oficial para fusionarlos o eliminar uno.
268,00-01-0468-46,00-01-0475-46,Guatemala,LICEO INTEGRAL BILINGUE LAN-DER,LICEO INTEGRAL BILINGUE LAN-DER,100.0,5A AVENIDA 2-24,DOBLE,FIN DE SEMANA,CONSERVAR,Los códigos MINEDUC son distintos y representan registros administrativos independientes; no existe evidencia oficial para fusionarlos o eliminar uno.
269,00-01-8096-46,00-01-9027-46,Guatemala,LICEO TECNOLÓGICO METROPOLITANO DE GUATEMALA,LICEO TECNOLOGICO METROPOLITANO DE GUATEMALA,100.0,5A. AVENIDA 3-55,DOBLE,FIN DE SEMANA,CONSERVAR,Los códigos MINEDUC son distintos y representan registros administrativos independientes; no existe evidencia oficial para fusionarlos o eliminar uno.
270,00-09-0011-46,00-09-0015-46,Guatemala,ESCUELA DE ESTUDIOS PENITENCIARIO,ESCUELA DE ESTUDIOS PENITENCIARIOS,98.51,"5A. AVENIDA ""A"" 13-28",DOBLE,FIN DE SEMANA,CONSERVAR,Los códigos MINEDUC son distintos y representan registros administrativos independientes; no existe evidencia oficial para fusionarlos o eliminar uno.
271,00-01-7297-46,00-01-7298-46,Guatemala,COLEGIO MAYBAL,COLEGIO MAYBAL,100.0,5A. CALLE 0-65,NOCTURNA,FIN DE SEMANA,CONSERVAR,Los códigos MINEDUC son distintos y representan registros administrativos independientes; no existe evidencia oficial para fusionarlos o eliminar uno.
272,00-01-7597-46,00-01-9258-46,Guatemala,CENTRO TECNOLOGICO DE COMPUTACION LA MERCED S.A.,CENTRO TECNOLOGICO DE COMPUTACION LA MERCED,95.56,5A. CALLE 10-22,DOBLE,FIN DE SEMANA,CONSERVAR,Los códigos MINEDUC son distintos y representan registros administrativos independientes; no existe evidencia oficial para fusionarlos o eliminar uno.
273,00-01-9170-46,00-01-9468-46,Guatemala,COLEGIO VALVERDE,COLEGIO 'VALVERDE',100.0,5A. CALLE 5-14,DOBLE,FIN DE SEMANA,CONSERVAR,Los códigos MINEDUC son distintos y representan registros administrativos independientes; no existe evidencia oficial para fusionarlos o eliminar uno.
274,00-01-0187-46,00-01-0715-46,Guatemala,ESCUELA TECNICA SUPERIOR ALINARI,ESCUELA TECNICA SUPERIOR ALINARI,100.0,5A CALLE 5-61,MATUTINA,DIARIO(REGULAR),CONSERVAR,Los códigos MINEDUC son distintos y representan registros administrativos independientes; no existe evidencia oficial para fusionarlos o eliminar uno.
275,00-19-0029-46,00-19-0031-46,Guatemala,CENTRO INTEGRAL EDUCATIVO SAN FRANCISCO,CENTRO INTEGRAL EDUCATIVO SAN FRANCISCO,100.0,5TA. AVENIDA 7-30 COLONIA LA FLORIDA,DOBLE,FIN DE SEMANA,CONSERVAR,Los códigos MINEDUC son distintos y representan registros administrativos independientes; no existe evidencia oficial para fusionarlos o eliminar uno.
276,00-01-0864-46,00-01-0865-46,Guatemala,"CENTRO TECNOLÓGICO DE COMPUTACIÓN ""LA MERCED""","CENTRO TECNOLÓGICO DE COMPUTACIÓN ""LA MERCED""",100.0,5TA. CALLE 10-22,DOBLE,FIN DE SEMANA,CONSERVAR,Los códigos MINEDUC son distintos y representan registros administrativos independientes; no existe evidencia oficial para fusionarlos o eliminar uno.
277,00-01-0864-46,00-02-0139-46,Guatemala,"CENTRO TECNOLÓGICO DE COMPUTACIÓN ""LA MERCED""",CENTRO TECNOLOGICO DE COMPUTACIÓN LA MERCED,100.0,5TA. CALLE 10-22,DOBLE,FIN DE SEMANA,CONSERVAR,Los códigos MINEDUC son distintos y representan registros administrativos independientes; no existe evidencia oficial para fusionarlos o eliminar uno.
278,00-01-0865-46,00-02-0139-46,Guatemala,"CENTRO TECNOLÓGICO DE COMPUTACIÓN ""LA MERCED""",CENTRO TECNOLOGICO DE COMPUTACIÓN LA MERCED,100.0,5TA. CALLE 10-22,DOBLE,FIN DE SEMANA,CONSERVAR,Los códigos MINEDUC son distintos y representan registros administrativos independientes; no existe evidencia oficial para fusionarlos o eliminar uno.
279,00-01-0217-46,00-01-0230-46,Guatemala,INSTITUTO PRIVADO PARA SEÑORITAS DE EDUCACION DIVERSIFICADA 'BILINGUE GUATEMALTECO',INSTITUTO PRIVADO PARA SEÑORITAS DE EDUCACION DIVERSIFICADA BILINGUE GUATEMALTECO,100.0,6A AVE. 2-34,MATUTINA,DIARIO(REGULAR),CONSERVAR,Los códigos MINEDUC son distintos y representan registros administrativos independientes; no existe evidencia oficial para fusionarlos o eliminar uno.
280,00-13-0024-46,00-13-0025-46,Guatemala,INSTITUTO DE BACHILLERATO EN COMPUTACION,INSTITUTO DE BACHILLERATO EN COMPUTACION,100.0,6A AVENIDA 0-20,MATUTINA,FIN DE SEMANA,CONSERVAR,Los códigos MINEDUC son distintos y representan registros administrativos independientes; no existe evidencia oficial para fusionarlos o eliminar uno.
281,00-19-0063-46,00-19-0064-46,Guatemala,CENTRO EDUCATIVO CRISTIANO FUENTE DE VIDA NÚMERO 2,CENTRO EDUCATIVO CRISTIANO FUENTE DE VIDA NÚMERO 2,100.0,6A. AVENIDA 1-67 ZONA 19 COLONIA LA FLORIDA,DOBLE,FIN DE SEMANA,CONSERVAR,Los códigos MINEDUC son distintos y representan registros administrativos independientes; no existe evidencia oficial para fusionarlos o eliminar uno.
282,00-01-4406-46,00-01-6988-46,Guatemala,INSTITUTO AMERICANO EN CIENCIAS DE COMPUTACION,INSTITUTO AMERICANO EN CIENCIAS DE COMPUTACION,100.0,6A. AVENIDA 18-23,MATUTINA,FIN DE SEMANA,CONSERVAR,Los códigos MINEDUC son distintos y representan registros administrativos independientes; no existe evidencia oficial para fusionarlos o eliminar uno.
283,00-01-4406-46,00-01-7256-46,Guatemala,INSTITUTO AMERICANO EN CIENCIAS DE COMPUTACION,INSTITUTO AMERICANO EN CIENCIAS DE COMPUTACION,100.0,6A. AVENIDA 18-23,MATUTINA,FIN DE SEMANA,CONSERVAR,Los códigos MINEDUC son distintos y representan registros administrativos independientes; no existe evidencia oficial para fusionarlos o eliminar uno.
284,00-01-4406-46,00-01-8299-46,Guatemala,INSTITUTO AMERICANO EN CIENCIAS DE COMPUTACION,INSTITUTO AMERICANO EN CIENCIAS DE COMPUTACION,100.0,6A. AVENIDA 18-23,MATUTINA,FIN DE SEMANA,CONSERVAR,Los códigos MINEDUC son distintos y representan registros administrativos independientes; no existe evidencia oficial para fusionarlos o eliminar uno.
285,00-01-6988-46,00-01-7256-46,Guatemala,INSTITUTO AMERICANO EN CIENCIAS DE COMPUTACION,INSTITUTO AMERICANO EN CIENCIAS DE COMPUTACION,100.0,6A AVENIDA 18-23,MATUTINA,FIN DE SEMANA,CONSERVAR,Los códigos MINEDUC son distintos y representan registros administrativos independientes; no existe evidencia oficial para fusionarlos o eliminar uno.
286,00-01-6988-46,00-01-8299-46,Guatemala,INSTITUTO AMERICANO EN CIENCIAS DE COMPUTACION,INSTITUTO AMERICANO EN CIENCIAS DE COMPUTACION,100.0,6A AVENIDA 18-23,MATUTINA,FIN DE SEMANA,CONSERVAR,Los códigos MINEDUC son distintos y representan registros administrativos independientes; no existe evidencia oficial para fusionarlos o eliminar uno.
287,00-01-7256-46,00-01-8299-46,Guatemala,INSTITUTO AMERICANO EN CIENCIAS DE COMPUTACION,INSTITUTO AMERICANO EN CIENCIAS DE COMPUTACION,100.0,6A. AVENIDA 18-23,MATUTINA,FIN DE SEMANA,CONSERVAR,Los códigos MINEDUC son distintos y representan registros administrativos independientes; no existe evidencia oficial para fusionarlos o eliminar uno.
288,01-01-0019-46,01-01-0022-46,Guatemala,LICEO ROMANO AMERICANO,LICEO ROMANO AMERICANO,100.0,6A. CALLE 2-12 ZONA 1,DOBLE,FIN DE SEMANA,CONSERVAR,Los códigos MINEDUC son distintos y representan registros administrativos independientes; no existe evidencia oficial para fusionarlos o eliminar uno.
289,01-01-0019-46,01-01-0023-46,Guatemala,LICEO ROMANO AMERICANO,LICEO ROMANO AMERICANO,100.0,6A. CALLE 2-12 ZONA 1,DOBLE,FIN DE SEMANA,CONSERVAR,Los códigos MINEDUC son distintos y representan registros administrativos independientes; no existe evidencia oficial para fusionarlos o eliminar uno.
290,01-01-0022-46,01-01-0023-46,Guatemala,LICEO ROMANO AMERICANO,LICEO ROMANO AMERICANO,100.0,6A. CALLE 2-12 ZONA 1,DOBLE,FIN DE SEMANA,CONSERVAR,Los códigos MINEDUC son distintos y representan registros administrativos independientes; no existe evidencia oficial para fusionarlos o eliminar uno.
291,00-12-0170-46,00-12-0171-46,Guatemala,INSTITUTO NACIONAL DE EDUCACION DIVERSIFICADA,INSTITUTO NACIONAL DE EDUCACION DIVERSIFICADA,100.0,6A. CALLE 3-47 ZONA 12 CIUDAD REAL II,NOCTURNA,DIARIO(REGULAR),CONSERVAR,Los códigos MINEDUC son distintos y representan registros administrativos independientes; no existe evidencia oficial para fusionarlos o eliminar uno.
292,00-09-7330-46,00-09-7372-46,Guatemala,INSTITUTO ANGLO-GUATEMALTECO DE RELACIONES CULTURALES,INSTITUTO ANGLO-GUATEMALTECO DE RELACIONES CULTURALES,100.0,6A. CALLE 7-64,MATUTINA,DIARIO(REGULAR),CONSERVAR,Los códigos MINEDUC son distintos y representan registros administrativos independientes; no existe evidencia oficial para fusionarlos o eliminar uno.
293,00-09-9582-46,00-09-9583-46,Guatemala,INSTITUTO PRIVADO MIXTO OCUPACIONAL-EXPERIMENTAL CAMPERO,INSTITUTO PRIVADO MIXTO OCUPACIONAL-EXPERIMENTAL 'CAMPERO',100.0,7A. AVENIDA 10-35,INTERMEDIA,DIARIO(REGULAR),CONSERVAR,Los códigos MINEDUC son distintos y representan registros administrativos independientes; no existe evidencia oficial para fusionarlos o eliminar uno.
294,00-09-7724-46,00-09-9269-46,Guatemala,LICEO PREUNIVERSITARIO DE COMPUTACION,LICEO PREUNIVERSITARIO DE COMPUTACION,100.0,7A. AVENIDA 10-38,DOBLE,FIN DE SEMANA,CONSERVAR,Los códigos MINEDUC son distintos y representan registros administrativos independientes; no existe evidencia oficial para fusionarlos o eliminar uno.
295,00-12-2917-46,00-12-4659-46,Guatemala,COLEGIO MIXTO Y ACADEMIA HALDA,COLEGIO MIXTO Y ACADEMIA 'HALDA',100.0,7A. AVENIDA 18-66,MATUTINA,DIARIO(REGULAR),CONSERVAR,Los códigos MINEDUC son distintos y representan registros administrativos independientes; no existe evidencia oficial para fusionarlos o eliminar uno.
296,00-02-0031-46,00-02-0032-46,Guatemala,COLEGIO EVANGELICO MIXTO LA PATRIA,COLEGIO EVANGELICO MIXTO LA PATRIA,100.0,7A AVENIDA 7-38,DOBLE,FIN DE SEMANA,CONSERVAR,Los códigos MINEDUC son distintos y representan registros administrativos independientes; no existe evidencia oficial para fusionarlos o eliminar uno.
297,00-02-0122-46,00-02-0131-46,Guatemala,"COLEGIO EVANGÉLICO MIXTO ""LA PATRIA""","COLEGIO EVANGÉLICO MIXTO ""LA PATRIA""",100.0,7A. AVENIDA 7-38,VESPERTINA,DIARIO(REGULAR),CONSERVAR,Los códigos MINEDUC son distintos y representan registros administrativos independientes; no existe evidencia oficial para fusionarlos o eliminar uno.
298,00-02-0091-46,00-02-0092-46,Guatemala,COLEGIO DE SEÑORITAS SANTA INÉS,COLEGIO DE SEÑORITAS SANTA INÉS,100.0,7A. AVENIDA 7-71,VESPERTINA,DIARIO(REGULAR),CONSERVAR,Los códigos MINEDUC son distintos y representan registros administrativos independientes; no existe evidencia oficial para fusionarlos o eliminar uno.
299,00-01-8337-46,00-01-8338-46,Guatemala,CENTRO DE ESTUDIOS MERCADLOGICOS Y PUBLICITARIOS,CENTRO DE ESTUDIOS MERCADOLOGICOS Y PUBLICITARIOS,98.97,8A. AVENIDA 3-50,DOBLE,FIN DE SEMANA,CONSERVAR,Los códigos MINEDUC son distintos y representan registros administrativos independientes; no existe evidencia oficial para fusionarlos o eliminar uno.
300,00-01-0683-46,00-01-9825-46,Guatemala,LICEO VICTORIA Y LIBERTAD,LICEO VICTORIA Y LIBERTAD,100.0,8A. CALLE 0-23,MATUTINA,DIARIO(REGULAR),CONSERVAR,Los códigos MINEDUC son distintos y representan registros administrativos independientes; no existe evidencia oficial para fusionarlos o eliminar uno.
301,00-01-0555-46,00-01-0557-46,Guatemala,COLEGIO TECNOLÓGICO CENTRO CULTURAL DE LAS AMÉRICAS,COLEGIO TECNOLÓGICO CENTRO CULTURAL DE LAS AMÉRICAS,100.0,8A. CALLE 0-30,MATUTINA,FIN DE SEMANA,CONSERVAR,Los códigos MINEDUC son distintos y representan registros administrativos independientes; no existe evidencia oficial para fusionarlos o eliminar uno.
302,00-01-0247-46,00-01-4555-46,Guatemala,INSTITUTO PARTICULAR MIXTO JOSE MARTI,'INSTITUTO PARTICULARA MIXTO JOSE MARTI',98.67,8A CALLE 12-41,MATUTINA,DIARIO(REGULAR),CONSERVAR,Los códigos MINEDUC son distintos y representan registros administrativos independientes; no existe evidencia oficial para fusionarlos o eliminar uno.
303,00-01-0363-46,00-01-0364-46,Guatemala,CENTRO EDUCACIONAL MIXTO PRIVADO KINGSTON,CENTRO EDUCACIONAL MIXTO PRIVADO KINGSTON,100.0,8A. CALLE 12-46,DOBLE,FIN DE SEMANA,CONSERVAR,Los códigos MINEDUC son distintos y representan registros administrativos independientes; no existe evidencia oficial para fusionarlos o eliminar uno.
304,00-01-0243-46,00-01-0855-46,Guatemala,CENTRO EDUCACIONAL MIXTO PRIVADO KINGSTON,"CENTRO EDUCACIONAL MIXTO PRIVADO ""KINGSTON""",100.0,8A CALLE 12-46,MATUTINA,DIARIO(REGULAR),CONSERVAR,Los códigos MINEDUC son distintos y representan registros administrativos independientes; no existe evidencia oficial para fusionarlos o eliminar uno.
305,00-01-7260-46,00-01-7261-46,Guatemala,COLEGIO CIENTIFICO SECRETARIAL GUATEMALTECO,COLEGIO CIENTIFICO SECRETARIAL GUATEMALTECO,100.0,8A. CALLE 2-29,DOBLE,FIN DE SEMANA,CONSERVAR,Los códigos MINEDUC son distintos y representan registros administrativos independientes; no existe evidencia oficial para fusionarlos o eliminar uno.
306,00-01-0219-46,00-01-0506-46,Guatemala,CENTRO DE ESTUDIOS WINBRIDGE,CENTRO DE ESTUDIOS WINBRIDGE,100.0,8A CALLE 2-40,MATUTINA,DIARIO(REGULAR),CONSERVAR,Los códigos MINEDUC son distintos y representan registros administrativos independientes; no existe evidencia oficial para fusionarlos o eliminar uno.
307,00-19-0065-46,00-19-0066-46,Guatemala,LICEO TÉCNICO VOCACIONAL GALILEI,LICEO TÉCNICO VOCACIONAL GALILEI,100.0,"9A. AVENIDA 4-31 ZONA 19, COLONIA LA FLORIDA",DOBLE,FIN DE SEMANA,CONSERVAR,Los códigos MINEDUC son distintos y representan registros administrativos independientes; no existe evidencia oficial para fusionarlos o eliminar uno.
308,00-19-0065-46,00-19-0067-46,Guatemala,LICEO TÉCNICO VOCACIONAL GALILEI,LICEO TÉCNICO VOCACIONAL GALILEI,100.0,"9A. AVENIDA 4-31 ZONA 19, COLONIA LA FLORIDA",DOBLE,FIN DE SEMANA,CONSERVAR,Los códigos MINEDUC son distintos y representan registros administrativos independientes; no existe evidencia oficial para fusionarlos o eliminar uno.
309,00-19-0066-46,00-19-0067-46,Guatemala,LICEO TÉCNICO VOCACIONAL GALILEI,LICEO TÉCNICO VOCACIONAL GALILEI,100.0,"9A. AVENIDA 4-31 ZONA 19, COLONIA LA FLORIDA",DOBLE,FIN DE SEMANA,CONSERVAR,Los códigos MINEDUC son distintos y representan registros administrativos independientes; no existe evidencia oficial para fusionarlos o eliminar uno.
310,00-19-0102-46,00-19-0112-46,Guatemala,INED M. A. HERMENEGILDO DE JESÚS PEREIRA DEL CID,INED M. A. HERMENEGILDO DE JESÚS PEREIRA DEL CID,100.0,9A. AVENIDA 5-05 ZONA 19 COLONIA LA FLORIDA,NOCTURNA,DIARIO(REGULAR),CONSERVAR,Los códigos MINEDUC son distintos y representan registros administrativos independientes; no existe evidencia oficial para fusionarlos o eliminar uno.
311,00-18-0160-46,00-18-0258-46,Guatemala,COLEGIO MIXTO EL CASTILLO,COLEGIO MIXTO EL CASTILLO,100.0,"9A. AVENIDA ""A"" 9-20, COLONIA ATLANTIDA",MATUTINA,DIARIO(REGULAR),CONSERVAR,Los códigos MINEDUC son distintos y representan registros administrativos independientes; no existe evidencia oficial para fusionarlos o eliminar uno.
312,00-01-7841-46,00-01-9187-46,Guatemala,LICEO PROFESIONAL DE INFORMATICA Y TECNOLOGIA,LICEO PROFESIONAL DE INFORMATICA Y TECNOLOGIA,100.0,9A. CALLE 0-39,DOBLE,FIN DE SEMANA,CONSERVAR,Los códigos MINEDUC son distintos y representan registros administrativos independientes; no existe evidencia oficial para fusionarlos o eliminar uno.
313,00-01-4403-46,00-01-8511-46,Guatemala,INSTITUTO TECNOLOGICO DIGITALES COMERCIALES,INSTITUTO TECNOLOGICO DIGITALES COMERCIALES,100.0,9A. CALLE 0-44,DOBLE,FIN DE SEMANA,CONSERVAR,Los códigos MINEDUC son distintos y representan registros administrativos independientes; no existe evidencia oficial para fusionarlos o eliminar uno.
314,00-01-8842-46,00-01-9600-46,Guatemala,LICEO REGIOMONTANO,LICEO REGIOMONTANO,100.0,9A. CALLE 2-64,DOBLE,FIN DE SEMANA,CONSERVAR,Los códigos MINEDUC son distintos y representan registros administrativos independientes; no existe evidencia oficial para fusionarlos o eliminar uno.
315,00-01-0440-46,00-01-0441-46,Guatemala,LICEO MULTICULTURAL GUATEMALTECO,LICEO MULTICULTURAL GUATEMALTECO,100.0,9A. CALLE 3-40,DOBLE,FIN DE SEMANA,CONSERVAR,Los códigos MINEDUC son distintos y representan registros administrativos independientes; no existe evidencia oficial para fusionarlos o eliminar uno.
316,00-01-0433-46,00-01-0434-46,Guatemala,CENTRO DE ESUTIOS INTEGRALES HUGO ROBLES,CENTRO DE ESTUDIOS INTEGRALES HUGO ROBLES,96.3,9A. CALLE 3-40,MATUTINA,FIN DE SEMANA,CONSERVAR,Los códigos MINEDUC son distintos y representan registros administrativos independientes; no existe evidencia oficial para fusionarlos o eliminar uno.
317,00-01-0347-46,00-01-0348-46,Guatemala,CENTRO EDUCATIVO LICEO EVANGÉLICO CAMINO Y VERDAD,CENTRO EDUCATIVO LICEO EVANGÉLICO CAMINO Y VERDAD,100.0,9A. CALLE 3-53,DOBLE,FIN DE SEMANA,CONSERVAR,Los códigos MINEDUC son distintos y representan registros administrativos independientes; no existe evidencia oficial para fusionarlos o eliminar uno.
318,00-01-0347-46,00-01-9328-46,Guatemala,CENTRO EDUCATIVO LICEO EVANGÉLICO CAMINO Y VERDAD,CENTRO EDUCATIVO LICEO EVANGELICO CAMINO Y VERDAD,100.0,9A. CALLE 3-53,DOBLE,FIN DE SEMANA,CONSERVAR,Los códigos MINEDUC son distintos y representan registros administrativos independientes; no existe evidencia oficial para fusionarlos o eliminar uno.
319,00-01-0348-46,00-01-9328-46,Guatemala,CENTRO EDUCATIVO LICEO EVANGÉLICO CAMINO Y VERDAD,CENTRO EDUCATIVO LICEO EVANGELICO CAMINO Y VERDAD,100.0,9A. CALLE 3-53,DOBLE,FIN DE SEMANA,CONSERVAR,Los códigos MINEDUC son distintos y representan registros administrativos independientes; no existe evidencia oficial para fusionarlos o eliminar uno.
320,00-01-0346-46,00-01-9326-46,Guatemala,CENTRO EDUCATIVO LICEO EVANGÉLICO CAMINO Y VERDAD,CENTRO EDUCATIVO LICEO EVANGELICO CAMINO Y VERDAD,100.0,9A. CALLE 3-53,MATUTINA,DIARIO(REGULAR),CONSERVAR,Los códigos MINEDUC son distintos y representan registros administrativos independientes; no existe evidencia oficial para fusionarlos o eliminar uno.
321,00-07-0114-46,00-07-0116-46,Guatemala,COLEGIO TÉCNICO EN COMPUTACIÓN SAN JUAN,COLEGIO TÉCNICO EN COMPUTACIÓN SAN JUAN,100.0,9A. CALLE 8-63 Y 8-67 COLONIA QUINTA SAMAYOA,DOBLE,FIN DE SEMANA,CONSERVAR,Los códigos MINEDUC son distintos y representan registros administrativos independientes; no existe evidencia oficial para fusionarlos o eliminar uno.
322,00-03-8579-46,00-03-8581-46,Guatemala,COLEGIO TECNICO MODERNO,COLEGIO TECNICO MODERNO,100.0,AV. BOLIVAR 30-00,DOBLE,FIN DE SEMANA,CONSERVAR,Los códigos MINEDUC son distintos y representan registros administrativos independientes; no existe evidencia oficial para fusionarlos o eliminar uno.
323,00-13-0066-46,00-13-9463-46,Guatemala,"ESCUELA TECNICA MILITAR DE AVIACION, PROGRAMA EDUCATIVO INTEGRADO DEL SOLDADO -PEISOL-, DE LA FUERZA AEREA GUATEMALTECA","ESCUELA TECNICA MILITAR DE AVIACION, PROGRAMA EDUCATIVO INTEGRADO DEL SOLDADO PEISOL, DE LA FUERZA AEREA GUATEMALTECA",100.0,AVENIDA HINCAPIE 21-14,VESPERTINA,DIARIO(REGULAR),CONSERVAR,Los códigos MINEDUC son distintos y representan registros administrativos independientes; no existe evidencia oficial para fusionarlos o eliminar uno.
324,00-12-0044-46,00-12-0086-46,Guatemala,COLEGIO DE INFORMATICA IMB-PC NO. 2,COLEGIO DE INFORMÁTICA IMB-PC NO. 2,100.0,AVENIDA PETAPA 30-64,DOBLE,DIARIO(REGULAR),CONSERVAR,Los códigos MINEDUC son distintos y representan registros administrativos independientes; no existe evidencia oficial para fusionarlos o eliminar uno.
325,00-12-8220-46,00-12-8422-46,Guatemala,COLEGIO DE INFORMATICA IMB-PC NO.2,COLEGIO DE INFORMATICA IMB-PC NO. 2,100.0,AVENIDA PETAPA 30-64,DOBLE,FIN DE SEMANA,CONSERVAR,Los códigos MINEDUC son distintos y representan registros administrativos independientes; no existe evidencia oficial para fusionarlos o eliminar uno.
326,00-02-0027-46,00-02-0028-46,Guatemala,LICEO CRISTIANO EXXITTO,LICEO CRISTIANO EXXITTO,100.0,AVENIDA SIMEÓN CAÑAS 7-73,DOBLE,FIN DE SEMANA,CONSERVAR,Los códigos MINEDUC son distintos y representan registros administrativos independientes; no existe evidencia oficial para fusionarlos o eliminar uno.
327,00-12-0147-46,00-12-0912-46,Guatemala,"INSTITUTO NACIONAL DE EDUCACION BASICA Y BACHILLERATO EN CIENCIAS Y LETRAS POR MADUREZ ""LICDA. MATILDE ROUGE""","INSTITUTO NACIONAL DE EDUCACION BASICA Y BACHILLERATO EN CIENCIAS Y LETRAS POR MADUREZ ""LICDA. MATILDE ROUGE""",100.0,BOULEVARD LIBERACION 13-19,NOCTURNA,DIARIO(REGULAR),CONSERVAR,Los códigos MINEDUC son distintos y representan registros administrativos independientes; no existe evidencia oficial para fusionarlos o eliminar uno.
328,00-12-9758-46,00-12-9759-46,Guatemala,COLEGIO IMB-PC,COLEGIO IMB-PC,100.0,CALZADA AGUILAR BATRES 29-41 Y 1A. AVENIDA 29-26 COLONIA EL CARMEN,DOBLE,FIN DE SEMANA,CONSERVAR,Los códigos MINEDUC son distintos y representan registros administrativos independientes; no existe evidencia oficial para fusionarlos o eliminar uno.
329,00-12-8824-46,00-12-8825-46,Guatemala,LICEO CANADIENSE SUR,LICEO CANADIENSE SUR,100.0,CALZADA AGUILAR BATRES 30-67,DOBLE,FIN DE SEMANA,CONSERVAR,Los códigos MINEDUC son distintos y representan registros administrativos independientes; no existe evidencia oficial para fusionarlos o eliminar uno.
330,00-06-0012-46,00-06-0021-46,Guatemala,COLEGIO PANAMERICANO NO. 7,COLEGIO PANAMERICANO NO. 7,100.0,"CALZADA JOSÉ MILLA Y VIDAURRE 17-30, PLAZA JOSÉ MILLA LOCAL 2",DOBLE,FIN DE SEMANA,CONSERVAR,Los códigos MINEDUC son distintos y representan registros administrativos independientes; no existe evidencia oficial para fusionarlos o eliminar uno.
331,00-07-0080-46,00-07-0093-46,Guatemala,INSTITUTO TECNOLOGICO EN ELECTRONICA Y DIBUJO,INSTITUTO TECNOLOGICO EN ELECTRONICA Y DIBUJO,100.0,CALZADA SAN JUAN 31-47,DOBLE,FIN DE SEMANA,CONSERVAR,Los códigos MINEDUC son distintos y representan registros administrativos independientes; no existe evidencia oficial para fusionarlos o eliminar uno.
332,00-07-9200-46,00-07-9402-46,Guatemala,INSTITUTO PRIVADO MIXTO SAN JUAN,"INSTITUTO PRIVADO MIXTO ""SAN JUAN""",100.0,CALZADA SAN JUAN 31-47,DOBLE,FIN DE SEMANA,CONSERVAR,Los códigos MINEDUC son distintos y representan registros administrativos independientes; no existe evidencia oficial para fusionarlos o eliminar uno.
333,00-07-9094-46,00-07-9545-46,Guatemala,LICEO DE CIENCIA Y TECNOLOGÍA,LICEO DE CIENCIA Y TECNOLOGIA,100.0,"CALZADA SAN JUAN 37-78, COLONIA EL RODEO",DOBLE,FIN DE SEMANA,CONSERVAR,Los códigos MINEDUC son distintos y representan registros administrativos independientes; no existe evidencia oficial para fusionarlos o eliminar uno.
334,00-07-0281-46,00-07-0282-46,Guatemala,LICEO DE CIENCIA Y TECNOLOGÍA,LICEO DE CIENCIA Y TECNOLOGÍA,100.0,CALZADA SAN JUAN 37-78 ZONA 7 COLONIA EL RODEO,DOBLE,SEMIPRESENCIAL,CONSERVAR,Los códigos MINEDUC son distintos y representan registros administrativos independientes; no existe evidencia oficial para fusionarlos o eliminar uno.
335,00-07-0061-46,00-07-0087-46,Guatemala,COLEGIO EN COMPUTACION SAN JUAN,COLEGIO EN COMPUTACION SAN JUAN,100.0,"CALZADA SAN JUAN 39-45, COLONIA EL RODEO",DOBLE,FIN DE SEMANA,CONSERVAR,Los códigos MINEDUC son distintos y representan registros administrativos independientes; no existe evidencia oficial para fusionarlos o eliminar uno.
336,00-12-0051-46,00-12-0052-46,Guatemala,LICEO CANADIENSE SOCIEDAD ANONIMA,LICEO CANADIENSE SOCIEDAD ANONIMA,100.0,"DIAGONAL 19, AVENIDA PETAPA, 40-54",DOBLE,FIN DE SEMANA,CONSERVAR,Los códigos MINEDUC son distintos y representan registros administrativos independientes; no existe evidencia oficial para fusionarlos o eliminar uno.
337,00-12-0049-46,00-12-0056-46,Guatemala,LICEO CANADIENSE SOCIEDAD ANONIMA,LICEO CANADIENSE SOCIEDAD ANONIMA,100.0,"DIAGONAL 19, AVENIDA PETAPA, 40-54",VESPERTINA,DIARIO(REGULAR),CONSERVAR,Los códigos MINEDUC son distintos y representan registros administrativos independientes; no existe evidencia oficial para fusionarlos o eliminar uno.
338,00-12-0048-46,00-12-0055-46,Guatemala,LICEO CANADIENSE SOCIEDAD ANONIMA,LICEO CANADIENSE SOCIEDAD ANONIMA,100.0,"DIAGONAL 19, AVENIDA PETAPA, 40-54",MATUTINA,DIARIO(REGULAR),CONSERVAR,Los códigos MINEDUC son distintos y representan registros administrativos independientes; no existe evidencia oficial para fusionarlos o eliminar uno.
339,00-06-0032-46,00-06-0033-46,Guatemala,"INSTITUTO NACIONAL DE EDUCACIÓN DIVERSIFICADA ""CARLOS BENJAMIN PAIZ AYALA""","INSTITUTO NACIONAL DE EDUCACIÓN DIVERSIFICADA ""CARLOS BENJAMIN PAIZ AYALA """,100.0,"FINAL, CALZADA JOSE MILLA Y VIDAURRE Y 26 AVENIDA",NOCTURNA,DIARIO(REGULAR),CONSERVAR,Los códigos MINEDUC son distintos y representan registros administrativos independientes; no existe evidencia oficial para fusionarlos o eliminar uno.
340,00-06-0077-46,00-06-0078-46,Guatemala,"INSTITUTO NACIONAL DE EDUCACION DIVERSIFICADA ""DOCTORA SARA CABARRUS DE RUÍZ""","INSTITUTO NACIONAL DE EDUCACIÓN DIVERSIFICADA ""DOCTORA SARA CABARRUS DE RUÍZ""",100.0,FINAL CALZADA JOSE MILLA Y VIDAURRE Y 26 AVENIDA,NOCTURNA,DIARIO(REGULAR),CONSERVAR,Los códigos MINEDUC son distintos y representan registros administrativos independientes; no existe evidencia oficial para fusionarlos o eliminar uno.
341,00-18-0211-46,00-18-0257-46,Guatemala,COLEGIO BELLO AMANECER 2,COLEGIO BELLO AMANECER 2,100.0,"LOTE 101 Y 102 SECCIÓN ""C"" COLONIA LAS ILUSIONES",MATUTINA,DIARIO(REGULAR),CONSERVAR,Los códigos MINEDUC son distintos y representan registros administrativos independientes; no existe evidencia oficial para fusionarlos o eliminar uno.
342,00-18-0020-46,00-18-0142-46,Guatemala,"LICEO MIXTO EVANGELICO ""FUENTE DE ENSEÑANZA""","LICEO MIXTO EVANGÉLICO ""FUENTE DE ENSEÑANZA""",100.0,LOTE 25 Y 40 DE LA SECCIÓN G COLONIA LAS ILUSIONES,MATUTINA,DIARIO(REGULAR),CONSERVAR,Los códigos MINEDUC son distintos y representan registros administrativos independientes; no existe evidencia oficial para fusionarlos o eliminar uno.
343,00-18-0020-46,00-18-0256-46,Guatemala,"LICEO MIXTO EVANGELICO ""FUENTE DE ENSEÑANZA""","LICEO MIXTO EVANGÉLICO ""FUENTE DE ENSEÑANZA""",100.0,LOTE 25 Y 40 DE LA SECCIÓN G COLONIA LAS ILUSIONES,MATUTINA,DIARIO(REGULAR),CONSERVAR,Los códigos MINEDUC son distintos y representan registros administrativos independientes; no existe evidencia oficial para fusionarlos o eliminar uno.
344,00-18-0142-46,00-18-0256-46,Guatemala,"LICEO MIXTO EVANGÉLICO ""FUENTE DE ENSEÑANZA""","LICEO MIXTO EVANGÉLICO ""FUENTE DE ENSEÑANZA""",100.0,"LOTE 25 Y 40 DE LA SECCIÓN ""G"", COLONIA LAS ILUSIONES",MATUTINA,DIARIO(REGULAR),CONSERVAR,Los códigos MINEDUC son distintos y representan registros administrativos independientes; no existe evidencia oficial para fusionarlos o eliminar uno.
345,00-18-0057-46,00-18-0058-46,Guatemala,COLEGIO TECNOLOGICO HOMBRE DE NAZARETH,COLEGIO TECNOLOGICO HOMBRE DE NAZARETH,100.0,"LOTE 60, MANZANA 4, COLONIA EL ROSARIO",DOBLE,FIN DE SEMANA,CONSERVAR,Los códigos MINEDUC son distintos y representan registros administrativos independientes; no existe evidencia oficial para fusionarlos o eliminar uno.
346,00-18-0004-46,00-18-0005-46,Guatemala,LICEO FRANCO GUATEMALTECO,LICEO FRANCO GUATEMALTECO,100.0,"MANZANA 19, LOTE 627, COLONIA MAYA",DOBLE,FIN DE SEMANA,CONSERVAR,Los códigos MINEDUC son distintos y representan registros administrativos independientes; no existe evidencia oficial para fusionarlos o eliminar uno.
347,00-17-0011-46,00-17-9135-46,Guatemala,CENTRO EDUCATIVO DE INFORMATICA SINAI,CENTRO EDUCATIVO DE INFORMATICA SINAI,100.0,MANZANA 33 LOTE 6 CANTON CENTRAL ALDEA CANALITOS,DOBLE,FIN DE SEMANA,CONSERVAR,Los códigos MINEDUC son distintos y representan registros administrativos independientes; no existe evidencia oficial para fusionarlos o eliminar uno.
348,00-17-9769-46,00-17-9771-46,Guatemala,COLEGIO PANAMERICANO,COLEGIO PANAMERICANO,100.0,"PLAZA NOR-ORIENTE CA-9 NORTE RUTA AL ATLANTICO 06-96, 4TO. NIVEL",DOBLE,FIN DE SEMANA,CONSERVAR,Los códigos MINEDUC son distintos y representan registros administrativos independientes; no existe evidencia oficial para fusionarlos o eliminar uno.
349,00-17-0023-46,00-17-0028-46,Guatemala,COLEGIO PANAMERICANO,COLEGIO PANAMERICANO,100.0,"PLAZA NOR-ORIENTE CA-9 NORTE RUTA AL ATLANTICO 06-96, 4TO. NIVEL",MATUTINA,DIARIO(REGULAR),CONSERVAR,Los códigos MINEDUC son distintos y representan registros administrativos independientes; no existe evidencia oficial para fusionarlos o eliminar uno.
350,00-17-0023-46,00-17-9767-46,Guatemala,COLEGIO PANAMERICANO,COLEGIO PANAMERICANO,100.0,"PLAZA NOR-ORIENTE CA-9 NORTE RUTA AL ATLANTICO 06-96, 4TO. NIVEL",MATUTINA,DIARIO(REGULAR),CONSERVAR,Los códigos MINEDUC son distintos y representan registros administrativos independientes; no existe evidencia oficial para fusionarlos o eliminar uno.
351,00-17-0028-46,00-17-9767-46,Guatemala,COLEGIO PANAMERICANO,COLEGIO PANAMERICANO,100.0,PLAZA NOR-ORIENTE CA-9 NORTE RUTA AL ATLANTICO 06-96 4TO. NIVEL,MATUTINA,DIARIO(REGULAR),CONSERVAR,Los códigos MINEDUC son distintos y representan registros administrativos independientes; no existe evidencia oficial para fusionarlos o eliminar uno.
352,13-01-0218-46,13-01-0269-46,Huehuetenango,COLEGIO TECNOLOGICO DEL VALLE,COLEGIO TECNOLÓGICO DEL VALLE,100.0,"1A. CALLE 7-77, ZONA 8",DOBLE,FIN DE SEMANA,CONSERVAR,Los códigos MINEDUC son distintos y representan registros administrativos independientes; no existe evidencia oficial para fusionarlos o eliminar uno.
353,13-01-0158-46,13-01-0287-46,Huehuetenango,COLEGIO PREUNIVERSITARIO CAMBRIDGE,COLEGIO PREUNIVERSITARIO CAMBRIDGE,100.0,1RA. CALLE ZONA 8,MATUTINA,DIARIO(REGULAR),CONSERVAR,Los códigos MINEDUC son distintos y representan registros administrativos independientes; no existe evidencia oficial para fusionarlos o eliminar uno.
354,13-01-0290-46,13-01-0314-46,Huehuetenango,COLEGIO TECNOLÓGICO DE HUEHUETENANGO,COLEGIO TECNOLÓGICO DE HUEHUETENANGO,100.0,2A. AVENIDA 1-115 ZONA 3,VESPERTINA,DIARIO(REGULAR),CONSERVAR,Los códigos MINEDUC son distintos y representan registros administrativos independientes; no existe evidencia oficial para fusionarlos o eliminar uno.
355,13-01-0354-46,13-01-0355-46,Huehuetenango,COLEGIO MIXTO PRÓCERES PLUS FIN DE SEMANA,COLEGIO MIXTO PRÓCERES PLUS FIN DE SEMANA,100.0,2A. AVENIDA 4-04 ZONA 3,DOBLE,FIN DE SEMANA,CONSERVAR,Los códigos MINEDUC son distintos y representan registros administrativos independientes; no existe evidencia oficial para fusionarlos o eliminar uno.
356,13-01-0180-46,13-01-7142-46,Huehuetenango,COLEGIO PRIVADO MIXTO AMERICANO,COLEGIO PRIVADO MIXTO AMERICANO,100.0,3A. AVENIDA 1-140 ZONA 3,DOBLE,FIN DE SEMANA,CONSERVAR,Los códigos MINEDUC son distintos y representan registros administrativos independientes; no existe evidencia oficial para fusionarlos o eliminar uno.
357,13-01-0289-46,13-01-1592-46,Huehuetenango,COLEGIO PRIVADO MIXTO AMERICANO,COLEGIO PRIVADO MIXTO AMERICANO,100.0,"3A. AVENIDA 1-140, ZONA 3",MATUTINA,DIARIO(REGULAR),CONSERVAR,Los códigos MINEDUC son distintos y representan registros administrativos independientes; no existe evidencia oficial para fusionarlos o eliminar uno.
358,13-01-0244-46,13-01-0315-46,Huehuetenango,INSTITUTO TÉCNICO DE CAPACITACIÓN Y PRODUCTIVIDAD INTECAP,INSTITUTO TÉCNICO DE CAPACITACIÓN Y PRODUCTIVIDAD INTECAP,100.0,3A. CALLE FINAL ZACULEU CENTRAL ZONA 9,DOBLE,DIARIO(REGULAR),CONSERVAR,Los códigos MINEDUC son distintos y representan registros administrativos independientes; no existe evidencia oficial para fusionarlos o eliminar uno.
359,13-01-0268-46,13-01-0275-46,Huehuetenango,LICEO PRIVADO DE CIENCIAS COMERCIALES,LICEO PRIVADO DE CIENCIAS COMERCIALES,100.0,5A. AVENIDA 7-112 ZONA 1,DOBLE,FIN DE SEMANA,CONSERVAR,Los códigos MINEDUC son distintos y representan registros administrativos independientes; no existe evidencia oficial para fusionarlos o eliminar uno.
360,13-01-0268-46,13-01-0341-46,Huehuetenango,LICEO PRIVADO DE CIENCIAS COMERCIALES,LICEO PRIVADO DE CIENCIAS COMERCIALES,100.0,5A. AVENIDA 7-112 ZONA 1,DOBLE,FIN DE SEMANA,CONSERVAR,Los códigos MINEDUC son distintos y representan registros administrativos independientes; no existe evidencia oficial para fusionarlos o eliminar uno.
361,13-01-0275-46,13-01-0341-46,Huehuetenango,LICEO PRIVADO DE CIENCIAS COMERCIALES,LICEO PRIVADO DE CIENCIAS COMERCIALES,100.0,5A. AVENIDA 7-112 ZONA 1,DOBLE,FIN DE SEMANA,CONSERVAR,Los códigos MINEDUC son distintos y representan registros administrativos independientes; no existe evidencia oficial para fusionarlos o eliminar uno.
362,13-01-0291-46,13-01-6789-46,Huehuetenango,"COLEGIO PRIVADO MIXTO ""RAFAEL LANDIVAR""",COLEGIO PRIVADO MIXTO RAFAEL LANDIVAR,100.0,"5A. CALLE 11-66, ZONA 1",MATUTINA,DIARIO(REGULAR),CONSERVAR,Los códigos MINEDUC son distintos y representan registros administrativos independientes; no existe evidencia oficial para fusionarlos o eliminar uno.
363,13-01-0069-46,13-01-0434-46,Huehuetenango,"COLEGIO EVANGELICO MIXTO "" LA AURORA""","COLEGIO EVAGÉLICO MIXTO ""LA AURORA""",98.51,5A. CALLE 5-47 ZONA 1,VESPERTINA,DIARIO(REGULAR),CONSERVAR,Los códigos MINEDUC son distintos y representan registros administrativos independientes; no existe evidencia oficial para fusionarlos o eliminar uno.
364,13-01-0226-46,13-01-0322-46,Huehuetenango,CENTRO EDUCATIVO MARRIOT,CENTRO EDUCATIVO MARRIOT,100.0,7A. CALLE 6-52 ZONA 1,DOBLE,FIN DE SEMANA,CONSERVAR,Los códigos MINEDUC son distintos y representan registros administrativos independientes; no existe evidencia oficial para fusionarlos o eliminar uno.
365,13-01-0162-46,13-01-0163-46,Huehuetenango,COLEGIO EVANGELICO MIXTO CHIMUSINIQUE,COLEGIO EVANGELICO MIXTO CHIMUSINIQUE,100.0,ALDEA CHIMUSINIQUE,DOBLE,FIN DE SEMANA,CONSERVAR,Los códigos MINEDUC son distintos y representan registros administrativos independientes; no existe evidencia oficial para fusionarlos o eliminar uno.
366,13-01-7082-46,13-01-7083-46,Huehuetenango,LICEO PRIVADO MIXTO MONTESSORI,LICEO PRIVADO MIXTO MONTESSORI,100.0,ALDEA CHINACA,DOBLE,FIN DE SEMANA,CONSERVAR,Los códigos MINEDUC son distintos y representan registros administrativos independientes; no existe evidencia oficial para fusionarlos o eliminar uno.
367,13-01-0199-46,13-01-0243-46,Huehuetenango,COLEGIO PRIVADO MIXTO EL DIVINO MAESTRO,"COLEGIO PRIVADO MIXTO ""EL DIVINO MAESTRO""",100.0,ALDEA XINAXOJ,DOBLE,FIN DE SEMANA,CONSERVAR,Los códigos MINEDUC son distintos y representan registros administrativos independientes; no existe evidencia oficial para fusionarlos o eliminar uno.
368,13-01-7111-46,13-01-7133-46,Huehuetenango,"COLEGIO EVANGÉLICO PARA ADULTOS GUATEMALTECOS ""EL SHADDAI""",COLEGIO EVANGELICO PARA ADULTOS GUATEMALTECOS 'EL SHADDAI',100.0,COLONIA MAKEPEACE ZONA 1,DOBLE,FIN DE SEMANA,CONSERVAR,Los códigos MINEDUC son distintos y representan registros administrativos independientes; no existe evidencia oficial para fusionarlos o eliminar uno.
369,13-01-7090-46,13-01-7130-46,Huehuetenango,COLEGIO CRISTIANO TABERNACULO DE LA FE,COLEGIO CRISTIANO 'TABERNACULO DE LA FE',100.0,SECTOR IV CAMBOTE ZONA 11,MATUTINA,DIARIO(REGULAR),CONSERVAR,Los códigos MINEDUC son distintos y representan registros administrativos independientes; no existe evidencia oficial para fusionarlos o eliminar uno.
370,13-01-6951-46,13-01-6952-46,Huehuetenango,"COLEGIO PRIVADO MIXTO ""HERMANO PEDRO""",COLEGO PRIVADO MIXTO HERMANO PEDRO,98.55,ZACULEU CENTRAL ZONA 9,DOBLE,FIN DE SEMANA,CONSERVAR,Los códigos MINEDUC son distintos y representan registros administrativos independientes; no existe evidencia oficial para fusionarlos o eliminar uno.
371,20-11-0050-46,20-11-0051-46,Ipala,LICEO IPALTECO EN COMPUTACIÓN,LICEO IPALTECO EN COMPUTACIÓN,100.0,1A. CALLE 2-78 ZONA 4,VESPERTINA,DIARIO(REGULAR),CONSERVAR,Los códigos MINEDUC son distintos y representan registros administrativos independientes; no existe evidencia oficial para fusionarlos o eliminar uno.
372,20-11-0009-46,20-11-2086-46,Ipala,COLEGIO PRIVADO DE BACHILLERATO POR MADUREZ EMMANUEL,COLEGIO PRIVADO DE BACHILLERATO POR MADUREZ EMMANUEL,100.0,RUTA NACIONAL 1-23 ZONA 1,DOBLE,FIN DE SEMANA,CONSERVAR,Los códigos MINEDUC son distintos y representan registros administrativos independientes; no existe evidencia oficial para fusionarlos o eliminar uno.
373,14-20-0174-46,14-20-0175-46,Ixcán,LICEO MIXTO DEL NORTE FIN DE SEMANA,LICEO MIXTO DEL NORTE FIN DE SEMANA,100.0,"5TA. CALLE, ZONA 1, PLAYA GRANDE",DOBLE,FIN DE SEMANA,CONSERVAR,Los códigos MINEDUC son distintos y representan registros administrativos independientes; no existe evidencia oficial para fusionarlos o eliminar uno.
374,14-20-0162-46,14-20-5530-46,Ixcán,INSTITUTO DIVERSIFICADO MAYA PADRE GUILLERMO WOODS,INSTITUTO DIVERSIFICADO MAYA PADRE GUILLERMO WOODS,100.0,PARCELAMIENTO PUEBLO NUEVO,MATUTINA,DIARIO(REGULAR),CONSERVAR,Los códigos MINEDUC son distintos y representan registros administrativos independientes; no existe evidencia oficial para fusionarlos o eliminar uno.
375,14-20-0126-46,14-20-0152-46,Ixcán,INSTITUTO NORMAL MIXTO CIENCIA Y ARTE,INSTITUTO NORMAL MIXTO CIENCIA Y ARTE,100.0,ZONA 1 PLAYA GRANDE,DOBLE,FIN DE SEMANA,CONSERVAR,Los códigos MINEDUC son distintos y representan registros administrativos independientes; no existe evidencia oficial para fusionarlos o eliminar uno.
376,14-20-0126-46,14-20-5966-46,Ixcán,INSTITUTO NORMAL MIXTO CIENCIA Y ARTE,INSTITUTO NORMAL MIXTO CIENCIA Y ARTE,100.0,ZONA 1 PLAYA GRANDE,DOBLE,FIN DE SEMANA,CONSERVAR,Los códigos MINEDUC son distintos y representan registros administrativos independientes; no existe evidencia oficial para fusionarlos o eliminar uno.
377,14-20-0152-46,14-20-5966-46,Ixcán,INSTITUTO NORMAL MIXTO CIENCIA Y ARTE,INSTITUTO NORMAL MIXTO CIENCIA Y ARTE,100.0,ZONA 1 PLAYA GRANDE,DOBLE,FIN DE SEMANA,CONSERVAR,Los códigos MINEDUC son distintos y representan registros administrativos independientes; no existe evidencia oficial para fusionarlos o eliminar uno.
378,14-20-0124-46,14-20-5707-46,Ixcán,INSTITUTO NORMAL MIXTO CIENCIA Y ARTE,INSTITUTO NORMAL MIXTO CIENCIA Y ARTE,100.0,ZONA 1 PLAYA GRANDE,VESPERTINA,DIARIO(REGULAR),CONSERVAR,Los códigos MINEDUC son distintos y representan registros administrativos independientes; no existe evidencia oficial para fusionarlos o eliminar uno.
379,05-10-0020-46,05-10-0033-46,Iztapa,CENTRO EDUCATIVO JOSE MARTI,CENTRO EDUCATIVO JOSÉ MARTÍ,100.0,5A. AVENIDA 3-60 ZONA 1,VESPERTINA,DIARIO(REGULAR),CONSERVAR,Los códigos MINEDUC son distintos y representan registros administrativos independientes; no existe evidencia oficial para fusionarlos o eliminar uno.
380,05-10-0019-46,05-10-0025-46,Iztapa,CENTRO EDUCATIVO JOSE MARTI,CENTRO EDUCATIVO JOSÉ MARTÍ,100.0,5A. AVENIDA 3-60 ZONA 1,MATUTINA,DIARIO(REGULAR),CONSERVAR,Los códigos MINEDUC son distintos y representan registros administrativos independientes; no existe evidencia oficial para fusionarlos o eliminar uno.
381,05-10-0019-46,05-10-0032-46,Iztapa,CENTRO EDUCATIVO JOSE MARTI,CENTRO EDUCATIVO JOSÉ MARTÍ,100.0,5A. AVENIDA 3-60 ZONA 1,MATUTINA,DIARIO(REGULAR),CONSERVAR,Los códigos MINEDUC son distintos y representan registros administrativos independientes; no existe evidencia oficial para fusionarlos o eliminar uno.
382,05-10-0025-46,05-10-0032-46,Iztapa,CENTRO EDUCATIVO JOSÉ MARTÍ,CENTRO EDUCATIVO JOSÉ MARTÍ,100.0,5A. AVENIDA 3-60 ZONA 1,MATUTINA,DIARIO(REGULAR),CONSERVAR,Los códigos MINEDUC son distintos y representan registros administrativos independientes; no existe evidencia oficial para fusionarlos o eliminar uno.
383,05-10-0035-46,05-10-0036-46,Iztapa,"COLEGIO PARTICULAR MIXTO ""IXTAPAN""","COLEGIO PARTICULAR MIXTO ""IXTAPAN""",100.0,5TA. AVE. 3-80 ZONA 1 BARRIO EL MORÓN,DOBLE,FIN DE SEMANA,CONSERVAR,Los códigos MINEDUC son distintos y representan registros administrativos independientes; no existe evidencia oficial para fusionarlos o eliminar uno.
384,13-07-0063-46,13-07-0064-46,Jacaltenango,"INSTITUTO PRIVADO MIXTO DIVERSIFICADO ""JACALTENANGO""","INSTITUTO PRIVADO MIXTO DIVERSIFICADO ""JACALTENANGO""",100.0,CANTÓN SAN SEBASTIAN,DOBLE,FIN DE SEMANA,CONSERVAR,Los códigos MINEDUC son distintos y representan registros administrativos independientes; no existe evidencia oficial para fusionarlos o eliminar uno.
385,21-01-0330-46,21-01-0791-46,Jalapa,"INSTITUTO PARTICULAR MIXTO DE BACHILLERATO POR MADUREZ ""XALAPAN""",INSTITUTO PARTICULAR MIXTO DE BACHILLERATO POR MADUREZ XALAPAN,100.0,1A. CALLE 2-06- ZONA 1,DOBLE,FIN DE SEMANA,CONSERVAR,Los códigos MINEDUC son distintos y representan registros administrativos independientes; no existe evidencia oficial para fusionarlos o eliminar uno.
386,21-01-0271-46,21-01-1252-46,Jalapa,INSTITUTO TÉCNICO PROFESIONAL MIGUEL ANGEL ASTURIAS,"INSTITUTO TÉCNICO PROFESIONAL ""MIGUEL ANGEL ASTURIAS""",100.0,"1A. CALLE 6-61 ZONA 1, BARRIO LA DEMOCRACIA",DOBLE,FIN DE SEMANA,CONSERVAR,Los códigos MINEDUC son distintos y representan registros administrativos independientes; no existe evidencia oficial para fusionarlos o eliminar uno.
387,21-01-0256-46,21-01-0297-46,Jalapa,"COLEGIO ""SAGRADO CORAZON""","COLEGIO ""SAGRADO CORAZON""",100.0,3RA. CALLE 2-47 ZONA 2 BARRIO SAN FRANCISCO,DOBLE,FIN DE SEMANA,CONSERVAR,Los códigos MINEDUC son distintos y representan registros administrativos independientes; no existe evidencia oficial para fusionarlos o eliminar uno.
388,21-01-0382-46,21-01-0383-46,Jalapa,"COLEGIO PREUNIVERSITARIO ""JUAN PABLO II""","COLEGIO PREUNIVERSITARIO ""JUAN PABLO II""",100.0,CALLE TRÁNSITO ROJAS 0-73 ZONA 5,DOBLE,FIN DE SEMANA,CONSERVAR,Los códigos MINEDUC son distintos y representan registros administrativos independientes; no existe evidencia oficial para fusionarlos o eliminar uno.
389,21-01-0359-46,21-01-1456-46,Jalapa,"COLEGIO PARTICULAR MIXTO ""LICEO JALAPA""",COLEGIO PARTICULAR MIXTO 'LICEO JALAPA',100.0,"CALLE TRÁNSITO ROJAS 7-60 ZONA 1, BARRIO LA DEMOCRACIA",DOBLE,FIN DE SEMANA,CONSERVAR,Los códigos MINEDUC son distintos y representan registros administrativos independientes; no existe evidencia oficial para fusionarlos o eliminar uno.
390,21-01-0231-46,21-01-0233-46,Jalapa,COLEGIO PARTICULAR MIXTO POR MADUREZ OSCAR DE LEON PALACIOS,COLEGIO PARTICULAR MIXTO POR MADUREZ OSCAR DE LEON PALACIOS,100.0,CALLE TRANSITO ROJAS 8-54 ZONA 2,DOBLE,FIN DE SEMANA,CONSERVAR,Los códigos MINEDUC son distintos y representan registros administrativos independientes; no existe evidencia oficial para fusionarlos o eliminar uno.
391,22-12-0044-46,22-12-0056-46,Jalpatagua,"COLEGIO PARTICULAR MIXTO EVANGELICO ""SAMARIA""","COLEGIO PARTICULAR MIXTO EVANGELICO ""SAMARIA""",100.0,"5TA. CALLE, 1-93 ZONA 2",DOBLE,FIN DE SEMANA,CONSERVAR,Los códigos MINEDUC son distintos y representan registros administrativos independientes; no existe evidencia oficial para fusionarlos o eliminar uno.
392,20-04-0069-46,20-04-0134-46,Jocotán,COLEGIO CENTRO CULTURAL CAMPO REAL,COLEGIO CENTRO CULTURAL CAMPO REAL,100.0,BARRIO SAN LORENZO,DOBLE,FIN DE SEMANA,CONSERVAR,Los códigos MINEDUC son distintos y representan registros administrativos independientes; no existe evidencia oficial para fusionarlos o eliminar uno.
393,20-04-0069-46,20-04-0135-46,Jocotán,COLEGIO CENTRO CULTURAL CAMPO REAL,COLEGIO CENTRO CULTURAL CAMPO REAL,100.0,BARRIO SAN LORENZO,DOBLE,FIN DE SEMANA,CONSERVAR,Los códigos MINEDUC son distintos y representan registros administrativos independientes; no existe evidencia oficial para fusionarlos o eliminar uno.
394,20-04-0134-46,20-04-0135-46,Jocotán,COLEGIO CENTRO CULTURAL CAMPO REAL,COLEGIO CENTRO CULTURAL CAMPO REAL,100.0,BARRIO SAN LORENZO,DOBLE,FIN DE SEMANA,CONSERVAR,Los códigos MINEDUC son distintos y representan registros administrativos independientes; no existe evidencia oficial para fusionarlos o eliminar uno.
395,20-04-0001-46,20-04-0104-46,Jocotán,COLEGIO PRIVADO MIXTO POR MADUREZ VISION 2008,COLEGIO PRIVADO MIXTO POR MADUREZ VISION 2008,100.0,BARRIO SAN SEBASTIAN,DOBLE,FIN DE SEMANA,CONSERVAR,Los códigos MINEDUC son distintos y representan registros administrativos independientes; no existe evidencia oficial para fusionarlos o eliminar uno.
396,03-02-0269-46,03-02-1399-46,Jocotenango,COLEGIO MIXTO LICEO LATINO,COLEGIO MIXTO LICEO LATINO,100.0,LOTIFICACION LOLITA NO. 5 ZONA 4,VESPERTINA,DIARIO(REGULAR),CONSERVAR,Los códigos MINEDUC son distintos y representan registros administrativos independientes; no existe evidencia oficial para fusionarlos o eliminar uno.
397,03-02-1232-46,03-02-1233-46,Jocotenango,COLEGIO MIXTO LICEO CLASICO KENNEDY ANEXO A COLEGIO MIXTO LICEO LATINO,COLEGIO MIXTO LICEO CLASICO KENNEDY ANEXO A COLEGIO MIXTO LICEO LATINO,100.0,LOTIFICACION LOLITA NO. 5 ZONA 4,MATUTINA,SABATINO,CONSERVAR,Los códigos MINEDUC son distintos y representan registros administrativos independientes; no existe evidencia oficial para fusionarlos o eliminar uno.
398,14-12-0122-46,14-12-0125-46,Joyabaj,"LICEO PRIVADO ""SANTA MARÍA""","LICEO PRIVADO ""SANTA MARIA""",100.0,BARRIO LA LIBERTAD,DOBLE,FIN DE SEMANA,CONSERVAR,Los códigos MINEDUC son distintos y representan registros administrativos independientes; no existe evidencia oficial para fusionarlos o eliminar uno.
399,22-01-0321-46,22-01-2196-46,Jutiapa,INSTITUTO TECNICO PARTICULAR DE DIVERSIFICADO -INTECPADI-,INSTITUTO TECNICO PARTICULAR DE DIVERSIFICADO INTECPADI,100.0,5TA. CALLE 5-43 ZONA 1,DOBLE,DIARIO(REGULAR),CONSERVAR,Los códigos MINEDUC son distintos y representan registros administrativos independientes; no existe evidencia oficial para fusionarlos o eliminar uno.
400,22-01-0302-46,22-01-0320-46,Jutiapa,INSTITUTO TÉCNICO PARTICULAR DE DIVERSIFICADO -INTECPADI-,INSTITUTO TECNICO PARTICULAR DE DIVERSIFICADO -INTECPADI-,100.0,5TA. CALLE 5-43 ZONA 1,MATUTINA,DIARIO(REGULAR),CONSERVAR,Los códigos MINEDUC son distintos y representan registros administrativos independientes; no existe evidencia oficial para fusionarlos o eliminar uno.
401,22-01-0451-46,22-01-0452-46,Jutiapa,INED INSTITUTO NACIONAL DE EDUCACIÓN DIVERSIFICADA,INED INSTITUTO NACIONAL DE EDUCACION DIVERSIFICADA,100.0,ALDEA JÍCARO GRANDE,VESPERTINA,DIARIO(REGULAR),CONSERVAR,Los códigos MINEDUC son distintos y representan registros administrativos independientes; no existe evidencia oficial para fusionarlos o eliminar uno.
402,22-01-0451-46,22-01-0453-46,Jutiapa,INED INSTITUTO NACIONAL DE EDUCACIÓN DIVERSIFICADA,INED INSTITUTO NACIONAL DE EDUCACION DIVERSIFICADA,100.0,ALDEA JÍCARO GRANDE,VESPERTINA,DIARIO(REGULAR),CONSERVAR,Los códigos MINEDUC son distintos y representan registros administrativos independientes; no existe evidencia oficial para fusionarlos o eliminar uno.
403,22-01-0452-46,22-01-0453-46,Jutiapa,INED INSTITUTO NACIONAL DE EDUCACION DIVERSIFICADA,INED INSTITUTO NACIONAL DE EDUCACION DIVERSIFICADA,100.0,"ALDEA JICARO GRANDE,",VESPERTINA,DIARIO(REGULAR),CONSERVAR,Los códigos MINEDUC son distintos y representan registros administrativos independientes; no existe evidencia oficial para fusionarlos o eliminar uno.
404,22-01-0381-46,22-01-0382-46,Jutiapa,CENTRO DE INTEGRACIÓN DE TÉCNICAS EDUCATIVAS -CITE-,CENTRO DE INTEGRACIÓN DE TÉCNICAS EDUCATIVAS -CITE-,100.0,CARRETERA INTERAMERICACANA P6 ZONA 4,VESPERTINA,VIRTUAL A DISTANCIA,CONSERVAR,Los códigos MINEDUC son distintos y representan registros administrativos independientes; no existe evidencia oficial para fusionarlos o eliminar uno.
405,22-01-0664-46,22-01-0725-46,Jutiapa,ESCUELA EN CIENCIAS DE LA COMUNICACION ECCO,ESCUELA EN CIENCIAS DE LA COMUNICACION ECCO,100.0,KM. 116.5,DOBLE,FIN DE SEMANA,CONSERVAR,Los códigos MINEDUC son distintos y representan registros administrativos independientes; no existe evidencia oficial para fusionarlos o eliminar uno.
406,12-30-0057-46,12-30-0065-46,La Blanca,COLEGIO PRIVADO URBANO MIXTO LICEO MODERNO,"COLEGIO PRIVADO URBANO MIXTO ""LICEO MODERNO""",100.0,CABECERA MUNICIPAL,DOBLE,FIN DE SEMANA,CONSERVAR,Los códigos MINEDUC son distintos y representan registros administrativos independientes; no existe evidencia oficial para fusionarlos o eliminar uno.
407,12-30-0072-46,12-30-0073-46,La Blanca,"""COLEGIO EDUCATIVO MIXTO LUNA AZUL -CEMLA-""","""COLEGIO EDUCATIVO MIXTO LUNA AZUL -CEMLA-""",100.0,PARCELAMIENTO CHIQUIRINES,DOBLE,FIN DE SEMANA,CONSERVAR,Los códigos MINEDUC son distintos y representan registros administrativos independientes; no existe evidencia oficial para fusionarlos o eliminar uno.
408,12-30-0069-46,12-30-0080-46,La Blanca,"""COLEGIO EDUCATIVO MIXTO LUNA AZUL -CEMLA-""","""COLEGIO EDUCATIVO MIXTO LUNA AZUL -CEMLA-""",100.0,PARCELAMIENTO CHIQUIRINES,VESPERTINA,DIARIO(REGULAR),CONSERVAR,Los códigos MINEDUC son distintos y representan registros administrativos independientes; no existe evidencia oficial para fusionarlos o eliminar uno.
409,05-03-0029-46,05-03-0051-46,La Democracia,COLEGIO ITALIANO DEL SUR,COLEGIO ITALIANO DEL SUR,100.0,5TA. AVENIDA Y 5TA CALLE A UN COSTADO DE LA IGLESIA CATOLICA,VESPERTINA,DIARIO(REGULAR),CONSERVAR,Los códigos MINEDUC son distintos y representan registros administrativos independientes; no existe evidencia oficial para fusionarlos o eliminar uno.
410,13-12-0075-46,13-12-0086-46,La Democracia,INSTITUTO PRIVADO MIXTO ESFUERZO,"INSTITUTO PRIVADO MIXTO ""ESFUERZO""",100.0,ALDEA CAMOJALLITO,DOBLE,FIN DE SEMANA,CONSERVAR,Los códigos MINEDUC son distintos y representan registros administrativos independientes; no existe evidencia oficial para fusionarlos o eliminar uno.
411,13-12-0075-46,13-12-0097-46,La Democracia,INSTITUTO PRIVADO MIXTO ESFUERZO,INSTITUTO PRIVADO MIXTO ESFUERZO,100.0,ALDEA CAMOJALLITO,DOBLE,FIN DE SEMANA,CONSERVAR,Los códigos MINEDUC son distintos y representan registros administrativos independientes; no existe evidencia oficial para fusionarlos o eliminar uno.
412,13-12-0081-46,13-12-5947-46,La Democracia,INSTITUTO PARTICULAR MIXTO DEMOCRACENSE,INSTITUTO PARTICULAR MIXTO DEMOCRACENSE,100.0,ALDEA CAMOJALLITO,DOBLE,FIN DE SEMANA,CONSERVAR,Los códigos MINEDUC son distintos y representan registros administrativos independientes; no existe evidencia oficial para fusionarlos o eliminar uno.
413,13-12-0086-46,13-12-0097-46,La Democracia,"INSTITUTO PRIVADO MIXTO ""ESFUERZO""",INSTITUTO PRIVADO MIXTO ESFUERZO,100.0,ALDEA CAMOJALLITO,DOBLE,FIN DE SEMANA,CONSERVAR,Los códigos MINEDUC son distintos y representan registros administrativos independientes; no existe evidencia oficial para fusionarlos o eliminar uno.
414,13-12-0111-46,13-12-0126-46,La Democracia,"INSTITUTO PRIVADO MIXTO ""ESFUERZO""","INSTITUTO PRIVADO MIXTO ""ESFUERZO""",100.0,ALDEA CAMOJALLITO,VESPERTINA,DIARIO(REGULAR),CONSERVAR,Los códigos MINEDUC son distintos y representan registros administrativos independientes; no existe evidencia oficial para fusionarlos o eliminar uno.
415,13-12-0113-46,13-12-0114-46,La Democracia,"INSTITUTO PRIVADO MIXTO ""SUPERACIÓN""","INSTITUTO PRIVADO MIXTO ""SUPERACIÓN""",100.0,ALDEA SANTA ROSA,DOBLE,FIN DE SEMANA,CONSERVAR,Los códigos MINEDUC son distintos y representan registros administrativos independientes; no existe evidencia oficial para fusionarlos o eliminar uno.
416,05-03-0011-46,05-03-2930-46,La Democracia,INSTITUTO MUNICIPAL DE EDUCACION BASICA Y BACHILLERATO POR MADUREZ,INSTITUTO MUNICIPAL DE EDUCACION BASICA Y BACHILLERATO POR MADUREZ,100.0,FRENTE COLONIA LA CAMPIÑA,DOBLE,FIN DE SEMANA,CONSERVAR,Los códigos MINEDUC son distintos y representan registros administrativos independientes; no existe evidencia oficial para fusionarlos o eliminar uno.
417,09-23-0032-46,09-23-0033-46,La Esperanza,INSTITUTO DE ESTUDIOS ALTERNATIVOS DE GUATEMALA,INSTITUTO DE ESTUDIOS ALTERNATIVOS DE GUATEMALA,100.0,3A AVENIDA 1-30 ZONA 3,DOBLE,A DISTANCIA,CONSERVAR,Los códigos MINEDUC son distintos y representan registros administrativos independientes; no existe evidencia oficial para fusionarlos o eliminar uno.
418,09-23-0040-46,09-23-0041-46,La Esperanza,COLEGIO IDEA,COLEGIO IDEA,100.0,3RA. AVENIDA 1-30 ZONA 3,DOBLE,A DISTANCIA,CONSERVAR,Los códigos MINEDUC son distintos y representan registros administrativos independientes; no existe evidencia oficial para fusionarlos o eliminar uno.
419,05-07-0063-46,05-07-0066-46,La Gomera,"COLEGIO MIXTO ""LUIS CARDOZA Y ARAGÓN""","COLEGIO MIXTO ""LUIS CARDOZA Y ARAGÓN""",100.0,4A AVENIDA 5-112 CALLE PRINCIPAL BARRIO CHIPILAPA,VESPERTINA,DIARIO(REGULAR),CONSERVAR,Los códigos MINEDUC son distintos y representan registros administrativos independientes; no existe evidencia oficial para fusionarlos o eliminar uno.
420,17-05-0260-46,17-05-0317-46,La Libertad,"""CENTRO DE EDUCACION INTEGRAL EL NARANJO""",CENTRO DE EDUCACION INTEGRAL EL NARANJO,100.0,ALDEA EL NARANJO,DOBLE,FIN DE SEMANA,CONSERVAR,Los códigos MINEDUC son distintos y representan registros administrativos independientes; no existe evidencia oficial para fusionarlos o eliminar uno.
421,17-05-0208-46,17-05-0210-46,La Libertad,"COLEGIO DE CIENCIAS COMERCIALES LAS CRUCES, CON ORIENTACION EN COMPUTACION","COLEGIO DE CIENCIAS COMERCIALES LAS CRUCES, CON ORIENTACION EN COMPUTACION",100.0,ALDEA LAS CRUCES,MATUTINA,DIARIO(REGULAR),CONSERVAR,Los códigos MINEDUC son distintos y representan registros administrativos independientes; no existe evidencia oficial para fusionarlos o eliminar uno.
422,17-05-0305-46,17-05-0306-46,La Libertad,ESCUELA NORMAL CON ORIENTACION AMBIENTAL,ESCUELA NORMAL CON ORIENTACION AMBIENTAL,100.0,BARRIO EL CENTRO,DOBLE,FIN DE SEMANA,CONSERVAR,Los códigos MINEDUC son distintos y representan registros administrativos independientes; no existe evidencia oficial para fusionarlos o eliminar uno.
423,17-05-0305-46,17-05-4067-46,La Libertad,ESCUELA NORMAL CON ORIENTACION AMBIENTAL,ESCUELA NORMAL CON ORIENTACION AMBIENTAL,100.0,BARRIO EL CENTRO,DOBLE,FIN DE SEMANA,CONSERVAR,Los códigos MINEDUC son distintos y representan registros administrativos independientes; no existe evidencia oficial para fusionarlos o eliminar uno.
424,17-05-0306-46,17-05-4067-46,La Libertad,ESCUELA NORMAL CON ORIENTACION AMBIENTAL,ESCUELA NORMAL CON ORIENTACION AMBIENTAL,100.0,BARRIO EL CENTRO,DOBLE,FIN DE SEMANA,CONSERVAR,Los códigos MINEDUC son distintos y representan registros administrativos independientes; no existe evidencia oficial para fusionarlos o eliminar uno.
425,17-05-0320-46,17-05-0321-46,La Libertad,CENTRO EDUCATIVO GUADALUPANO,CENTRO EDUCATIVO GUADALUPANO,100.0,BARRIO EL CENTRO,DOBLE,FIN DE SEMANA,CONSERVAR,Los códigos MINEDUC son distintos y representan registros administrativos independientes; no existe evidencia oficial para fusionarlos o eliminar uno.
426,17-05-0232-46,17-05-0234-46,La Libertad,LICEO MIXTO MODERNO SANTA FE,LICEO MIXTO MODERNO SANTA FE,100.0,BARRIO EL CENTRO,VESPERTINA,DIARIO(REGULAR),CONSERVAR,Los códigos MINEDUC son distintos y representan registros administrativos independientes; no existe evidencia oficial para fusionarlos o eliminar uno.
427,17-05-0302-46,17-05-0355-46,La Libertad,"COLEGIO MIXTO DE EDUCACIÓN MEDIA ""EL INNOVADOR""","COLEGO MIXTO DE EDUCACION MEDIA ""EL INNOVADOR""",98.88,CASERIO GUATELINDA SAN DIEGO,DOBLE,FIN DE SEMANA,CONSERVAR,Los códigos MINEDUC son distintos y representan registros administrativos independientes; no existe evidencia oficial para fusionarlos o eliminar uno.
428,16-16-0135-46,16-16-0139-46,La Tinta,LICEO CRISTIANO EBENEZER,LICEO CRISTIANO EBENEZER,100.0,"BARRIO CAMPO NUEVO, ZONA 2",MATUTINA,DIARIO(REGULAR),CONSERVAR,Los códigos MINEDUC son distintos y representan registros administrativos independientes; no existe evidencia oficial para fusionarlos o eliminar uno.
429,19-09-0061-46,19-09-0062-46,La Unión,INED INSTITUTO NACIONAL DE EDUCACIÓN DIVERSIFICADA,INED INSTITUTO NACIONAL DE EDUCACIÓN DIVERSIFICADA,100.0,ALDEA CAMPANARIO PROGRESO,VESPERTINA,DIARIO(REGULAR),CONSERVAR,Los códigos MINEDUC son distintos y representan registros administrativos independientes; no existe evidencia oficial para fusionarlos o eliminar uno.
430,17-13-0118-46,17-13-0120-46,Las Cruces,"COLEGIO DE CIENCIAS COMERCIALES ""LAS CRUCES""","COLEGIO DE CIENCIAS COMERCIALES ""LAS CRUCES""",100.0,2 AVE. 2 CALLE ZONA 1,MATUTINA,DIARIO(REGULAR),CONSERVAR,Los códigos MINEDUC son distintos y representan registros administrativos independientes; no existe evidencia oficial para fusionarlos o eliminar uno.
431,17-13-0126-46,17-13-0154-46,Las Cruces,COLEGIO PRIVADO MIXTO JESUS EL DIVINO MAESTRO,COLEGIO PRIVADO MIXTO JESUS EL DIVINO MAESTRO,100.0,ALDEA BETHANIA,DOBLE,FIN DE SEMANA,CONSERVAR,Los códigos MINEDUC son distintos y representan registros administrativos independientes; no existe evidencia oficial para fusionarlos o eliminar uno.
432,18-02-0110-46,18-02-0317-46,Livingston,"INSTITUTO PRIVADO MIXTO DE FORMACION JUVENIL ""RIO DULCE""","INSTITUTO PRIVADO MIXTO DE FORMACIÓN JUVENIL ""RÍO DULCE""",100.0,"ALDEA FRONTERAS, RIO DULCE",DOBLE,FIN DE SEMANA,CONSERVAR,Los códigos MINEDUC son distintos y representan registros administrativos independientes; no existe evidencia oficial para fusionarlos o eliminar uno.
433,18-02-0108-46,18-02-0316-46,Livingston,"INSTITUTO PRIVADO MIXTO DE FORMACION JUVENIL ""RIO DULCE""","INSTITUTO PRIVADO MIXTO DE FORMACIÓN JUVENIL ""RÍO DULCE""",100.0,ALDEA FRONTERAS RIO DULCE,VESPERTINA,DIARIO(REGULAR),CONSERVAR,Los códigos MINEDUC son distintos y representan registros administrativos independientes; no existe evidencia oficial para fusionarlos o eliminar uno.
434,18-02-0276-46,18-02-0280-46,Livingston,COLEGIO PARTICULAR MIXTO MUNDO JUVENIL,COLEGIO PARTICULAR MIXTO MUNDO JUVENIL,100.0,BARRIO EL TALLER FRONTERAS ALDEA FRONTERAS,DOBLE,FIN DE SEMANA,CONSERVAR,Los códigos MINEDUC son distintos y representan registros administrativos independientes; no existe evidencia oficial para fusionarlos o eliminar uno.
435,18-02-0382-46,18-02-0383-46,Livingston,COLEGIO PARTICULAR MIXTO MUNDO JUVENIL,COLEGIO PARTICULAR MIXTO MUNDO JUVENIL,100.0,"BARRIO SAN MIGUEL, ALDEA FRONTERAS, RIO DULCE",NOCTURNA,DIARIO(REGULAR),CONSERVAR,Los códigos MINEDUC son distintos y representan registros administrativos independientes; no existe evidencia oficial para fusionarlos o eliminar uno.
436,18-05-0094-46,18-05-0106-46,Los Amates,LICEO PRIVADO MIXTO TINAMITH MANUEL COLOM ARGUETA,"LICEO PRIVADO MIXTO TINAMITH ""MANUEL COLOM ARGUETA",100.0,ALDEA QUIRIGUA,MATUTINA,DIARIO(REGULAR),CONSERVAR,Los códigos MINEDUC son distintos y representan registros administrativos independientes; no existe evidencia oficial para fusionarlos o eliminar uno.
437,18-05-0146-46,18-05-0147-46,Los Amates,"COLEGIO CATOLICO MIXTO ""NUEVO SAN JOSÉ""","COLEGIO CATÓLICO MIXTO ""NUEVO SAN JOSÉ""",100.0,BARRIO EL CEMENTERIO,VESPERTINA,DIARIO(REGULAR),CONSERVAR,Los códigos MINEDUC son distintos y representan registros administrativos independientes; no existe evidencia oficial para fusionarlos o eliminar uno.
438,18-05-0086-46,18-05-0118-46,Los Amates,CENTRO EDUCATIVO MAYA,CENTRO EDUCATIVO MAYA,100.0,BARRIO LA CASONA,DOBLE,FIN DE SEMANA,CONSERVAR,Los códigos MINEDUC son distintos y representan registros administrativos independientes; no existe evidencia oficial para fusionarlos o eliminar uno.
439,18-05-0084-46,18-05-0114-46,Los Amates,CENTRO EDUCATIVO MAYA,CENTRO EDUCATIVO MAYA,100.0,BARRIO LA CASONA,VESPERTINA,DIARIO(REGULAR),CONSERVAR,Los códigos MINEDUC son distintos y representan registros administrativos independientes; no existe evidencia oficial para fusionarlos o eliminar uno.
440,18-05-0084-46,18-05-0117-46,Los Amates,CENTRO EDUCATIVO MAYA,CENTRO EDUCATIVO MAYA,100.0,BARRIO LA CASONA,VESPERTINA,DIARIO(REGULAR),CONSERVAR,Los códigos MINEDUC son distintos y representan registros administrativos independientes; no existe evidencia oficial para fusionarlos o eliminar uno.
441,18-05-0114-46,18-05-0117-46,Los Amates,CENTRO EDUCATIVO MAYA,CENTRO EDUCATIVO MAYA,100.0,BARRIO LA CASONA,VESPERTINA,DIARIO(REGULAR),CONSERVAR,Los códigos MINEDUC son distintos y representan registros administrativos independientes; no existe evidencia oficial para fusionarlos o eliminar uno.
442,18-05-0152-46,18-05-0153-46,Los Amates,CENTRO EDUCATIVO MAYA,CENTRO EDUCATIVO MAYA,100.0,BARRIO LA CASONA,NOCTURNA,DIARIO(REGULAR),CONSERVAR,Los códigos MINEDUC son distintos y representan registros administrativos independientes; no existe evidencia oficial para fusionarlos o eliminar uno.
443,18-05-0152-46,18-05-0154-46,Los Amates,CENTRO EDUCATIVO MAYA,CENTRO EDUCATIVO MAYA,100.0,BARRIO LA CASONA,NOCTURNA,DIARIO(REGULAR),CONSERVAR,Los códigos MINEDUC son distintos y representan registros administrativos independientes; no existe evidencia oficial para fusionarlos o eliminar uno.
444,18-05-0153-46,18-05-0154-46,Los Amates,CENTRO EDUCATIVO MAYA,CENTRO EDUCATIVO MAYA,100.0,BARRIO LA CASONA,NOCTURNA,DIARIO(REGULAR),CONSERVAR,Los códigos MINEDUC son distintos y representan registros administrativos independientes; no existe evidencia oficial para fusionarlos o eliminar uno.
445,18-05-0124-46,18-05-0125-46,Los Amates,"LICEO PRIVADO MIXTO ""HAMA"" LIC. HOLCAR ALEXANDER MORALES ARROYO","LICEO PRIVADO MIXTO ""HAMA"" LIC. HOLCAR ALEXANDER MORALES ARROYO",100.0,"BARRIO TOLTEC, ALDEA QUIRIGUA",DOBLE,FIN DE SEMANA,CONSERVAR,Los códigos MINEDUC son distintos y representan registros administrativos independientes; no existe evidencia oficial para fusionarlos o eliminar uno.
446,18-05-0133-46,18-05-0134-46,Los Amates,"COLEGIO PRIVADO ""LIC. DAVID VELA""","COLEGIO PRIVADO ""LIC. DAVID VELA""",100.0,KILOMETRO 200 RUTA AL ATLÁNTICO,DOBLE,FIN DE SEMANA,CONSERVAR,Los códigos MINEDUC son distintos y representan registros administrativos independientes; no existe evidencia oficial para fusionarlos o eliminar uno.
447,12-15-0097-46,12-15-0144-46,Malacatán,"LICEO PRE-UNIVERSITARIO ""LA FE""","LICEO PRE-UNIVERSITARIO ""LA FE""",100.0,1A. AVENIDA 1-41 ZONA 1,DOBLE,FIN DE SEMANA,CONSERVAR,Los códigos MINEDUC son distintos y representan registros administrativos independientes; no existe evidencia oficial para fusionarlos o eliminar uno.
448,12-15-0209-46,12-15-0210-46,Malacatán,LICEO PREPARATORIA,LICEO PREPARATORIA,100.0,2A.CALLE 6-50 ZONA 1,MATUTINA,DIARIO(REGULAR),CONSERVAR,Los códigos MINEDUC son distintos y representan registros administrativos independientes; no existe evidencia oficial para fusionarlos o eliminar uno.
449,12-15-0134-46,12-15-0135-46,Malacatán,"INSTITUTO PARTICULAR TECNICO VOCACIONAL ""PRACTICO MODERNO""","INSTITUTO PARTICULAR TECNICO VOCACIONAL ""PRACTICO MODERNO""",100.0,2DA. AVENIDA 1-42 ZONA 1,DOBLE,FIN DE SEMANA,CONSERVAR,Los códigos MINEDUC son distintos y representan registros administrativos independientes; no existe evidencia oficial para fusionarlos o eliminar uno.
450,12-15-0155-46,12-15-0156-46,Malacatán,"COLEGIO SUPERIOR ""HARVARD""","COLEGIO SUPERIOR ""HARVARD""",100.0,"2DA. CALLE 2-50 ZONA 1, CANTÓN SAN JUAN DE DIOS",DOBLE,FIN DE SEMANA,CONSERVAR,Los códigos MINEDUC son distintos y representan registros administrativos independientes; no existe evidencia oficial para fusionarlos o eliminar uno.
451,12-15-0142-46,12-15-0143-46,Malacatán,COLEGIO AMISADAI,COLEGIO AMISADAI,100.0,3RA. AVENIDA 6-43 ZONA 2,DOBLE,FIN DE SEMANA,CONSERVAR,Los códigos MINEDUC son distintos y representan registros administrativos independientes; no existe evidencia oficial para fusionarlos o eliminar uno.
452,12-15-0127-46,12-15-0128-46,Malacatán,"INSTITUTO PRIVADO MIXTO ""MALACATECO""","INSTITUTO PRIVADO MIXTO ""MALACATECO""",100.0,5A. AVENIDA 6-185 ZONA 2 CANTÓN MORAZÁN,DOBLE,FIN DE SEMANA,CONSERVAR,Los códigos MINEDUC son distintos y representan registros administrativos independientes; no existe evidencia oficial para fusionarlos o eliminar uno.
453,12-15-0114-46,12-15-0115-46,Malacatán,COLEGIO EVANGÉLICO MIXTO CENTROAMERICANO,COLEGIO EVANGÉLICO MIXTO CENTROAMERICANO,100.0,"6TA. CALLE FINAL, CANTÓN MORAZAN",DOBLE,FIN DE SEMANA,CONSERVAR,Los códigos MINEDUC son distintos y representan registros administrativos independientes; no existe evidencia oficial para fusionarlos o eliminar uno.
454,12-15-0093-46,12-15-3447-46,Malacatán,CENTRO DE ESTUDIOS POR MADUREZ CEEM,CENTRO DE ESTUDIOS POR MADUREZ CEEM,100.0,CABECERA MUNICIPAL,DOBLE,FIN DE SEMANA,CONSERVAR,Los códigos MINEDUC son distintos y representan registros administrativos independientes; no existe evidencia oficial para fusionarlos o eliminar uno.
455,12-15-0163-46,12-15-0164-46,Malacatán,INSTITUTO TECNOLÓGICO EMPRESARIAL,INSTITUTO TECNOLÓGICO EMPRESARIAL,100.0,CABECERA MUNICIPAL,DOBLE,FIN DE SEMANA,CONSERVAR,Los códigos MINEDUC son distintos y representan registros administrativos independientes; no existe evidencia oficial para fusionarlos o eliminar uno.
456,12-15-0054-46,12-15-0055-46,Malacatán,LICEO ESPAÑOL,LICEO ESPAÑOL,100.0,CANTÓN SAN SEBASTIÁN,DOBLE,FIN DE SEMANA,CONSERVAR,Los códigos MINEDUC son distintos y representan registros administrativos independientes; no existe evidencia oficial para fusionarlos o eliminar uno.
457,12-15-0166-46,12-15-0167-46,Malacatán,"INSTITUTO PRIVADO MIXTO ""SAN ANDRÉS DE LA VILLA""","INSTITUTO PRIVADO MIXTO ""SAN ANDRÉS DE LA VILLA""",100.0,CASERÍO VILLA NUEVA,DOBLE,FIN DE SEMANA,CONSERVAR,Los códigos MINEDUC son distintos y representan registros administrativos independientes; no existe evidencia oficial para fusionarlos o eliminar uno.
458,12-15-0172-46,12-15-0175-46,Malacatán,COLEGIO PRIVADO MIXTO EMANUEL,COLEGIO PRIVADO MIXTO EMANUEL,100.0,COLONIA ALEJOS 1-93 ZONA 1,DOBLE,FIN DE SEMANA,CONSERVAR,Los códigos MINEDUC son distintos y representan registros administrativos independientes; no existe evidencia oficial para fusionarlos o eliminar uno.
459,13-03-0048-46,13-03-0050-46,Malacatancito,COLEGIO MIXTO INTERCULTURAL MALACATANCITO,COLEGIO MIXTO INTERCULTURAL MALACATANCITO,100.0,CABECERA MUNICIPAL,DOBLE,FIN DE SEMANA,CONSERVAR,Los códigos MINEDUC son distintos y representan registros administrativos independientes; no existe evidencia oficial para fusionarlos o eliminar uno.
460,13-03-0067-46,13-03-0068-46,Malacatancito,"LICEO PRIVADO MIXTO ""EMANUEL""","LICEO PRIVADO MIXTO ""EMANUEL""",100.0,CABECERA MUNICIPAL,DOBLE,FIN DE SEMANA,CONSERVAR,Los códigos MINEDUC son distintos y representan registros administrativos independientes; no existe evidencia oficial para fusionarlos o eliminar uno.
461,05-05-0085-46,05-05-0086-46,Masagua,LICEO CRISTIANO LA SABIDURÍA DE LA VIDA,LICEO CRISTIANO LA SABIDURÍA DE LA VIDA,100.0,FINCA MARÍA DEL MAR ALDEA LA GUARDIANÍA,VESPERTINA,DIARIO(REGULAR),CONSERVAR,Los códigos MINEDUC son distintos y representan registros administrativos independientes; no existe evidencia oficial para fusionarlos o eliminar uno.
462,21-07-0089-46,21-07-0101-46,Mataquescuintla,COLEGIO PARTICULAR MIXTO CENTRO DE ESTUDIOS DE INFORMATICA COMPUMASTER,COLEGIO PARTICULAR MIXTO CENTRO DE ESTUDIOS DE INFORMÁTICA COMPUMASTER,100.0,2A. AVENIDA 7-06 ZONA 4,DOBLE,FIN DE SEMANA,CONSERVAR,Los códigos MINEDUC son distintos y representan registros administrativos independientes; no existe evidencia oficial para fusionarlos o eliminar uno.
463,21-07-0001-46,21-07-0119-46,Mataquescuintla,"COLEGIO PARTICULAR MIXTO ""EL DIVINO MAESTRO""","COLEGIO PARTICULAR MIXTO ""DIVINO MAESTRO""",96.3,3A. AVENIDA 1-44 ZONA 3,VESPERTINA,DIARIO(REGULAR),CONSERVAR,Los códigos MINEDUC son distintos y representan registros administrativos independientes; no existe evidencia oficial para fusionarlos o eliminar uno.
464,10-01-0251-46,10-01-0301-46,Mazatenango,"COLEGIO LATINOAMERICANO ""GOSPEL""",COLEGIO LATINOAMERICANO GOSPEL,100.0,"12 CALLE 4-45, ZONA 1",DOBLE,DIARIO(REGULAR),CONSERVAR,Los códigos MINEDUC son distintos y representan registros administrativos independientes; no existe evidencia oficial para fusionarlos o eliminar uno.
465,10-01-0333-46,10-01-0334-46,Mazatenango,COLEGIO LATINOAMERICANO GOSPEL,COLEGIO LATINOAMERICANO GOSPEL,100.0,12 CALLE 4-45 ZONA 1,DOBLE,FIN DE SEMANA,CONSERVAR,Los códigos MINEDUC son distintos y representan registros administrativos independientes; no existe evidencia oficial para fusionarlos o eliminar uno.
466,10-01-2506-46,10-01-2507-46,Mazatenango,"COLEGIO PARTICULAR MIXTO ""CENTROAMERICANO""","COLEGIO PARTICULAR MIXTO ""CENTROAMERICANO""",100.0,12 CALLE 5-03 ZONA 1,DOBLE,FIN DE SEMANA,CONSERVAR,Los códigos MINEDUC son distintos y representan registros administrativos independientes; no existe evidencia oficial para fusionarlos o eliminar uno.
467,10-01-0284-46,10-01-0285-46,Mazatenango,"COLEGIO PRIVADO ""RAFAEL LANDIVAR""","COLEGIO PRIVADO ""RAFAEL LANDIVAR""",100.0,12A. CALLE 4-57 ZONA 1,DOBLE,FIN DE SEMANA,CONSERVAR,Los códigos MINEDUC son distintos y representan registros administrativos independientes; no existe evidencia oficial para fusionarlos o eliminar uno.
468,10-01-0342-46,10-01-0343-46,Mazatenango,"COLEGIO PRIVADO MIXTO ""GALILEO GALILEI""","COLEGIO PRIVADO MIXTO ""GALILEO GALILEI""",100.0,1A. AVENIDA SUR FINAL 12-70 ZONA 2,DOBLE,FIN DE SEMANA,CONSERVAR,Los códigos MINEDUC son distintos y representan registros administrativos independientes; no existe evidencia oficial para fusionarlos o eliminar uno.
469,10-01-0391-46,10-01-0417-46,Mazatenango,"COLEGIO PRIVADO MIXTO ""GALILEO GALILEI""","COLEGIO PRIVADO MIXTO ""GALILEO GALILEI""",100.0,1A. AVENIDA SUR FINAL 12-70 ZONA 2,SIN JORNADA,SEMIPRESENCIAL (UN DÍA A LA SEMANA),CONSERVAR,Los códigos MINEDUC son distintos y representan registros administrativos independientes; no existe evidencia oficial para fusionarlos o eliminar uno.
470,10-01-0190-46,10-01-0191-46,Mazatenango,COLEGIO PRIVADO MIXTO NUESTRA SEÑORA DEL CARMEN,COLEGIO PRIVADO MIXTO NUESTRA SEÑORA DEL CARMEN,100.0,"1A. CALLE 1-14 ZONA 2, LOTIFICACION EL ROBLE",DOBLE,FIN DE SEMANA,CONSERVAR,Los códigos MINEDUC son distintos y representan registros administrativos independientes; no existe evidencia oficial para fusionarlos o eliminar uno.
471,10-01-0193-46,10-01-0289-46,Mazatenango,COLEGIO PRIVADO MIXTO SANTA MARIA DEL CAMINO,"COLEGIO PRIVADO MIXTO ""SANTA MARIA DEL CAMINO""",100.0,1A. CALLE 1-33 ZONA 1,DOBLE,FIN DE SEMANA,CONSERVAR,Los códigos MINEDUC son distintos y representan registros administrativos independientes; no existe evidencia oficial para fusionarlos o eliminar uno.
472,10-01-0174-46,10-01-0175-46,Mazatenango,"COLEGIO PRIVADO MIXTO ""PESTALOZZI""","COLEGIO PRIVADO MIXTO ""PESTALOZZI""",100.0,1A. CALLE 1-63 ZONA 1,DOBLE,FIN DE SEMANA,CONSERVAR,Los códigos MINEDUC son distintos y representan registros administrativos independientes; no existe evidencia oficial para fusionarlos o eliminar uno.
473,10-01-0235-46,10-01-0237-46,Mazatenango,COLEGIO PRIVADO MIXTO JUAN DIEGUEZ OLAVERRI,COLEGIO PRIVADO MIXTO JUAN DIEGUEZ OLAVERRI,100.0,1A. CALLE 3-39 ZONA 1,DOBLE,FIN DE SEMANA,CONSERVAR,Los códigos MINEDUC son distintos y representan registros administrativos independientes; no existe evidencia oficial para fusionarlos o eliminar uno.
474,10-01-0280-46,10-01-2649-46,Mazatenango,COLEGIO CENTRO DE ESTUDIOS INTEGRALES,COLEGIO CENTRO DE ESTUDIOS INTEGRALES,100.0,1A. CALLE BARRIO LA ESPERANZA ZONA 2,DOBLE,FIN DE SEMANA,CONSERVAR,Los códigos MINEDUC son distintos y representan registros administrativos independientes; no existe evidencia oficial para fusionarlos o eliminar uno.
475,10-01-0353-46,10-01-0354-46,Mazatenango,"COLEGIO ""INNOVACION TECNOLOGICA""","COLEGIO ""INNOVACION TECNOLOGICA""",100.0,"1A. CALLE ENTRE 1A. Y 2A. AVENIDA ZONA 1, COLONIA OBREGON",DOBLE,FIN DE SEMANA,CONSERVAR,Los códigos MINEDUC son distintos y representan registros administrativos independientes; no existe evidencia oficial para fusionarlos o eliminar uno.
476,10-01-0161-46,10-01-0329-46,Mazatenango,COLEGIO PRIVADO MIXTO ROSARIO,COLEGIO PRIVADO MIXTO ROSARIO,100.0,2A. AVENIDA 4-84 ZONA 1,DOBLE,FIN DE SEMANA,CONSERVAR,Los códigos MINEDUC son distintos y representan registros administrativos independientes; no existe evidencia oficial para fusionarlos o eliminar uno.
477,10-01-0321-46,10-01-2484-46,Mazatenango,"INSTITUTO PRIVADO MIXTO ""JOSE ERNESTO MONZON""",INSTITUTO PRIVADO MIXTO JOSE ERNESTO MONZON,100.0,2A. AVENIDA FINAL NORTE 1-27 ZONA 1,DOBLE,FIN DE SEMANA,CONSERVAR,Los códigos MINEDUC son distintos y representan registros administrativos independientes; no existe evidencia oficial para fusionarlos o eliminar uno.
478,10-01-0104-46,10-01-0105-46,Mazatenango,INSTITUTO PRIVADO MIXTO PROFESIONAL VISION EDUCATIVA 2000,INSTITUTO PRIVADO MIXTO PROFESIONAL VISION EDUCATIVA 2000,100.0,"2A. CALLE 2-65 ZONA 2, COLONIA MAYA BARRIO LA UNION",DOBLE,FIN DE SEMANA,CONSERVAR,Los códigos MINEDUC son distintos y representan registros administrativos independientes; no existe evidencia oficial para fusionarlos o eliminar uno.
479,10-01-0104-46,10-01-2481-46,Mazatenango,INSTITUTO PRIVADO MIXTO PROFESIONAL VISION EDUCATIVA 2000,INSTITUTO PRIVADO MIXTO PROFESIONAL VISION EDUCATIVA 2000,100.0,"2A. CALLE 2-65 ZONA 2, COLONIA MAYA BARRIO LA UNION",DOBLE,FIN DE SEMANA,CONSERVAR,Los códigos MINEDUC son distintos y representan registros administrativos independientes; no existe evidencia oficial para fusionarlos o eliminar uno.
480,10-01-0104-46,10-01-2617-46,Mazatenango,INSTITUTO PRIVADO MIXTO PROFESIONAL VISION EDUCATIVA 2000,INSTITUTO PRIVADO MIXTO PROFESIONAL VISION EDUCATIVA 2000,100.0,"2A. CALLE 2-65 ZONA 2, COLONIA MAYA BARRIO LA UNION",DOBLE,FIN DE SEMANA,CONSERVAR,Los códigos MINEDUC son distintos y representan registros administrativos independientes; no existe evidencia oficial para fusionarlos o eliminar uno.
481,10-01-0105-46,10-01-2481-46,Mazatenango,INSTITUTO PRIVADO MIXTO PROFESIONAL VISION EDUCATIVA 2000,INSTITUTO PRIVADO MIXTO PROFESIONAL VISION EDUCATIVA 2000,100.0,"2A. CALLE 2-65 ZONA 2, COLONIA MAYA BARRIO LA UNION",DOBLE,FIN DE SEMANA,CONSERVAR,Los códigos MINEDUC son distintos y representan registros administrativos independientes; no existe evidencia oficial para fusionarlos o eliminar uno.
482,10-01-0105-46,10-01-2617-46,Mazatenango,INSTITUTO PRIVADO MIXTO PROFESIONAL VISION EDUCATIVA 2000,INSTITUTO PRIVADO MIXTO PROFESIONAL VISION EDUCATIVA 2000,100.0,"2A. CALLE 2-65 ZONA 2, COLONIA MAYA BARRIO LA UNION",DOBLE,FIN DE SEMANA,CONSERVAR,Los códigos MINEDUC son distintos y representan registros administrativos independientes; no existe evidencia oficial para fusionarlos o eliminar uno.
483,10-01-2481-46,10-01-2617-46,Mazatenango,INSTITUTO PRIVADO MIXTO PROFESIONAL VISION EDUCATIVA 2000,INSTITUTO PRIVADO MIXTO PROFESIONAL VISION EDUCATIVA 2000,100.0,"2A. CALLE 2-65 ZONA 2, COLONIA MAYA BARRIO LA UNION",DOBLE,FIN DE SEMANA,CONSERVAR,Los códigos MINEDUC son distintos y representan registros administrativos independientes; no existe evidencia oficial para fusionarlos o eliminar uno.
484,10-01-0396-46,10-01-0399-46,Mazatenango,INSTITUTO PRIVADO MIXTO PROFESIONAL VISION EDUCATIVA 2000,INSTITUTO PRIVADO MIXTO PROFESIONAL VISION EDUCATIVA 2000,100.0,"2A. CALLE 2-65 ZONA 2 COLONIA MAYA, BARRIO LA UNION",SIN JORNADA,SEMIPRESENCIAL (UN DÍA A LA SEMANA),CONSERVAR,Los códigos MINEDUC son distintos y representan registros administrativos independientes; no existe evidencia oficial para fusionarlos o eliminar uno.
485,10-01-0275-46,10-01-0278-46,Mazatenango,"INSTITUTO TECNICO PRIVADO ""JOSE ORTEGA Y GASSET""","INSTITUTO TECNICO PRIVADO ""JOSE ORTEGA Y GASSET""",100.0,2DA. AVENIDA 1-37 ZONA 2 COLONIA ACEITUNO,DOBLE,FIN DE SEMANA,CONSERVAR,Los códigos MINEDUC son distintos y representan registros administrativos independientes; no existe evidencia oficial para fusionarlos o eliminar uno.
486,10-01-1953-46,10-01-1955-46,Mazatenango,COLEGIO PRIVADO MIXTO 'PANAMERICANO',COLEGIO PRIVADO MIXTO PANAMERICANO,100.0,"3A. AVENIDA Y 1A. CALLE FINAL ZONA 3, LOTIFICACION RAMIREZ",MATUTINA,DIARIO(REGULAR),CONSERVAR,Los códigos MINEDUC son distintos y representan registros administrativos independientes; no existe evidencia oficial para fusionarlos o eliminar uno.
487,10-01-0209-46,10-01-0210-46,Mazatenango,"COLEGIO PRIVADO MIXTO ""CENTRO EDUCATIVO MAZATECO""","COLEGIO PRIVADO MIXTO ""CENTRO EDUCATIVO MAZATECO""",100.0,3A. CALLE NO. 214 ZONA 2 BARRIO LA UNION,DOBLE,FIN DE SEMANA,CONSERVAR,Los códigos MINEDUC son distintos y representan registros administrativos independientes; no existe evidencia oficial para fusionarlos o eliminar uno.
488,10-01-0245-46,10-01-0387-46,Mazatenango,INSTITUTO NACIONAL DE EDUCACION BASICA Y DIVERSIFICADO NUEVO AMANECER CON VISION,INSTITUTO NACIONAL DE EDUCACIÓN BÁSICA Y DIVERSIFICADO NUEVO AMANECER CON VISIÓN,100.0,"5TA. AVENIDA FINAL, AVENIDA DOLORES, ZONA 1",VESPERTINA,DIARIO(REGULAR),CONSERVAR,Los códigos MINEDUC son distintos y representan registros administrativos independientes; no existe evidencia oficial para fusionarlos o eliminar uno.
489,10-01-0306-46,10-01-0312-46,Mazatenango,"COLEGIO PRIVADO MIXTO ""LICEO MAZATECO""","COLEGIO PRIVADO MIXTO ""LICEO MAZATECO""",100.0,6A. AVENIDA 2-21 ZONA 1,DOBLE,FIN DE SEMANA,CONSERVAR,Los códigos MINEDUC son distintos y representan registros administrativos independientes; no existe evidencia oficial para fusionarlos o eliminar uno.
490,10-01-0078-46,10-01-0302-46,Mazatenango,COLEGIO PRIVADO MIXTO LICEO MAZATECO,COLEGIO PRIVADO MIXTO LICEO MAZATECO,100.0,6A. AVENIDA 2-21 ZONA 1,VESPERTINA,DIARIO(REGULAR),CONSERVAR,Los códigos MINEDUC son distintos y representan registros administrativos independientes; no existe evidencia oficial para fusionarlos o eliminar uno.
491,10-01-0205-46,10-01-0206-46,Mazatenango,COLEGIO DE ESTUDIOS SUPERIORES INTEGRALES,COLEGIO DE ESTUDIOS SUPERIORES INTEGRALES,100.0,6A. AVENIDA NORTE 4-28 ZONA 1,DOBLE,FIN DE SEMANA,CONSERVAR,Los códigos MINEDUC son distintos y representan registros administrativos independientes; no existe evidencia oficial para fusionarlos o eliminar uno.
492,10-01-0346-46,10-01-0347-46,Mazatenango,COLEGIO DE ESTUDIOS SUPERIORES INTEGRALES,COLEGIO DE ESTUDIOS SUPERIORES INTEGRALES,100.0,6A. AVENIDA NORTE 4-28 ZONA 1,MATUTINA,DIARIO(REGULAR),CONSERVAR,Los códigos MINEDUC son distintos y representan registros administrativos independientes; no existe evidencia oficial para fusionarlos o eliminar uno.
493,10-01-2500-46,10-01-2501-46,Mazatenango,COLEGIO PRIVADO MIXTO 'SAN FRANCISCO DE ASIS',COLEGIO PRIVADO MIXTO 'SAN FRANCISCO DE ASIS',100.0,6A. AVENIDA NORTE ENTRE 4A. Y 5A. CALLE ZONA 1,DOBLE,FIN DE SEMANA,CONSERVAR,Los códigos MINEDUC son distintos y representan registros administrativos independientes; no existe evidencia oficial para fusionarlos o eliminar uno.
494,10-01-0196-46,10-01-2289-46,Mazatenango,COLEGIO CENTRO EDUCATIVO INTEGRAL CRISTIANO FUENTE DE BENDICION,COLEGIO CENTRO EDUCATIVO INTEGRAL CRISTIANO FUENTE DE BENDICION,100.0,7A. AVENIDA 8-31 ZONA 1,DOBLE,FIN DE SEMANA,CONSERVAR,Los códigos MINEDUC son distintos y representan registros administrativos independientes; no existe evidencia oficial para fusionarlos o eliminar uno.
495,10-01-0196-46,10-01-2531-46,Mazatenango,COLEGIO CENTRO EDUCATIVO INTEGRAL CRISTIANO FUENTE DE BENDICION,COLEGIO CENTRO EDUCATIVO INTEGRAL CRISTIANO FUENTE DE BENDICION,100.0,7A. AVENIDA 8-31 ZONA 1,DOBLE,FIN DE SEMANA,CONSERVAR,Los códigos MINEDUC son distintos y representan registros administrativos independientes; no existe evidencia oficial para fusionarlos o eliminar uno.
496,10-01-2289-46,10-01-2531-46,Mazatenango,COLEGIO CENTRO EDUCATIVO INTEGRAL CRISTIANO FUENTE DE BENDICION,COLEGIO CENTRO EDUCATIVO INTEGRAL CRISTIANO FUENTE DE BENDICION,100.0,7A. AVENIDA 8-31 ZONA 1,DOBLE,FIN DE SEMANA,CONSERVAR,Los códigos MINEDUC son distintos y representan registros administrativos independientes; no existe evidencia oficial para fusionarlos o eliminar uno.
497,10-01-0239-46,10-01-0241-46,Mazatenango,LICEO DE EDUCACION SUPERIOR PREUNIVERSITARIO,LICEO DE EDUCACION SUPERIOR PREUNIVERSITARIO,100.0,AVENIDA DEL ESTADIO 2-50 ZONA 2,DOBLE,FIN DE SEMANA,CONSERVAR,Los códigos MINEDUC son distintos y representan registros administrativos independientes; no existe evidencia oficial para fusionarlos o eliminar uno.
498,10-01-0100-46,10-01-2604-46,Mazatenango,COLEGIO TECNICO SUCHITEPEQUEZ,COLEGIO TECNICO SUCHITEPEQUEZ,100.0,CALZADA CENTENARIO 1-00 ZONA 2 1ER. GRUPO COLONIA FLOR DEL CAFÉ,DOBLE,FIN DE SEMANA,CONSERVAR,Los códigos MINEDUC son distintos y representan registros administrativos independientes; no existe evidencia oficial para fusionarlos o eliminar uno.
499,10-01-0100-46,10-01-2605-46,Mazatenango,COLEGIO TECNICO SUCHITEPEQUEZ,COLEGIO TECNICO SUCHITEPEQUEZ,100.0,CALZADA CENTENARIO 1-00 ZONA 2 1ER. GRUPO COLONIA FLOR DEL CAFÉ,DOBLE,FIN DE SEMANA,CONSERVAR,Los códigos MINEDUC son distintos y representan registros administrativos independientes; no existe evidencia oficial para fusionarlos o eliminar uno.
500,10-01-2604-46,10-01-2605-46,Mazatenango,COLEGIO TECNICO SUCHITEPEQUEZ,COLEGIO TECNICO SUCHITEPEQUEZ,100.0,CALZADA CENTENARIO 1-00 ZONA 2 1ER. GRUPO COLONIA FLOR DEL CAFÉ,DOBLE,FIN DE SEMANA,CONSERVAR,Los códigos MINEDUC son distintos y representan registros administrativos independientes; no existe evidencia oficial para fusionarlos o eliminar uno.
501,10-01-0230-46,10-01-0231-46,Mazatenango,COLEGIO PANAMERICANO NO. 8,COLEGIO PANAMERICANO NO. 8,100.0,RURALES 2 ZONA 3 SALIDA A GUATEMALA,DOBLE,FIN DE SEMANA,CONSERVAR,Los códigos MINEDUC son distintos y representan registros administrativos independientes; no existe evidencia oficial para fusionarlos o eliminar uno.
502,17-11-0073-46,17-11-0077-46,Melchor de Mencos,CENTRO EDUCATIVO CIENCIA Y TECNOLOGIA,CENTRO EDUCATIVO CIENCIA Y TECNOLOGIA,100.0,BARRIO EL CENTRO,DOBLE,FIN DE SEMANA,CONSERVAR,Los códigos MINEDUC son distintos y representan registros administrativos independientes; no existe evidencia oficial para fusionarlos o eliminar uno.
503,17-11-0079-46,17-11-3898-46,Melchor de Mencos,CENTRO EDUCATIVO BILINGUE VALPARAISO DE JESUS,"CENTRO EDUCATIVO BILINGÜE ""VALPARAISO DE JESUS""",100.0,BARRIO FALLABON,DOBLE,FIN DE SEMANA,CONSERVAR,Los códigos MINEDUC son distintos y representan registros administrativos independientes; no existe evidencia oficial para fusionarlos o eliminar uno.
504,01-08-0545-46,01-08-0550-46,Mixco,CENTRO INTEGRAL EDUCATIVO SAN FRANCISCO,CENTRO INTEGRAL EDUCATIVO SAN FRANCISCO,100.0,"0 AVENIDA ""B"" 5-55 COLONIA MONTSERRAT I ZONA 4",DOBLE,FIN DE SEMANA,CONSERVAR,Los códigos MINEDUC son distintos y representan registros administrativos independientes; no existe evidencia oficial para fusionarlos o eliminar uno.
505,01-08-9847-46,01-08-9848-46,Mixco,LICEO CIENTIFICO MODERNO,LICEO CIENTIFICO MODERNO,100.0,"14 CALLE 8-14, PLANES DE MINERVA, ZONA 11",DOBLE,FIN DE SEMANA,CONSERVAR,Los códigos MINEDUC son distintos y representan registros administrativos independientes; no existe evidencia oficial para fusionarlos o eliminar uno.
506,01-08-0357-46,01-08-0359-46,Mixco,COLEGIO DE INFORMÁTICA JUSTO RUFINO BAUTISTA,COLEGIO DE INFORMÁTICA JUSTO RUFINO BAUTISTA,100.0,16 CALLE 9-18 ZONA 7 COLONIA SAN IGNACIO,DOBLE,FIN DE SEMANA,CONSERVAR,Los códigos MINEDUC son distintos y representan registros administrativos independientes; no existe evidencia oficial para fusionarlos o eliminar uno.
507,01-08-0479-46,01-08-8431-46,Mixco,CENTRO EDUCATIVO LINCOLN,CENTRO EDUCATIVO LINCOLN,100.0,1A. CALLE 5-44 ZONA 1,MATUTINA,DIARIO(REGULAR),CONSERVAR,Los códigos MINEDUC son distintos y representan registros administrativos independientes; no existe evidencia oficial para fusionarlos o eliminar uno.
508,01-08-0496-46,01-08-0937-46,Mixco,CENTRO EDUCATIVO FE Y ALEGRIA NO. 2,CENTRO EDUCATIVO FE Y ALEGRÍA NO. 2,100.0,29 CALLE SECTOR 3 COLONIA CAROLINGIA ZONA 6,MATUTINA,DIARIO(REGULAR),CONSERVAR,Los códigos MINEDUC son distintos y representan registros administrativos independientes; no existe evidencia oficial para fusionarlos o eliminar uno.
509,01-08-0321-46,01-08-0322-46,Mixco,"LICEO CANADIENSE SOCIEDAD ANÓNIMA, BOSQUES DE SAN NICOLÁS","LICEO CANADIENSE SOCIEDAD ANÓNIMA, BOSQUES DE SAN NICOLÁS",100.0,"30 AVENIDA 5-19 ZONA 4, COLONIA BOSQUES DE SAN NICOLÁS",DOBLE,FIN DE SEMANA,CONSERVAR,Los códigos MINEDUC son distintos y representan registros administrativos independientes; no existe evidencia oficial para fusionarlos o eliminar uno.
510,01-08-0143-46,01-08-9690-46,Mixco,COLEGIO CRISTIANO ELIM,COLEGIO CRISTIANO ELIM,100.0,"3A. AVENIDA 11-42, COLONIA EL ROSARIO, ZONA 3",DOBLE,FIN DE SEMANA,CONSERVAR,Los códigos MINEDUC son distintos y representan registros administrativos independientes; no existe evidencia oficial para fusionarlos o eliminar uno.
511,01-08-0437-46,01-08-0439-46,Mixco,COLEGIO EN COMPUTACIÓN SAN JOSÉ NO. 1,COLEGIO EN COMPUTACIÓN SAN JOSÉ NO. 1,100.0,"3A. CALLE 14-95 ZONA 3, COLONIA NUEVA MONTSERRAT",DOBLE,FIN DE SEMANA,CONSERVAR,Los códigos MINEDUC son distintos y representan registros administrativos independientes; no existe evidencia oficial para fusionarlos o eliminar uno.
512,01-08-9127-46,01-08-9565-46,Mixco,COLEGIO DE ESTUDIOS AVANZADOS GUATEMALTECO,COLEGIO DE ESTUDIOS AVANZADOS GUATEMALTECO,100.0,3A. CALLE 6-08 BOULEVARD SUR PANORAMA SAN CRISTOBAL ZONA 8,DOBLE,FIN DE SEMANA,CONSERVAR,Los códigos MINEDUC son distintos y representan registros administrativos independientes; no existe evidencia oficial para fusionarlos o eliminar uno.
513,01-08-0369-46,01-08-0371-46,Mixco,INSTITUTO TECNOLÓGICO EN EDUCACION INTEGRAL MIXCO A LA VANGUARDIA,INSTITUTO TECNOLÓGICO EN EDUCACIÓN INTEGRAL MIXCO A LA VANGUARDIA,100.0,3RA. CALLE 8-12 ZONA 1,DOBLE,FIN DE SEMANA,CONSERVAR,Los códigos MINEDUC son distintos y representan registros administrativos independientes; no existe evidencia oficial para fusionarlos o eliminar uno.
514,01-08-9667-46,01-08-9668-46,Mixco,COLEGIO PROYECTO EDUCATIVO FUTURISTA,COLEGIO PROYECTO EDUCATIVO FUTURISTA,100.0,"4A. AVENIDA 1-86 COLONIA BELEN, ZONA 7",DOBLE,FIN DE SEMANA,CONSERVAR,Los códigos MINEDUC son distintos y representan registros administrativos independientes; no existe evidencia oficial para fusionarlos o eliminar uno.
515,01-08-8414-46,01-08-8415-46,Mixco,CENTRO EDUCATIVO DR. MARIANO GALVEZ,CENTRO EDUCATIVO DR. MARIANO GALVEZ,100.0,4A. CALLE 0-05 ZONA 1,DOBLE,FIN DE SEMANA,CONSERVAR,Los códigos MINEDUC son distintos y representan registros administrativos independientes; no existe evidencia oficial para fusionarlos o eliminar uno.
516,01-08-8405-46,01-08-8407-46,Mixco,COLEGIO 'REAL ESPAÑOL',COLEGIO 'REAL ESPAÑOL',100.0,4A. CALLE 0-05 ZONA 1,VESPERTINA,FIN DE SEMANA,CONSERVAR,Los códigos MINEDUC son distintos y representan registros administrativos independientes; no existe evidencia oficial para fusionarlos o eliminar uno.
517,01-08-8404-46,01-08-8406-46,Mixco,COLEGIO REAL ESPAÑOL,COLEGIO 'REAL ESPAÑOL',100.0,4A. CALLE 0-05 ZONA 1,MATUTINA,FIN DE SEMANA,CONSERVAR,Los códigos MINEDUC son distintos y representan registros administrativos independientes; no existe evidencia oficial para fusionarlos o eliminar uno.
518,01-08-0575-46,01-08-0576-46,Mixco,LICEO TECNICO INTERAMERICANO,LICEO TECNICO INTERAMERICANO,100.0,4A. CALLE 4-39 C ZONA 1,DOBLE,FIN DE SEMANA,CONSERVAR,Los códigos MINEDUC son distintos y representan registros administrativos independientes; no existe evidencia oficial para fusionarlos o eliminar uno.
519,01-08-0659-46,01-08-0660-46,Mixco,LICEO TÉCNICO INTERAMERICANO,LICEO TÉCNICO INTERAMERICANO,100.0,4A. CALLE 4-39 C ZONA 1,DOBLE,A DISTANCIA,CONSERVAR,Los códigos MINEDUC son distintos y representan registros administrativos independientes; no existe evidencia oficial para fusionarlos o eliminar uno.
520,01-08-8516-46,01-08-8667-46,Mixco,COLEGIO DE INFORMATICA IMB-PC,COLEGIO DE INFORMATICA IMB-PC,100.0,4TA. CALLE 18-50 SECTOR B6 SAN CRISTOBAL ZONA 8,DOBLE,FIN DE SEMANA,CONSERVAR,Los códigos MINEDUC son distintos y representan registros administrativos independientes; no existe evidencia oficial para fusionarlos o eliminar uno.
521,01-08-0236-46,01-08-0237-46,Mixco,LICEO INTEGRAL BILINGUE LAN-DER,LICEO INTEGRAL BILINGUE LAN-DER,100.0,5A AVENIDA 2-24 ZONA 1,DOBLE,FIN DE SEMANA,CONSERVAR,Los códigos MINEDUC son distintos y representan registros administrativos independientes; no existe evidencia oficial para fusionarlos o eliminar uno.
522,01-08-0346-46,01-08-0348-46,Mixco,ACADEMIA COMERCIAL E INSTITUTO LOURDES,ACADEMIA COMERCIAL E INSTITUTO LOURDES,100.0,"5A. AVENIDA 6-51 ""A"" ZONA 1",DOBLE,FIN DE SEMANA,CONSERVAR,Los códigos MINEDUC son distintos y representan registros administrativos independientes; no existe evidencia oficial para fusionarlos o eliminar uno.
523,01-08-1079-46,01-08-1081-46,Mixco,LICEO LOMAS DE SACOJ,LICEO LOMAS DE SACOJ,100.0,"68 CALLE ""A"" 13-96 SACOJ CHIQUITO ZONA 6",DOBLE,FIN DE SEMANA,CONSERVAR,Los códigos MINEDUC son distintos y representan registros administrativos independientes; no existe evidencia oficial para fusionarlos o eliminar uno.
524,01-08-0737-46,01-08-0739-46,Mixco,"LICEO TECNOLÓGICO DE GUATEMALA ""ELOHIM""","LICEO TECNOLÓGICO DE GUATEMALA ""ELOHIM""",100.0,"6TA. AVENIDA ""A"" 6-17, ZONA 9 DE MIXCO, COLONIA SATÉLITE",DOBLE,SEMIPRESENCIAL,CONSERVAR,Los códigos MINEDUC son distintos y representan registros administrativos independientes; no existe evidencia oficial para fusionarlos o eliminar uno.
525,01-08-0737-46,01-08-0889-46,Mixco,"LICEO TECNOLÓGICO DE GUATEMALA ""ELOHIM""","LICEO TECNOLÓGICO DE GUATEMALA ""ELOHIM""",100.0,"6TA. AVENIDA ""A"" 6-17, ZONA 9 DE MIXCO, COLONIA SATÉLITE",DOBLE,SEMIPRESENCIAL,CONSERVAR,Los códigos MINEDUC son distintos y representan registros administrativos independientes; no existe evidencia oficial para fusionarlos o eliminar uno.
526,01-08-0739-46,01-08-0889-46,Mixco,"LICEO TECNOLÓGICO DE GUATEMALA ""ELOHIM""","LICEO TECNOLÓGICO DE GUATEMALA ""ELOHIM""",100.0,"6TA. AVENIDA ""A"" 6-17, ZONA 9 DE MIXCO, COLONIA SATÉLITE",DOBLE,SEMIPRESENCIAL,CONSERVAR,Los códigos MINEDUC son distintos y representan registros administrativos independientes; no existe evidencia oficial para fusionarlos o eliminar uno.
527,01-08-0308-46,01-08-0560-46,Mixco,COLEGIO IMB-PC,COLEGIO IMB-PC,100.0,7A. CALLE BOULEVARD EL NARANJO 25-55-ZONA 4,MATUTINA,DIARIO(REGULAR),CONSERVAR,Los códigos MINEDUC son distintos y representan registros administrativos independientes; no existe evidencia oficial para fusionarlos o eliminar uno.
528,01-08-0597-46,01-08-0605-46,Mixco,CENTRO EDUCATIVO SANTANDER DE MIXCO,CENTRO EDUCATIVO SANTANDER DE MIXCO,100.0,8A. AVENIDA 0-62 ZONA 1,DOBLE,FIN DE SEMANA,CONSERVAR,Los códigos MINEDUC son distintos y representan registros administrativos independientes; no existe evidencia oficial para fusionarlos o eliminar uno.
529,01-08-0133-46,01-08-0140-46,Mixco,COLEGIO EN COMPUTACION SAN JOSE NO. 2,COLEGIO EN COMPUTACIÓN SAN JOSE NO. 2,100.0,8A AVENIDA 9-42 ZONA 1,DOBLE,FIN DE SEMANA,CONSERVAR,Los códigos MINEDUC son distintos y representan registros administrativos independientes; no existe evidencia oficial para fusionarlos o eliminar uno.
530,01-08-9330-46,01-08-9332-46,Mixco,LICEO CANADIENSE ROOSEVELT,LICEO CANADIENSE ROOSEVELT,100.0,9A. AVENIDA 0-55/0-92 COLONIA ALVARADO ZONA 2,DOBLE,FIN DE SEMANA,CONSERVAR,Los códigos MINEDUC son distintos y representan registros administrativos independientes; no existe evidencia oficial para fusionarlos o eliminar uno.
531,01-08-0579-46,01-08-0580-46,Mixco,CENTRO EDUCATIVO PAULO NEVES FREIRE,CENTRO EDUCATIVO PAULO NEVES FREIRE,100.0,9A. AVENIDA 5-15 ZONA 1,DOBLE,FIN DE SEMANA,CONSERVAR,Los códigos MINEDUC son distintos y representan registros administrativos independientes; no existe evidencia oficial para fusionarlos o eliminar uno.
532,01-08-0533-46,01-08-7155-46,Mixco,COLEGIO PRACBIL,COLEGIO PRACBIL,100.0,9A. AVENIDA 5-15 ZONA 1,MATUTINA,DIARIO(REGULAR),CONSERVAR,Los códigos MINEDUC son distintos y representan registros administrativos independientes; no existe evidencia oficial para fusionarlos o eliminar uno.
533,01-08-0196-46,01-08-0197-46,Mixco,LICEO CANADIENSE SOCIEDAD ANONIMA,LICEO CANADIENSE SOCIEDAD ANONIMA,100.0,9AV. 0-55 ZONA 2 DE MIXCO COLONIA ALVARADO,DOBLE,FIN DE SEMANA,CONSERVAR,Los códigos MINEDUC son distintos y representan registros administrativos independientes; no existe evidencia oficial para fusionarlos o eliminar uno.
534,01-08-0637-46,01-08-0638-46,Mixco,INSTITUTO TECNOLÓGICO DOCTOR THEO BLOEM,INSTITUTO TECNOLÓGICO DOCTOR THEO BLOEM,100.0,"BOULEVARD PRINCIPAL 72-70 SACOJ GRANDE, ZONA 6",DOBLE,FIN DE SEMANA,CONSERVAR,Los códigos MINEDUC son distintos y representan registros administrativos independientes; no existe evidencia oficial para fusionarlos o eliminar uno.
535,01-08-0719-46,01-08-0735-46,Mixco,COLEGIO NAKBÉ,COLEGIO NAKBÉ,100.0,"KM 15 CARRETERA ROOSEVELT, SUPER CENTRO MOLINO, LOCAL 118 ZONA 2",DOBLE,SEMIPRESENCIAL,CONSERVAR,Los códigos MINEDUC son distintos y representan registros administrativos independientes; no existe evidencia oficial para fusionarlos o eliminar uno.
536,01-08-0707-46,01-08-0709-46,Mixco,CENTRO DE EDUCACIÓN A DISTANCIA ESCOLARIS,CENTRO DE EDUCACIÓN A DISTANCIA ESCOLARIS,100.0,"KM. 19.5 CARRETERA ROOSEVELT 7-55, LO DE COY ZONA 1",DOBLE,A DISTANCIA,CONSERVAR,Los códigos MINEDUC son distintos y representan registros administrativos independientes; no existe evidencia oficial para fusionarlos o eliminar uno.
537,01-08-0023-46,01-08-0024-46,Mixco,LICEO MIXTO JUVENTUD GUATEMALTECA,LICEO MIXTO JUVENTUD GUATEMALTECA,100.0,"MANZANA ""T"" LOTE 20 SECTOR II COLONIA SAN JOSE DE LAS ROSAS ZONA 6",DOBLE,FIN DE SEMANA,CONSERVAR,Los códigos MINEDUC son distintos y representan registros administrativos independientes; no existe evidencia oficial para fusionarlos o eliminar uno.
538,18-04-0208-46,18-04-0209-46,Morales,COLEGIO PRIVADO MIXTO BETHEZDA,"COLEGIO PRIVADO MIXTO ""BETHEZDA""",100.0,ALDEA CAYUGA.,DOBLE,FIN DE SEMANA,CONSERVAR,Los códigos MINEDUC son distintos y representan registros administrativos independientes; no existe evidencia oficial para fusionarlos o eliminar uno.
539,18-04-0422-46,18-04-0423-46,Morales,"INSTITUTO PRIVADO MIXTO ""CRISTO REY""","INSTITUTO PRIVADO MIXTO ""CRISTO REY""",100.0,ALDEA EL CEDRO,DOBLE,FIN DE SEMANA,CONSERVAR,Los códigos MINEDUC son distintos y representan registros administrativos independientes; no existe evidencia oficial para fusionarlos o eliminar uno.
540,18-04-0382-46,18-04-0383-46,Morales,"COLEGIO PRIVADO MIXTO VOCACIONAL ""MONTEMARIA""","COLEGIO PRIVADO MIXTO VOCACIONAL ""MONTEMARIA""",100.0,ALDEA EL ROSARIO,DOBLE,FIN DE SEMANA,CONSERVAR,Los códigos MINEDUC son distintos y representan registros administrativos independientes; no existe evidencia oficial para fusionarlos o eliminar uno.
541,18-04-0138-46,18-04-0418-46,Morales,CENTRO EDUCATIVO MAYA SYSTEMS,CENTRO EDUCATIVO MAYA SYSTEMS,100.0,ALDEA LOS ANDES,DOBLE,FIN DE SEMANA,CONSERVAR,Los códigos MINEDUC son distintos y representan registros administrativos independientes; no existe evidencia oficial para fusionarlos o eliminar uno.
542,18-04-0138-46,18-04-3261-46,Morales,CENTRO EDUCATIVO MAYA SYSTEMS,CENTRO EDUCATIVO MAYA SYSTEMS,100.0,ALDEA LOS ANDES,DOBLE,FIN DE SEMANA,CONSERVAR,Los códigos MINEDUC son distintos y representan registros administrativos independientes; no existe evidencia oficial para fusionarlos o eliminar uno.
543,18-04-0418-46,18-04-3261-46,Morales,CENTRO EDUCATIVO MAYA SYSTEMS,CENTRO EDUCATIVO MAYA SYSTEMS,100.0,ALDEA LOS ANDES,DOBLE,FIN DE SEMANA,CONSERVAR,Los códigos MINEDUC son distintos y representan registros administrativos independientes; no existe evidencia oficial para fusionarlos o eliminar uno.
544,18-04-0441-46,18-04-0442-46,Morales,"INSTITUTO PRIVADO MIXTO ""DEJANDO HUELLA""","INSTITUTO PRIVADO MIXTO ""DEJANDO HUELLA""",100.0,ALDEA LOS CERRITOS,DOBLE,FIN DE SEMANA,CONSERVAR,Los códigos MINEDUC son distintos y representan registros administrativos independientes; no existe evidencia oficial para fusionarlos o eliminar uno.
545,18-04-0204-46,18-04-0205-46,Morales,"INSTITUTO PRIVADO MIXTO ""JOSÉ CECILIO DEL VALLE""","INSTITUTO PRIVADO MIXTO ""JOSÉ CECILIO DEL VALLE""",100.0,ALDEA PLAYITAS,DOBLE,FIN DE SEMANA,CONSERVAR,Los códigos MINEDUC son distintos y representan registros administrativos independientes; no existe evidencia oficial para fusionarlos o eliminar uno.
546,18-04-0204-46,18-04-0447-46,Morales,"INSTITUTO PRIVADO MIXTO ""JOSÉ CECILIO DEL VALLE""","INSTITUTO PRIVADO MIXTO ""JOSE CECILIO DEL VALLE""",100.0,ALDEA PLAYITAS,DOBLE,FIN DE SEMANA,CONSERVAR,Los códigos MINEDUC son distintos y representan registros administrativos independientes; no existe evidencia oficial para fusionarlos o eliminar uno.
547,18-04-0205-46,18-04-0447-46,Morales,"INSTITUTO PRIVADO MIXTO ""JOSÉ CECILIO DEL VALLE""","INSTITUTO PRIVADO MIXTO ""JOSE CECILIO DEL VALLE""",100.0,ALDEA PLAYITAS,DOBLE,FIN DE SEMANA,CONSERVAR,Los códigos MINEDUC son distintos y representan registros administrativos independientes; no existe evidencia oficial para fusionarlos o eliminar uno.
548,18-04-0411-46,18-04-0412-46,Morales,"INSTITUTO PRIVADO MIXTO ""FUENTE DE VIDA""","INSTITUTO PRIVADO MIXTO ""FUENTE DE VIDA""",100.0,ALDEA PLAYITAS,DOBLE,FIN DE SEMANA,CONSERVAR,Los códigos MINEDUC son distintos y representan registros administrativos independientes; no existe evidencia oficial para fusionarlos o eliminar uno.
549,18-04-0434-46,18-04-0435-46,Morales,INSTITUTO PRIVADO MIXTO SAN JOSE,INSTITUTO PRIVADO MIXTO SAN JOSE,100.0,ALDEA RIO NEGRO,DOBLE,FIN DE SEMANA,CONSERVAR,Los códigos MINEDUC son distintos y representan registros administrativos independientes; no existe evidencia oficial para fusionarlos o eliminar uno.
550,18-04-0246-46,18-04-0380-46,Morales,"""LICEO EDUCACIONAL MIXTO DEI VERBUM""","""LICEO EDUCACIONAL MIXTO DEI VERBUM""",100.0,ALDEA SAN ISIDRO EL CHOCO,DOBLE,FIN DE SEMANA,CONSERVAR,Los códigos MINEDUC son distintos y representan registros administrativos independientes; no existe evidencia oficial para fusionarlos o eliminar uno.
551,18-04-0195-46,18-04-0218-46,Morales,LICEO IZABAL,LICEO IZABAL,100.0,BARRIO EL CARRIZAL,DOBLE,FIN DE SEMANA,CONSERVAR,Los códigos MINEDUC son distintos y representan registros administrativos independientes; no existe evidencia oficial para fusionarlos o eliminar uno.
552,18-04-0448-46,18-04-0449-46,Morales,INSTITUTO PARTICULAR MIXTO DE EDUCACION BÁSICA Y DIVERSIFICADA DR. PEDRO MOLINA,INSTITUTO PARTICULAR MIXTO DE EDUCACION BASICA Y DIVERSIFICADA DR. PEDRO MOLINA,100.0,BARRIO EL CARRIZAL,DOBLE,FIN DE SEMANA,CONSERVAR,Los códigos MINEDUC son distintos y representan registros administrativos independientes; no existe evidencia oficial para fusionarlos o eliminar uno.
553,18-04-0193-46,18-04-0194-46,Morales,LICEO IZABAL,LICEO IZABAL,100.0,BARRIO EL CARRIZAL,NOCTURNA,DIARIO(REGULAR),CONSERVAR,Los códigos MINEDUC son distintos y representan registros administrativos independientes; no existe evidencia oficial para fusionarlos o eliminar uno.
554,18-04-0149-46,18-04-0150-46,Morales,INSTITUTO PRIVADO MIXTO ELITE,INSTITUTO PRIVADO MIXTO ELITE,100.0,BARRIO EL MITCHAL,DOBLE,FIN DE SEMANA,CONSERVAR,Los códigos MINEDUC son distintos y representan registros administrativos independientes; no existe evidencia oficial para fusionarlos o eliminar uno.
555,18-04-0429-46,18-04-0431-46,Morales,"INSTITUTO PARTICULAR MIXTO ""GÉNESIS""","INSTITUTO PARTICULAR MIXTO ""GÉNESIS""",100.0,BARRIO EL MITCHAL,DOBLE,FIN DE SEMANA,CONSERVAR,Los códigos MINEDUC son distintos y representan registros administrativos independientes; no existe evidencia oficial para fusionarlos o eliminar uno.
556,18-04-0458-46,18-04-0459-46,Morales,CENTRO DE FORMACION PEDAGOGICA HERMANO PEDRO,CENTRO DE FORMACION PEDAGOGICA HERMANO PEDRO,100.0,BARRIO EL MITCHAL,DOBLE,FIN DE SEMANA,CONSERVAR,Los códigos MINEDUC son distintos y representan registros administrativos independientes; no existe evidencia oficial para fusionarlos o eliminar uno.
557,18-04-0477-46,18-04-0486-46,Morales,"INSTITUTO PRIVADO MIXTO ""ELITE""","INSTITUTO PRIVADO MIXTO ""ELITE""",100.0,BARRIO EL MITCHAL,SIN JORNADA,SEMIPRESENCIAL (UN DÍA A LA SEMANA),CONSERVAR,Los códigos MINEDUC son distintos y representan registros administrativos independientes; no existe evidencia oficial para fusionarlos o eliminar uno.
558,18-04-0083-46,18-04-0214-46,Morales,"CENTRO EDUCATIVO PRIVADO ""YATZAR NURIM""","CENTRO EDUCATIVO PRIVADO ""YATZAR NURIM""",100.0,BARRIO EL REMOLINO,DOBLE,FIN DE SEMANA,CONSERVAR,Los códigos MINEDUC son distintos y representan registros administrativos independientes; no existe evidencia oficial para fusionarlos o eliminar uno.
559,18-04-0236-46,18-04-0462-46,Morales,INSTITUTO PRIVADO MIXTO DR. JUAN JOSE AREVALO BERMEJO,INSTITUTO PRIVADO MIXTO DR. JUAN JOSE AREVALO BERMEJO,100.0,BARRIO LA ESTACION,DOBLE,FIN DE SEMANA,CONSERVAR,Los códigos MINEDUC son distintos y representan registros administrativos independientes; no existe evidencia oficial para fusionarlos o eliminar uno.
560,18-04-0236-46,18-04-0463-46,Morales,INSTITUTO PRIVADO MIXTO DR. JUAN JOSE AREVALO BERMEJO,INSTITUTO PRIVADO MIXTO DR. JUAN JOSE AREVALO BERMEJO,100.0,BARRIO LA ESTACION,DOBLE,FIN DE SEMANA,CONSERVAR,Los códigos MINEDUC son distintos y representan registros administrativos independientes; no existe evidencia oficial para fusionarlos o eliminar uno.
561,18-04-0462-46,18-04-0463-46,Morales,INSTITUTO PRIVADO MIXTO DR. JUAN JOSE AREVALO BERMEJO,INSTITUTO PRIVADO MIXTO DR. JUAN JOSE AREVALO BERMEJO,100.0,BARRIO LA ESTACION,DOBLE,FIN DE SEMANA,CONSERVAR,Los códigos MINEDUC son distintos y representan registros administrativos independientes; no existe evidencia oficial para fusionarlos o eliminar uno.
562,18-04-0076-46,18-04-0077-46,Morales,"LICEO FORMACION BASICA Y PROFESIONAL ""LATINOAMERICANO""","LICEO DE FORMACION BASICA Y PROFESIONAL ""LATINOAMERICANO""",97.2,BARRIO LAS FLORES,DOBLE,FIN DE SEMANA,CONSERVAR,Los códigos MINEDUC son distintos y representan registros administrativos independientes; no existe evidencia oficial para fusionarlos o eliminar uno.
563,18-04-0174-46,18-04-0177-46,Morales,LICEO ALVAREZ OVALLE,LICEO ALVAREZ OVALLE,100.0,BARRIO LOS CASTRO,DOBLE,FIN DE SEMANA,CONSERVAR,Los códigos MINEDUC son distintos y representan registros administrativos independientes; no existe evidencia oficial para fusionarlos o eliminar uno.
564,18-04-0142-46,18-04-0146-46,Morales,LICEO TECNICO HERMANO PEDRO,LICEO TECNICO HERMANO PEDRO,100.0,BARRIO MILLA 37,DOBLE,FIN DE SEMANA,CONSERVAR,Los códigos MINEDUC son distintos y representan registros administrativos independientes; no existe evidencia oficial para fusionarlos o eliminar uno.
565,18-04-0128-46,18-04-0182-46,Morales,LICEO DE CIENCIA Y TECNOLOGIA,LICEO DE CIENCIA Y TECNOLOGIA,100.0,BARRIO MODERNO,DOBLE,FIN DE SEMANA,CONSERVAR,Los códigos MINEDUC son distintos y representan registros administrativos independientes; no existe evidencia oficial para fusionarlos o eliminar uno.
566,18-04-0405-46,18-04-0406-46,Morales,"COLEGIO PRIVADO MIXTO ""JIREH""","COLEGIO PRIVADO MIXTO ""JIREH""",100.0,"COLONIA VILLA DEL ROSARIO, BANANERA",DOBLE,FIN DE SEMANA,CONSERVAR,Los códigos MINEDUC son distintos y representan registros administrativos independientes; no existe evidencia oficial para fusionarlos o eliminar uno.
567,18-04-0010-46,18-04-0131-46,Morales,"CENTRO EDUCATIVO ""EMANUEL""","CENTRO EDUCATIVO ""EMANUEL""",100.0,"INTERIOR INEB FRANCISCO MARROQUÍN, AVENIDA VICENTE COZZA",DOBLE,FIN DE SEMANA,CONSERVAR,Los códigos MINEDUC son distintos y representan registros administrativos independientes; no existe evidencia oficial para fusionarlos o eliminar uno.
568,02-02-0014-46,02-02-0613-46,Morazán,INSTITUTO DIVERSIFICADO POR COOPERATIVA,INSTITUTO DIVERSIFICADO POR COOPERATIVA,100.0,BARRIO LAS DELICIAS,VESPERTINA,DIARIO(REGULAR),CONSERVAR,Los códigos MINEDUC son distintos y representan registros administrativos independientes; no existe evidencia oficial para fusionarlos o eliminar uno.
569,22-14-0080-46,22-14-0082-46,Moyuta,"INSTITUTO MIXTO DE EDUCACIÓN DE ORIENTE ""IMIDEO NÉRICI""","INSTITUTO MIXTO DE EDUCACIÓN DE ORIENTE ""IMIDEO NÉRICI""",100.0,ALDEA LOS ACHIOTES,DOBLE,FIN DE SEMANA,CONSERVAR,Los códigos MINEDUC son distintos y representan registros administrativos independientes; no existe evidencia oficial para fusionarlos o eliminar uno.
570,14-13-0125-46,14-13-0127-46,Nebaj,CENTRO OFICIAL DE EDUCACIÓN EXTRAESCOLAR -CEEX-,CENTRO OFICIAL DE EDUCACIÓN EXTRAESCOLAR -COEEX-,98.9,CANTÓN SIMOCOL,DOBLE,FIN DE SEMANA,CONSERVAR,Los códigos MINEDUC son distintos y representan registros administrativos independientes; no existe evidencia oficial para fusionarlos o eliminar uno.
571,13-05-0052-46,13-05-0054-46,Nentón,"COLEGIO INTERCULTURAL PRIVADO MIXTO ""CIENCIA APLICADA""","COLEGIO INTERCULTURAL PRIVADO MIXTO ""CIENCIA APLICADA""",100.0,CABECERA MUNICIPAL,DOBLE,FIN DE SEMANA,CONSERVAR,Los códigos MINEDUC son distintos y representan registros administrativos independientes; no existe evidencia oficial para fusionarlos o eliminar uno.
572,05-13-2546-46,05-13-2791-46,Nueva Concepción,"CENTRO PEDAGÓGICO ""GUATEMALA""","CENTRO PEDAGÓGICO ""GUATEMALA""",100.0,"CALLE DEL BANCO, BARRIO 6 DE NOVIEMBRE",DOBLE,FIN DE SEMANA,CONSERVAR,Los códigos MINEDUC son distintos y representan registros administrativos independientes; no existe evidencia oficial para fusionarlos o eliminar uno.
573,05-13-0073-46,05-13-0097-46,Nueva Concepción,"CENTRO PEDAGOGICO ""GUATEMALA""","CENTRO PEDAGÓGICO ""GUATEMALA""",100.0,CALLE DEL BANCO BARRIO 6 DE NOVIEMBRE,VESPERTINA,DIARIO(REGULAR),CONSERVAR,Los códigos MINEDUC son distintos y representan registros administrativos independientes; no existe evidencia oficial para fusionarlos o eliminar uno.
574,05-13-0073-46,05-13-2547-46,Nueva Concepción,"CENTRO PEDAGOGICO ""GUATEMALA""","CENTRO PEDAGÓGICO ""GUATEMALA""",100.0,CALLE DEL BANCO BARRIO 6 DE NOVIEMBRE,VESPERTINA,DIARIO(REGULAR),CONSERVAR,Los códigos MINEDUC son distintos y representan registros administrativos independientes; no existe evidencia oficial para fusionarlos o eliminar uno.
575,05-13-0097-46,05-13-2547-46,Nueva Concepción,"CENTRO PEDAGÓGICO ""GUATEMALA""","CENTRO PEDAGÓGICO ""GUATEMALA""",100.0,"CALLE DEL BANCO, BARRIO 6 DE NOVIEMBRE",VESPERTINA,DIARIO(REGULAR),CONSERVAR,Los códigos MINEDUC son distintos y representan registros administrativos independientes; no existe evidencia oficial para fusionarlos o eliminar uno.
576,05-13-0067-46,05-13-0068-46,Nueva Concepción,COLEGIO PRIVADO MIXTO NUESTRA SEÑORA DE CONCEPCIÓN,COLEGIO PRIVADO MIXTO NUESTRA SEÑORA DE CONCEPCIÓN,100.0,LOTE 120 A CALLE PANAMÁ,DOBLE,FIN DE SEMANA,CONSERVAR,Los códigos MINEDUC son distintos y representan registros administrativos independientes; no existe evidencia oficial para fusionarlos o eliminar uno.
577,05-13-0069-46,05-13-0070-46,Nueva Concepción,LICEO CRISTIANO NAZARETH,LICEO CRISTIANO NAZARETH,100.0,"LOTE NO. 100, CALLE PANAMÁ",VESPERTINA,DIARIO(REGULAR),CONSERVAR,Los códigos MINEDUC son distintos y representan registros administrativos independientes; no existe evidencia oficial para fusionarlos o eliminar uno.
578,05-13-0069-46,05-13-0079-46,Nueva Concepción,LICEO CRISTIANO NAZARETH,LICEO CRISTIANO NAZARETH,100.0,"LOTE NO. 100, CALLE PANAMÁ",VESPERTINA,DIARIO(REGULAR),CONSERVAR,Los códigos MINEDUC son distintos y representan registros administrativos independientes; no existe evidencia oficial para fusionarlos o eliminar uno.
579,05-13-0069-46,05-13-0571-46,Nueva Concepción,LICEO CRISTIANO NAZARETH,LICEO CRISTIANO NAZARETH,100.0,"LOTE NO. 100, CALLE PANAMÁ",VESPERTINA,DIARIO(REGULAR),CONSERVAR,Los códigos MINEDUC son distintos y representan registros administrativos independientes; no existe evidencia oficial para fusionarlos o eliminar uno.
580,05-13-0070-46,05-13-0079-46,Nueva Concepción,LICEO CRISTIANO NAZARETH,LICEO CRISTIANO NAZARETH,100.0,"LOTE NO. 100, CALLE PANAMÁ",VESPERTINA,DIARIO(REGULAR),CONSERVAR,Los códigos MINEDUC son distintos y representan registros administrativos independientes; no existe evidencia oficial para fusionarlos o eliminar uno.
581,05-13-0070-46,05-13-0571-46,Nueva Concepción,LICEO CRISTIANO NAZARETH,LICEO CRISTIANO NAZARETH,100.0,"LOTE NO. 100, CALLE PANAMÁ",VESPERTINA,DIARIO(REGULAR),CONSERVAR,Los códigos MINEDUC son distintos y representan registros administrativos independientes; no existe evidencia oficial para fusionarlos o eliminar uno.
582,05-13-0079-46,05-13-0571-46,Nueva Concepción,LICEO CRISTIANO NAZARETH,LICEO CRISTIANO NAZARETH,100.0,"LOTE NO. 100, CALLE PANAMÁ",VESPERTINA,DIARIO(REGULAR),CONSERVAR,Los códigos MINEDUC son distintos y representan registros administrativos independientes; no existe evidencia oficial para fusionarlos o eliminar uno.
583,06-14-0450-46,06-14-1830-46,Nueva Santa Rosa,CENTRO EDUCATIVO NUESTRA SEÑORA DE LA ESPERANZA,CENTRO EDUCATIVO NUESTRA SEÑORA DE LA ESPERANZA,100.0,"CASERÍO EL CHILTEPE, ALDEA CHAPAS",MATUTINA,DIARIO(REGULAR),CONSERVAR,Los códigos MINEDUC son distintos y representan registros administrativos independientes; no existe evidencia oficial para fusionarlos o eliminar uno.
584,12-12-0070-46,12-12-0078-46,Nuevo Progreso,"COLEGIO CIENTIFICO ""GALILEO""","COLEGIO CIENTÍFICO ""GALILEO""",100.0,CALLE 3 DE MAYO,DOBLE,FIN DE SEMANA,CONSERVAR,Los códigos MINEDUC son distintos y representan registros administrativos independientes; no existe evidencia oficial para fusionarlos o eliminar uno.
585,12-12-0070-46,12-12-0083-46,Nuevo Progreso,"COLEGIO CIENTIFICO ""GALILEO""","COLEGIO CIENTÍFICO ""GALILEO""",100.0,CALLE 3 DE MAYO,DOBLE,FIN DE SEMANA,CONSERVAR,Los códigos MINEDUC son distintos y representan registros administrativos independientes; no existe evidencia oficial para fusionarlos o eliminar uno.
586,12-12-0070-46,12-12-0085-46,Nuevo Progreso,"COLEGIO CIENTIFICO ""GALILEO""","COLEGIO CIENTÍFICO ""GALILEO""",100.0,CALLE 3 DE MAYO,DOBLE,FIN DE SEMANA,CONSERVAR,Los códigos MINEDUC son distintos y representan registros administrativos independientes; no existe evidencia oficial para fusionarlos o eliminar uno.
587,12-12-0078-46,12-12-0083-46,Nuevo Progreso,"COLEGIO CIENTÍFICO ""GALILEO""","COLEGIO CIENTÍFICO ""GALILEO""",100.0,CALLE 3 DE MAYO,DOBLE,FIN DE SEMANA,CONSERVAR,Los códigos MINEDUC son distintos y representan registros administrativos independientes; no existe evidencia oficial para fusionarlos o eliminar uno.
588,12-12-0078-46,12-12-0085-46,Nuevo Progreso,"COLEGIO CIENTÍFICO ""GALILEO""","COLEGIO CIENTÍFICO ""GALILEO""",100.0,CALLE 3 DE MAYO,DOBLE,FIN DE SEMANA,CONSERVAR,Los códigos MINEDUC son distintos y representan registros administrativos independientes; no existe evidencia oficial para fusionarlos o eliminar uno.
589,12-12-0083-46,12-12-0085-46,Nuevo Progreso,"COLEGIO CIENTÍFICO ""GALILEO""","COLEGIO CIENTÍFICO ""GALILEO""",100.0,CALLE 3 DE MAYO,DOBLE,FIN DE SEMANA,CONSERVAR,Los códigos MINEDUC son distintos y representan registros administrativos independientes; no existe evidencia oficial para fusionarlos o eliminar uno.
590,12-12-0069-46,12-12-0082-46,Nuevo Progreso,"COLEGIO CIENTÍFICO ""GALILEO""","COLEGIO CIENTÍFICO ""GALILEO""",100.0,CALLE 3 DE MAYO,VESPERTINA,DIARIO(REGULAR),CONSERVAR,Los códigos MINEDUC son distintos y representan registros administrativos independientes; no existe evidencia oficial para fusionarlos o eliminar uno.
591,12-12-0071-46,12-12-0076-46,Nuevo Progreso,"LICEO ""SAN JOSÉ""","LICEO ""SAN JOSÉ""",100.0,CALLE 3 DE MAYO 2-33 ZONA 1,DOBLE,FIN DE SEMANA,CONSERVAR,Los códigos MINEDUC son distintos y representan registros administrativos independientes; no existe evidencia oficial para fusionarlos o eliminar uno.
592,12-12-0075-46,12-12-4537-46,Nuevo Progreso,"LICEO ""SAN JOSÉ""","LICEO ""SAN JOSÉ""",100.0,CALLE 3 DE MAYO 2-33 ZONA 1,VESPERTINA,DIARIO(REGULAR),CONSERVAR,Los códigos MINEDUC son distintos y representan registros administrativos independientes; no existe evidencia oficial para fusionarlos o eliminar uno.
593,12-12-0055-46,12-12-0072-46,Nuevo Progreso,"LICEO ""SAN JOSÉ""","LICEO ""SAN JOSE""",100.0,CALLE 3 DE MAYO 2-33 ZONA 1,MATUTINA,DIARIO(REGULAR),CONSERVAR,Los códigos MINEDUC son distintos y representan registros administrativos independientes; no existe evidencia oficial para fusionarlos o eliminar uno.
594,12-12-0103-46,12-12-0104-46,Nuevo Progreso,INED INSTITUTO NACIONAL DE EDUCACIÓN DIVERSIFICADA,INED INSTITUTO NACIONAL DE EDUCACIÓN DIVERSIFICADA,100.0,COMUNIDAD AGRARIA EMANUEL,VESPERTINA,DIARIO(REGULAR),CONSERVAR,Los códigos MINEDUC son distintos y representan registros administrativos independientes; no existe evidencia oficial para fusionarlos o eliminar uno.
595,11-08-0061-46,11-08-0063-46,Nuevo San Carlos,COLEGIO GENESIS,COLEGIO GENESIS,100.0,"ALDEA GRANADOS, SECTOR I",DOBLE,FIN DE SEMANA,CONSERVAR,Los códigos MINEDUC son distintos y representan registros administrativos independientes; no existe evidencia oficial para fusionarlos o eliminar uno.
596,11-08-0084-46,11-08-0085-46,Nuevo San Carlos,INED INSTITUTO NACIONAL DE EDUCACIÓN DIVERSIFICADA,INED INSTITUTO NACIONAL DE EDUCACIÓN DIVERSIFICADA,100.0,CASERÍO LA FLECHA,VESPERTINA,DIARIO(REGULAR),CONSERVAR,Los códigos MINEDUC son distintos y representan registros administrativos independientes; no existe evidencia oficial para fusionarlos o eliminar uno.
597,11-08-0070-46,11-08-0071-46,Nuevo San Carlos,COLEGIO CRISTIANO MARANATHA,COLEGIO CRISTIANO MARANATHA,100.0,COLONIA MORÁN,DOBLE,FIN DE SEMANA,CONSERVAR,Los códigos MINEDUC son distintos y representan registros administrativos independientes; no existe evidencia oficial para fusionarlos o eliminar uno.
598,12-18-0036-46,12-18-0037-46,Ocós,INED INSTITUTO NACIONAL DE EDUCACIÓN DIVERSIFICADA,INED INSTITUTO NACIONAL DE EDUCACIÓN DIVERSIFICADA,100.0,ALDEA LIMONES,VESPERTINA,DIARIO(REGULAR),CONSERVAR,Los códigos MINEDUC son distintos y representan registros administrativos independientes; no existe evidencia oficial para fusionarlos o eliminar uno.
599,06-06-0028-46,06-06-0029-46,Oratorio,"COLEGIO PARTICULAR MIXTO BILINGÜE ""VILLA REAL""","COLEGIO PARTICULAR MIXTO BILINGÜE ""VILLA REAL""",100.0,5TA. AVENIDA Y 1RA. CALLE,SIN JORNADA,SEMIPRESENCIAL (FIN DE SEMANA),CONSERVAR,Los códigos MINEDUC son distintos y representan registros administrativos independientes; no existe evidencia oficial para fusionarlos o eliminar uno.
600,14-21-0024-46,14-21-0025-46,Pachalum,LICEO INTERCULTURAL PACHALUMENSE,"""LICEO INTERCULTURAL PACHALUMENSE""",100.0,"VALLE LINDA VISTA, SALIDA A MORITAS",DOBLE,FIN DE SEMANA,CONSERVAR,Los códigos MINEDUC son distintos y representan registros administrativos independientes; no existe evidencia oficial para fusionarlos o eliminar uno.
601,12-22-0020-46,12-22-0021-46,Pajapita,LICEO EXPERIMENTAL,LICEO EXPERIMENTAL,100.0,5TA. CALLE 5-92 ZONA 1,DOBLE,FIN DE SEMANA,CONSERVAR,Los códigos MINEDUC son distintos y representan registros administrativos independientes; no existe evidencia oficial para fusionarlos o eliminar uno.
602,12-22-0020-46,12-22-0024-46,Pajapita,LICEO EXPERIMENTAL,LICEO EXPERIMENTAL,100.0,5TA. CALLE 5-92 ZONA 1,DOBLE,FIN DE SEMANA,CONSERVAR,Los códigos MINEDUC son distintos y representan registros administrativos independientes; no existe evidencia oficial para fusionarlos o eliminar uno.
603,12-22-0021-46,12-22-0024-46,Pajapita,LICEO EXPERIMENTAL,LICEO EXPERIMENTAL,100.0,5TA. CALLE 5-92 ZONA 1,DOBLE,FIN DE SEMANA,CONSERVAR,Los códigos MINEDUC son distintos y representan registros administrativos independientes; no existe evidencia oficial para fusionarlos o eliminar uno.
604,12-22-0003-46,12-22-0023-46,Pajapita,"INSTITUTO TECNOLOGICO ""GERARDI""","INSTITUTO TECNOLOGICO ""GERARDI""",100.0,CABECERA MUNICIPAL,DOBLE,FIN DE SEMANA,CONSERVAR,Los códigos MINEDUC son distintos y representan registros administrativos independientes; no existe evidencia oficial para fusionarlos o eliminar uno.
605,12-22-0029-46,12-22-0030-46,Pajapita,COLEGIO AMERICANO,COLEGIO AMERICANO,100.0,CABECERA MUNICIPAL,DOBLE,FIN DE SEMANA,CONSERVAR,Los códigos MINEDUC son distintos y representan registros administrativos independientes; no existe evidencia oficial para fusionarlos o eliminar uno.
606,01-05-8549-46,01-05-8550-46,Palencia,LICEO INTEGRAL PALENCIANO,LICEO INTEGRAL PALENCIANO,100.0,2A. CALLE PROLONGACION INTERIOR NO. 7 CANTON RINCON DE LA PIEDRA,MATUTINA,DIARIO(REGULAR),CONSERVAR,Los códigos MINEDUC son distintos y representan registros administrativos independientes; no existe evidencia oficial para fusionarlos o eliminar uno.
607,01-05-8604-46,01-05-8606-46,Palencia,LICEO INTEGRAL PALENCIANO,LICEO INTEGRAL PALENCIANO,100.0,2A. CALLE PROLONGACION INTERIOR NO. 7 EL RINCON CANTON RINCON DE LA PIEDRA,DOBLE,FIN DE SEMANA,CONSERVAR,Los códigos MINEDUC son distintos y representan registros administrativos independientes; no existe evidencia oficial para fusionarlos o eliminar uno.
608,01-05-0100-46,01-05-0102-46,Palencia,COLEGIO GUATEMALTECO TIKAL NO. 2,COLEGIO GUATEMALTECO TIKAL NO. 2,100.0,3A. CALLE 4-112 CANTÓN AGUA TIBIA,DOBLE,FIN DE SEMANA,CONSERVAR,Los códigos MINEDUC son distintos y representan registros administrativos independientes; no existe evidencia oficial para fusionarlos o eliminar uno.
609,01-05-0107-46,01-05-0108-46,Palencia,COLEGIO GUATEMALTECO TIKAL NO. 2,COLEGIO GUATEMALTECO TIKAL NO. 2,100.0,"3ERA. CALLE 4-112, CANTÓN AGUA TIBIA",VESPERTINA,DIARIO(REGULAR),CONSERVAR,Los códigos MINEDUC son distintos y representan registros administrativos independientes; no existe evidencia oficial para fusionarlos o eliminar uno.
610,01-05-0107-46,01-05-0109-46,Palencia,COLEGIO GUATEMALTECO TIKAL NO. 2,COLEGIO GUATEMALTECO TIKAL NO. 2,100.0,"3ERA. CALLE 4-112, CANTÓN AGUA TIBIA",VESPERTINA,DIARIO(REGULAR),CONSERVAR,Los códigos MINEDUC son distintos y representan registros administrativos independientes; no existe evidencia oficial para fusionarlos o eliminar uno.
611,01-05-0108-46,01-05-0109-46,Palencia,COLEGIO GUATEMALTECO TIKAL NO. 2,COLEGIO GUATEMALTECO TIKAL NO. 2,100.0,"3ERA. CALLE 4-112, CANTÓN AGUA TIBIA",VESPERTINA,DIARIO(REGULAR),CONSERVAR,Los códigos MINEDUC son distintos y representan registros administrativos independientes; no existe evidencia oficial para fusionarlos o eliminar uno.
612,05-11-0056-46,05-11-0083-46,Palín,COLEGIO MIXTO DEL VALLE,COLEGIO MIXTO DEL VALLE,100.0,LOTE 3 MANZANA J SECTOR 1 RESIDENCIALES VALLE DE LAS FLORES,MATUTINA,DIARIO(REGULAR),CONSERVAR,Los códigos MINEDUC son distintos y representan registros administrativos independientes; no existe evidencia oficial para fusionarlos o eliminar uno.
613,07-10-0003-46,07-10-3038-46,Panajachel,COLEGIO MIXTO JUAN PABLO II,COLEGIO MIXTO JUAN PABLO II,100.0,CALLE DE LOS ARBOLES,MATUTINA,DIARIO(REGULAR),CONSERVAR,Los códigos MINEDUC son distintos y representan registros administrativos independientes; no existe evidencia oficial para fusionarlos o eliminar uno.
614,22-15-0025-46,22-15-0026-46,Pasaco,COLEGIO INTEGRAL CIENCIA Y DESARROLLO II,COLEGIO INTEGRAL CIENCIA Y DESARROLLO II,100.0,ALDEA EL GARROBO,DOBLE,FIN DE SEMANA,CONSERVAR,Los códigos MINEDUC son distintos y representan registros administrativos independientes; no existe evidencia oficial para fusionarlos o eliminar uno.
615,03-03-0022-46,03-03-0023-46,Pastores,COLEGIO LA ESPERANZA,COLEGIO LA ESPERANZA,100.0,1A. CALLE 3-42 ZONA 2,DOBLE,FIN DE SEMANA,CONSERVAR,Los códigos MINEDUC son distintos y representan registros administrativos independientes; no existe evidencia oficial para fusionarlos o eliminar uno.
616,10-14-0051-46,10-14-2296-46,Patulul,INSTITUTO PRIVADO MIXTO DE COMPUTACION INFORMATICA ICI,INSTITUTO PRIVADO MIXTO DE COMPUTACION INFORMATICA ICI,100.0,6A. CALLE 4-93 ZONA 1 BARRIO PUEBLO NUEVO,DOBLE,FIN DE SEMANA,CONSERVAR,Los códigos MINEDUC son distintos y representan registros administrativos independientes; no existe evidencia oficial para fusionarlos o eliminar uno.
617,10-14-0040-46,10-14-0041-46,Patulul,"COLEGIO PRIVADO MIXTO ""SABIDURIA Y EXITO""","COLEGIO PRIVADO MIXTO ""SABIDURIA Y EXITO""",100.0,ALDEA NAHUALATE,DOBLE,FIN DE SEMANA,CONSERVAR,Los códigos MINEDUC son distintos y representan registros administrativos independientes; no existe evidencia oficial para fusionarlos o eliminar uno.
618,10-14-0021-46,10-14-0058-46,Patulul,"COLEGIO MIXTO ""NUEVO AMANECER""","COLEGIO MIXTO ""NUEVO AMANECER""",100.0,BARRIO EL CALVARIO,DOBLE,FIN DE SEMANA,CONSERVAR,Los códigos MINEDUC son distintos y representan registros administrativos independientes; no existe evidencia oficial para fusionarlos o eliminar uno.
619,10-14-0066-46,10-14-0067-46,Patulul,COLEGIO MUNDO DE JUGUETES,COLEGIO MUNDO DE JUGUETES,100.0,"CANTON LA PAZ, RANCHO LOS OLIVOS, CARRETERA A COCALES",DOBLE,FIN DE SEMANA,CONSERVAR,Los códigos MINEDUC son distintos y representan registros administrativos independientes; no existe evidencia oficial para fusionarlos o eliminar uno.
620,04-07-2540-46,04-07-3183-46,Patzún,"INSTITUTO PREVOCACIONAL MIXTO ""SAN BERNARDINO""",INSTITUTO PREVOCACIONAL MIXTO 'SAN BERNARDINO',100.0,4A. AVENIDA 4-40 ZONA 2,MATUTINA,DIARIO(REGULAR),CONSERVAR,Los códigos MINEDUC son distintos y representan registros administrativos independientes; no existe evidencia oficial para fusionarlos o eliminar uno.
621,17-12-0002-46,17-12-0142-46,Poptún,"COLEGIO MIXTO PRIVADO ""SAN PEDRO MARTIR DE VERONA""",COLEGIO MIXTO PRIVADO SAN PEDRO MARTIR DE VERONA,100.0,"3RA CALLE ""A"" 7-13 ZONA 1",DOBLE,FIN DE SEMANA,CONSERVAR,Los códigos MINEDUC son distintos y representan registros administrativos independientes; no existe evidencia oficial para fusionarlos o eliminar uno.
622,17-12-0002-46,17-12-0143-46,Poptún,"COLEGIO MIXTO PRIVADO ""SAN PEDRO MARTIR DE VERONA""",COLEGIO MIXTO PRIVADO SAN PEDRO MARTIR DE VERONA,100.0,"3RA CALLE ""A"" 7-13 ZONA 1",DOBLE,FIN DE SEMANA,CONSERVAR,Los códigos MINEDUC son distintos y representan registros administrativos independientes; no existe evidencia oficial para fusionarlos o eliminar uno.
623,17-12-0142-46,17-12-0143-46,Poptún,COLEGIO MIXTO PRIVADO SAN PEDRO MARTIR DE VERONA,COLEGIO MIXTO PRIVADO SAN PEDRO MARTIR DE VERONA,100.0,"3RA.CALLE""A"" 7-13 ZONA 1",DOBLE,FIN DE SEMANA,CONSERVAR,Los códigos MINEDUC son distintos y representan registros administrativos independientes; no existe evidencia oficial para fusionarlos o eliminar uno.
624,17-12-0133-46,17-12-0134-46,Poptún,"LICEO CRISTIANO CON ORIENTACION UNIVERSITARIA ""EL SHADDAI""","LICEO CRISTIANO CON ORIENTACIÓN UNIVERSITARIA ""EL SHADDAI""",100.0,"BULEVAR 25 DE JUNIO Y 9A. AVENIDA ZONA 1, BARRIO SAN FRANCISCO.",DOBLE,FIN DE SEMANA,CONSERVAR,Los códigos MINEDUC son distintos y representan registros administrativos independientes; no existe evidencia oficial para fusionarlos o eliminar uno.
625,18-01-0182-46,18-01-0185-46,Puerto Barrios,"INSTITUTO PARTICULAR MIXTO ""DESARROLLO Y CIENCIA""","INSTITUTO PARTICULAR MIXTO ""DESARROLLO Y CIENCIA""",100.0,14 CALLE ENTRE 11 AVENIDA,DOBLE,FIN DE SEMANA,CONSERVAR,Los códigos MINEDUC son distintos y representan registros administrativos independientes; no existe evidencia oficial para fusionarlos o eliminar uno.
626,18-01-0242-46,18-01-0243-46,Puerto Barrios,INSTITUTO PARTICULAR MIXTO JOSE MARIA BONILLA RUANO,INSTITUTO PARTICULAR MIXTO JOSE MARIA BONILLA RUANO,100.0,19 CALLE 14 AVENIDAS,DOBLE,FIN DE SEMANA,CONSERVAR,Los códigos MINEDUC son distintos y representan registros administrativos independientes; no existe evidencia oficial para fusionarlos o eliminar uno.
627,18-01-0305-46,18-01-0307-46,Puerto Barrios,"INSTITUTO INTERCULTURAL MIXTO ""KATOK WINAQ""","INSTITUTO INTERCULTURAL MIXTO ""KATOK WINAQ""",100.0,21 CALLE 14 AVENIDA,DOBLE,FIN DE SEMANA,CONSERVAR,Los códigos MINEDUC son distintos y representan registros administrativos independientes; no existe evidencia oficial para fusionarlos o eliminar uno.
628,18-01-0306-46,18-01-0308-46,Puerto Barrios,"INSTITUTO INTERCULTURAL MIXTO ""KATOK WINAQ""","INSTITUTO INTERCULTURAL MIXTO ""KATOK WINAQ""",100.0,21 CALLE 14 AVENIDA,DOBLE,IRREGULAR,CONSERVAR,Los códigos MINEDUC son distintos y representan registros administrativos independientes; no existe evidencia oficial para fusionarlos o eliminar uno.
629,18-01-0254-46,18-01-0256-46,Puerto Barrios,INSTITUTO MIXTO INTEGRAL MARIA CHINCHILLA,INSTITUTO MIXTO INTEGRAL MARIA CHINCHILLA,100.0,4A. AVENIDA ENTRE 12 Y 13 CALLES,DOBLE,FIN DE SEMANA,CONSERVAR,Los códigos MINEDUC son distintos y representan registros administrativos independientes; no existe evidencia oficial para fusionarlos o eliminar uno.
630,18-01-0209-46,18-01-0210-46,Puerto Barrios,"CENTRO EDUCATIVO ""LICEO CENTROAMERICANO""","CENTRO EDUCATIVO ""LICEO CENTROAMERICANO""",100.0,5A.CALLE ENTRE 3A. Y 4A. AVENIDA,DOBLE,FIN DE SEMANA,CONSERVAR,Los códigos MINEDUC son distintos y representan registros administrativos independientes; no existe evidencia oficial para fusionarlos o eliminar uno.
631,18-01-0343-46,18-01-0344-46,Puerto Barrios,LICEO MIXTO BILINGÜE CANADIENSE,LICEO MIXTO BINLINGÜE CANADIENSE,98.41,6A. CALLE Y 4A. AVENIDA,DOBLE,FIN DE SEMANA,CONSERVAR,Los códigos MINEDUC son distintos y representan registros administrativos independientes; no existe evidencia oficial para fusionarlos o eliminar uno.
632,18-01-0073-46,18-01-3068-46,Puerto Barrios,COLEGIO TECNICO PRIVADO MIXTO LA PATRIA,COLEGIO TÉCNICO PRIVADO MIXTO LA PATRIA,100.0,ALDEA ENTRE RIOS,DOBLE,FIN DE SEMANA,CONSERVAR,Los códigos MINEDUC son distintos y representan registros administrativos independientes; no existe evidencia oficial para fusionarlos o eliminar uno.
633,18-01-0211-46,18-01-0276-46,Puerto Barrios,"COLEGIO CRISTIANO PRIVADO MIXTO ""CRISTO VIENE""",COLEGIO CRISTIANO PRIVADO MIXTO CRISTO VIENE,100.0,ALDEA ENTRE RIOS,DOBLE,FIN DE SEMANA,CONSERVAR,Los códigos MINEDUC son distintos y representan registros administrativos independientes; no existe evidencia oficial para fusionarlos o eliminar uno.
634,18-01-0145-46,18-01-0409-46,Puerto Barrios,"COLEGIO CRISTIANO PRIVADO MIXTO ""CRISTO VIENE""",COLEGIO CRISTIANO PRIVADO MIXTO CRISTO VIENE,100.0,ALDEA ENTRE RIOS,VESPERTINA,DIARIO(REGULAR),CONSERVAR,Los códigos MINEDUC son distintos y representan registros administrativos independientes; no existe evidencia oficial para fusionarlos o eliminar uno.
635,18-01-0350-46,18-01-0351-46,Puerto Barrios,"COLEGIO TECNICO PRIVADO MIXTO ""SAN JOSE""","COLEGIO TECNICO PRIVADO MIXTO ""SAN JOSE""",100.0,ALDEA MEDIA LUNA,DOBLE,FIN DE SEMANA,CONSERVAR,Los códigos MINEDUC son distintos y representan registros administrativos independientes; no existe evidencia oficial para fusionarlos o eliminar uno.
636,18-01-0284-46,18-01-0285-46,Puerto Barrios,LICEO EDUCATIVO DE FORMACION INTEGRAL FUENTE DE VIDA,LICEO EDUCATIVO DE FORMACION INTEGRAL FUENTE DE VIDA,100.0,CASERIO COLINA II DE SANTO TOMAS DE CASTILLA,DOBLE,FIN DE SEMANA,CONSERVAR,Los códigos MINEDUC son distintos y representan registros administrativos independientes; no existe evidencia oficial para fusionarlos o eliminar uno.
637,18-01-1083-46,18-01-1973-46,Puerto Barrios,COLEGIO BILINGUE PARA SEÑORITAS 'SANTA MARTHA',COLEGIO BILINGUE PARA SEÑORITAS 'SANTA MARTHA',100.0,"CASERIO LA CEIBA, RUTA AL ATLANTICO",MATUTINA,DIARIO(REGULAR),CONSERVAR,Los códigos MINEDUC son distintos y representan registros administrativos independientes; no existe evidencia oficial para fusionarlos o eliminar uno.
638,18-01-0376-46,18-01-0377-46,Puerto Barrios,"INSTITUTO PARTICULAR MIXTO ""ADONAI""","INSTITUTO PARTICULAR MIXTO ""ADONAI""",100.0,CASERIO LA REFINERIA,DOBLE,FIN DE SEMANA,CONSERVAR,Los códigos MINEDUC son distintos y representan registros administrativos independientes; no existe evidencia oficial para fusionarlos o eliminar uno.
639,18-01-0376-46,18-01-0378-46,Puerto Barrios,"INSTITUTO PARTICULAR MIXTO ""ADONAI""","INSTITUTO PARTICULAR MIXTO ""ADONAI""",100.0,CASERIO LA REFINERIA,DOBLE,FIN DE SEMANA,CONSERVAR,Los códigos MINEDUC son distintos y representan registros administrativos independientes; no existe evidencia oficial para fusionarlos o eliminar uno.
640,18-01-0377-46,18-01-0378-46,Puerto Barrios,"INSTITUTO PARTICULAR MIXTO ""ADONAI""","INSTITUTO PARTICULAR MIXTO ""ADONAI""",100.0,CASERIO LA REFINERIA,DOBLE,FIN DE SEMANA,CONSERVAR,Los códigos MINEDUC son distintos y representan registros administrativos independientes; no existe evidencia oficial para fusionarlos o eliminar uno.
641,18-01-0232-46,18-01-0287-46,Puerto Barrios,CENTRO EDUCATIVO CONCEPCION DE MARIA,CENTRO EDUCATIVO CONCEPCION DE MARIA,100.0,"COLONIA 15 DE ABRIL, SANTO TOMAS DE CASTILLA",DOBLE,FIN DE SEMANA,CONSERVAR,Los códigos MINEDUC son distintos y representan registros administrativos independientes; no existe evidencia oficial para fusionarlos o eliminar uno.
642,18-01-0162-46,18-01-3235-46,Puerto Barrios,"COLEGIO PARTICULAR MIXTO ""PIEDRAS NEGRAS""",COLEGIO PARTICULAR MIXTO PIEDRAS NEGRAS,100.0,"COLONIA PIEDRAS NEGRAS, SANTO TOMÁS DE CASTILLA",DOBLE,FIN DE SEMANA,CONSERVAR,Los códigos MINEDUC son distintos y representan registros administrativos independientes; no existe evidencia oficial para fusionarlos o eliminar uno.
643,18-01-0200-46,18-01-0319-46,Puerto Barrios,"INSTITUTO PREUNIVERSITARIO DE IZABAL ""PREU""","INSTITUTO PREUNIVERSITARIO DE IZABAL ""PREU""",100.0,COLONIA SAN CRISTOBAL ENTRE RIOS,DOBLE,FIN DE SEMANA,CONSERVAR,Los códigos MINEDUC son distintos y representan registros administrativos independientes; no existe evidencia oficial para fusionarlos o eliminar uno.
644,15-08-0171-46,15-08-0173-46,Purulhá,COLEGIO PARTICULAR MIXTO PURULHA PROFA. MARIA ZOE LOPEZ,COLEGIO PARTICULAR MIXTO PURULHÁ PROFESORA MARÍA ZOE LÓPEZ,96.43,BARRIO EL CARPINTERO,DOBLE,FIN DE SEMANA,CONSERVAR,Los códigos MINEDUC son distintos y representan registros administrativos independientes; no existe evidencia oficial para fusionarlos o eliminar uno.
645,15-08-0006-46,15-08-2158-46,Purulhá,"""INSTITUTO MIXTO PARTICULAR VERAPAZ""",INSTITUTO MIXTO PARTICULAR VERAPAZ,100.0,BARRIO EL CEMENTERIO,DOBLE,FIN DE SEMANA,CONSERVAR,Los códigos MINEDUC son distintos y representan registros administrativos independientes; no existe evidencia oficial para fusionarlos o eliminar uno.
646,22-17-0038-46,22-17-0039-46,Quesada,"COLEGIO INTEGRAL DE COMPUTACIÓN ""EDUCARE""","COLEGIO INTEGRAL DE COMPUTACIÓN ""EDUCARE""",100.0,7A. CALLE 4-32 ZONA 1,DOBLE,FIN DE SEMANA,CONSERVAR,Los códigos MINEDUC son distintos y representan registros administrativos independientes; no existe evidencia oficial para fusionarlos o eliminar uno.
647,22-17-0019-46,22-17-0031-46,Quesada,COLEGIO PARTICULAR MIXTO BILINGUE SANTA FE,COLEGIO PARTICULAR MIXTO BILINGUE SANTA FE,100.0,ALDEA BUENA VISTA,DOBLE,FIN DE SEMANA,CONSERVAR,Los códigos MINEDUC son distintos y representan registros administrativos independientes; no existe evidencia oficial para fusionarlos o eliminar uno.
648,09-01-3953-46,09-01-3992-46,Quetzaltenango,ESCUELA PRIVADA MIXTA DE FORMACION ARTISTICA QUETZALTENANGO,ESCUELA PRIVADA MIXTA DE FORMACION ARTISTICA QUETZALTENANGO,100.0,11 CALLE 19-19 ZONA 1,DOBLE,FIN DE SEMANA,CONSERVAR,Los códigos MINEDUC son distintos y representan registros administrativos independientes; no existe evidencia oficial para fusionarlos o eliminar uno.
649,09-01-0380-46,09-01-3234-46,Quetzaltenango,ESCUELA PRIVADA MIXTA DE FORMACION ARTÍSTICA QUETZALTENANGO,ESCUELA PRIVADA MIXTA DE FORMACION ARTISTICA QUETZALTENANGO,100.0,11 CALLE 19-19 ZONA 1,MATUTINA,DIARIO(REGULAR),CONSERVAR,Los códigos MINEDUC son distintos y representan registros administrativos independientes; no existe evidencia oficial para fusionarlos o eliminar uno.
650,09-01-0132-46,09-01-3534-46,Quetzaltenango,INSTITUTO NORMAL PARA SEÑORITAS DE OCCIDENTE,INSTITUTO NORMAL PARA SEÑORITAS DE OCCIDENTE,100.0,14 AVENIDA A 0-36 ZONA 1,VESPERTINA,DIARIO(REGULAR),CONSERVAR,Los códigos MINEDUC son distintos y representan registros administrativos independientes; no existe evidencia oficial para fusionarlos o eliminar uno.
651,09-01-0040-46,09-01-0445-46,Quetzaltenango,COLELGIO EVANGELICO LA PATRIA,COLEGIO EVANGÉLICO LA PATRIA,98.25,19 AVENIDA 1-28 ZONA 3,DOBLE,DIARIO(REGULAR),CONSERVAR,Los códigos MINEDUC son distintos y representan registros administrativos independientes; no existe evidencia oficial para fusionarlos o eliminar uno.
652,09-01-0476-46,09-01-0540-46,Quetzaltenango,"CENTRO EDUCATIVO ""ISEA QUETZALTENANGO""","CENTRO EDUCATIVO ""ISEA QUETZALTENANGO""",100.0,"21 AVENIDA 0-28, ZONA 3, EDIFICIO MINERVA, OFICINA 204",SIN JORNADA,A DISTANCIA,CONSERVAR,Los códigos MINEDUC son distintos y representan registros administrativos independientes; no existe evidencia oficial para fusionarlos o eliminar uno.
653,09-01-3558-46,09-01-4103-46,Quetzaltenango,"COLEGIO PRE-UNIVERSITARIO ""FRIEDRICH VON HAYEK""","COLEGIO PRE-UNIVERSITARIO ""FRIEDRICH VON HAYEK""",100.0,21 AVENIDA 3-61 ZONA 3,DOBLE,FIN DE SEMANA,CONSERVAR,Los códigos MINEDUC son distintos y representan registros administrativos independientes; no existe evidencia oficial para fusionarlos o eliminar uno.
654,09-01-3556-46,09-01-3816-46,Quetzaltenango,"COLEGIO PRE-UNIVERSITARIO ""FRIEDRICH VON HAYEK""","COLEGIO PRE-UNIVERSITARIO ""FRIEDRICH VON HAYEK""",100.0,21 AVENIDA 3-61 ZONA 3,MATUTINA,DIARIO(REGULAR),CONSERVAR,Los códigos MINEDUC son distintos y representan registros administrativos independientes; no existe evidencia oficial para fusionarlos o eliminar uno.
655,09-01-0336-46,09-01-0337-46,Quetzaltenango,"COLEGIO PRIVADO MIXTO ""JUAN JACOBO ROUSSEAU""","COLEGIO PRIVADO MIXTO ""JUAN JACOBO ROUSSEAU""",100.0,26 AVENIDA 4-21 ZONA 7 COLONIA SAN ANTONIO,MATUTINA,DIARIO(REGULAR),CONSERVAR,Los códigos MINEDUC son distintos y representan registros administrativos independientes; no existe evidencia oficial para fusionarlos o eliminar uno.
656,09-01-0288-46,09-01-0297-46,Quetzaltenango,COLEGIO JOHN HARVARD,COLEGIO JOHN HARVARD,100.0,4TA. CALLE 16-33 ZONA 1,DOBLE,FIN DE SEMANA,CONSERVAR,Los códigos MINEDUC son distintos y representan registros administrativos independientes; no existe evidencia oficial para fusionarlos o eliminar uno.
657,09-01-0232-46,09-01-0234-46,Quetzaltenango,INSTITUTO IBEROAMERICANO DE ESTUDIOS AVANZADOS,INSTITUTO IBEROAMERICANO DE ESTUDIOS AVANZADOS,100.0,AVENIDA EL CENIZAL 0-79 ZONA 4,DOBLE,FIN DE SEMANA,CONSERVAR,Los códigos MINEDUC son distintos y representan registros administrativos independientes; no existe evidencia oficial para fusionarlos o eliminar uno.
658,09-01-0384-46,09-01-1083-46,Quetzaltenango,COLEGIO MIXTO CENTRO DE ESTUDIOS INTEGRADOS,COLEGIO MIXTO CENTRO DE ESTUDIOS INTEGRADOS,100.0,DIAGONAL 11 7-15 ZONA 1,MATUTINA,DIARIO(REGULAR),CONSERVAR,Los códigos MINEDUC son distintos y representan registros administrativos independientes; no existe evidencia oficial para fusionarlos o eliminar uno.
659,20-09-0041-46,20-09-0063-46,Quezaltepeque,LICEO TECNICO QUEZALTEPEQUE,LICEO TÉCNICO QUEZALTEPEQUE,100.0,9NO. CALLEJON 1-72 ZONA 1,DOBLE,FIN DE SEMANA,CONSERVAR,Los códigos MINEDUC son distintos y representan registros administrativos independientes; no existe evidencia oficial para fusionarlos o eliminar uno.
660,20-09-0060-46,20-09-2362-46,Quezaltepeque,INSTITUTO PRIVADO MIXTO NOCTURNO DE CIENCIAS COMERCIALES,INSTITUTO PRIVADO MIXTO NOCTURNO DE CIENCIAS COMERCIALES,100.0,"COLONIA SANTA FILOMENA, ZONA 2",DOBLE,FIN DE SEMANA,CONSERVAR,Los códigos MINEDUC son distintos y representan registros administrativos independientes; no existe evidencia oficial para fusionarlos o eliminar uno.
661,20-09-0037-46,20-09-0038-46,Quezaltepeque,COMPLEJO EDUCATIVO INTERCULTURAL,COMPLEJO EDUCATIVO INTERCULTURAL,100.0,"COLONIA SANTA FILOMENA, ZONA 2",MATUTINA,DIARIO(REGULAR),CONSERVAR,Los códigos MINEDUC son distintos y representan registros administrativos independientes; no existe evidencia oficial para fusionarlos o eliminar uno.
662,15-03-0778-46,15-03-1888-46,Rabinal,CENTRO CULTURAL DE AMERICA,CENTRO CULTURAL DE AMERICA,100.0,3A. CALLE 3-64 ZONA 2,VESPERTINA,DIARIO(REGULAR),CONSERVAR,Los códigos MINEDUC son distintos y representan registros administrativos independientes; no existe evidencia oficial para fusionarlos o eliminar uno.
663,15-03-0088-46,15-03-2053-46,Rabinal,COLEGIO PARTICULAR MIXTO VIDA NUEVA,COLEGIO PARTICULAR MIXTO VIDA NUEVA,100.0,4A. AVENIDA 1-83 ZONA 2,DOBLE,FIN DE SEMANA,CONSERVAR,Los códigos MINEDUC son distintos y representan registros administrativos independientes; no existe evidencia oficial para fusionarlos o eliminar uno.
664,15-03-0060-46,15-03-0062-46,Rabinal,COLEGIO PARTICULAR MIXTO SANTO DOMINGO,COLEGIO PARTICULAR MIXTO SANTO DOMINGO,100.0,4A. AVENIDA ENTRE 3A. Y 4A. CALLE ZONA 2,DOBLE,FIN DE SEMANA,CONSERVAR,Los códigos MINEDUC son distintos y representan registros administrativos independientes; no existe evidencia oficial para fusionarlos o eliminar uno.
665,16-17-0123-46,16-17-0151-46,Raxruhá,INSTITUTO NACIONAL DE EDUCACION DIVERSIFICADA,INSTITUTO NACIONAL DE EDUCACIÓN DIVERSIFICADA,100.0,BARRIO SANTA MARÍA,MATUTINA,DIARIO(REGULAR),CONSERVAR,Los códigos MINEDUC son distintos y representan registros administrativos independientes; no existe evidencia oficial para fusionarlos o eliminar uno.
666,11-01-0310-46,11-01-0312-46,Retalhuleu,"COLEGIO MIXTO CRISTIANO ""GETSEMANÍ""","COLEGIO MIXTO CRISTIANO ""GETSEMANÍ""",100.0,"2A. CALLE 3-72, ZONA 1",DOBLE,FIN DE SEMANA,CONSERVAR,Los códigos MINEDUC son distintos y representan registros administrativos independientes; no existe evidencia oficial para fusionarlos o eliminar uno.
667,11-01-0267-46,11-01-0268-46,Retalhuleu,"COLEGIO EVANGÉLICO MIXTO ""SINAI"" II","COLEGIO EVANGÉLICO MIXTO ""SINAÍ"" II",100.0,2A. CALLE 5-16 ZONA 4,DOBLE,FIN DE SEMANA,CONSERVAR,Los códigos MINEDUC son distintos y representan registros administrativos independientes; no existe evidencia oficial para fusionarlos o eliminar uno.
668,11-01-0212-46,11-01-0419-46,Retalhuleu,COLEGIO TECNOLOGICO BLAISE PASCAL,COLEGIO TECNOLÓGICO BLAISE PASCAL,100.0,2A CALLE 5-80 ZONA 1,MATUTINA,DIARIO(REGULAR),CONSERVAR,Los códigos MINEDUC son distintos y representan registros administrativos independientes; no existe evidencia oficial para fusionarlos o eliminar uno.
669,11-01-0271-46,11-01-0272-46,Retalhuleu,"COLEGIO TECNOLÓGICO ""BLAISE PASCAL""","COLEGIO TECNOLÓGICO ""BLAISE PASCAL""",100.0,2A. CALLE 5-82 ZONA 1,DOBLE,FIN DE SEMANA,CONSERVAR,Los códigos MINEDUC son distintos y representan registros administrativos independientes; no existe evidencia oficial para fusionarlos o eliminar uno.
670,11-01-0321-46,11-01-0327-46,Retalhuleu,"COLEGIO EVANGÉLICO MIXTO "" PALABRA VIVA ""","COLEGIO EVANGÉLICO MIXTO "" PALABRA VIVA """,100.0,2DA. AV. 6-90 ZONA 5 AVENIDA FUNDABIEN,DOBLE,FIN DE SEMANA,CONSERVAR,Los códigos MINEDUC son distintos y representan registros administrativos independientes; no existe evidencia oficial para fusionarlos o eliminar uno.
671,11-01-0306-46,11-01-0308-46,Retalhuleu,COLEGIO MIXTO EN COMPUTACIÓN LA MERCED,COLEGIO MIXTO EN COMPUTACIÓN LA MERCED,100.0,"3A. AVENIDA 5-36, ZONA 1",DOBLE,FIN DE SEMANA,CONSERVAR,Los códigos MINEDUC son distintos y representan registros administrativos independientes; no existe evidencia oficial para fusionarlos o eliminar uno.
672,11-01-0197-46,11-01-0199-46,Retalhuleu,COLEGIO MIXTO LICEO RETALTECO,COLEGIO MIXTO LICEO RETALTECO,100.0,3A. AVENIDA 6-49 ZONA 1,DOBLE,FIN DE SEMANA,CONSERVAR,Los códigos MINEDUC son distintos y representan registros administrativos independientes; no existe evidencia oficial para fusionarlos o eliminar uno.
673,11-01-0404-46,11-01-0406-46,Retalhuleu,"COLEGIO PRIVADO URBANO MIXTO ""BILINGUE PARAÍSO""","COLEGIO PRIVADO URBANO MIXTO ""BILINGUE PARAÍSO""",100.0,3A. AVENIDA 7-69 ZONA 2,DOBLE,FIN DE SEMANA,CONSERVAR,Los códigos MINEDUC son distintos y representan registros administrativos independientes; no existe evidencia oficial para fusionarlos o eliminar uno.
674,11-01-0082-46,11-01-0527-46,Retalhuleu,INSTITUTO NACIONAL MIXTO NOCTURNO DE EDUCACION MEDIA,INSTITUTO NACIONAL MIXTO NOCTURNO DE EDUCACIÓN MEDIA,100.0,3A CALLE 6-49 ZONA 4,NOCTURNA,DIARIO(REGULAR),CONSERVAR,Los códigos MINEDUC son distintos y representan registros administrativos independientes; no existe evidencia oficial para fusionarlos o eliminar uno.
675,11-01-0383-46,11-01-0384-46,Retalhuleu,"COLEGIO MIXTO ""LUIS FERNANDO ESQUIVEL SANCHEZ""","COLEGIO MIXTO ""LUIS FERNANDO ESQUIVEL SANCHEZ""",100.0,4A. AVENIDA 3-03 ZONA 1,DOBLE,FIN DE SEMANA,CONSERVAR,Los códigos MINEDUC son distintos y representan registros administrativos independientes; no existe evidencia oficial para fusionarlos o eliminar uno.
676,11-01-0206-46,11-01-0208-46,Retalhuleu,COLEGIO MIXTO LUIS CARDONA Y ARAGON,COLEGIO MIXTO LUIS CARDONA Y ARAGON,100.0,"4A. AVENIDA 8-03, ZONA 1",DOBLE,FIN DE SEMANA,CONSERVAR,Los códigos MINEDUC son distintos y representan registros administrativos independientes; no existe evidencia oficial para fusionarlos o eliminar uno.
677,11-01-0452-46,11-01-0453-46,Retalhuleu,COLEGIO MIXTO MARIO MONTEFORTE TOLEDO,COLEGIO MIXTO MARIO MONTEFORTE TOLEDO,100.0,4TA. CALLE 2-12 ZONA 2 LOTIFICACION EL PRADO,DOBLE,FIN DE SEMANA,CONSERVAR,Los códigos MINEDUC son distintos y representan registros administrativos independientes; no existe evidencia oficial para fusionarlos o eliminar uno.
678,11-01-0291-46,11-01-0296-46,Retalhuleu,"COLEGIO PRIVADO MIXTO ""NUEVA GENERACIÓN""","COLEGIO PRIVADO MIXTO ""NUEVA GENERACIÓN""",100.0,5-03 ZONA 4 CALZADA NAVIDAD,DOBLE,FIN DE SEMANA,CONSERVAR,Los códigos MINEDUC son distintos y representan registros administrativos independientes; no existe evidencia oficial para fusionarlos o eliminar uno.
679,11-01-0142-46,11-01-0143-46,Retalhuleu,INSTITUTO IBEROAMERICANO DE ESTUDIOS AVANZADOS DE RETALHULEU,INSTITUTO IBEROAMERICANO DE ESTUDIOS AVANZADOS DE RETALHULEU,100.0,5A. AVENIDA 6-49 ZONA 1,DOBLE,FIN DE SEMANA,CONSERVAR,Los códigos MINEDUC son distintos y representan registros administrativos independientes; no existe evidencia oficial para fusionarlos o eliminar uno.
680,11-01-0170-46,11-01-0171-46,Retalhuleu,COLEGIO MIXTO CENTROAMERICANO,COLEGIO MIXTO CENTROAMERICANO,100.0,"5A. CALLE 5-05, ZONA 6",DOBLE,FIN DE SEMANA,CONSERVAR,Los códigos MINEDUC son distintos y representan registros administrativos independientes; no existe evidencia oficial para fusionarlos o eliminar uno.
681,11-01-0200-46,11-01-0201-46,Retalhuleu,COLEGIO MIXTO RETALHULEU,COLEGIO MIXTO RETALHULEU,100.0,6A. AVENIDA 3-40 ZONA 1,DOBLE,FIN DE SEMANA,CONSERVAR,Los códigos MINEDUC son distintos y representan registros administrativos independientes; no existe evidencia oficial para fusionarlos o eliminar uno.
682,11-01-0427-46,11-01-0429-46,Retalhuleu,LICEO CRISTIANO MIXTO LA FE,LICEO CRISTIANO MIXTO LA FE,100.0,7A. AVENIDA 7-99 ZONA 1,DOBLE,FIN DE SEMANA,CONSERVAR,Los códigos MINEDUC son distintos y representan registros administrativos independientes; no existe evidencia oficial para fusionarlos o eliminar uno.
683,11-01-0236-46,11-01-0237-46,Retalhuleu,LICEO TECNOLÓGICO JAVIER MARTINEZ,LICEO TECNOLÓGICO JAVIER MARTINEZ,100.0,"7A. CALLE, 2-54, ZONA 1",DOBLE,FIN DE SEMANA,CONSERVAR,Los códigos MINEDUC son distintos y representan registros administrativos independientes; no existe evidencia oficial para fusionarlos o eliminar uno.
684,11-01-0523-46,11-01-0534-46,Retalhuleu,"COLEGIO TECNOLÓGICO CENTROAMERICANO ""COLTEC""","COLEGIO TECNOLÓGICO CENTROAMERICANO ""COLTEC""",100.0,7A. CALLE 4-19 ZONA 1,MATUTINA,VIRTUAL A DISTANCIA,CONSERVAR,Los códigos MINEDUC son distintos y representan registros administrativos independientes; no existe evidencia oficial para fusionarlos o eliminar uno.
685,11-01-0027-46,11-01-1503-46,Retalhuleu,"CENTRO EDUCATIVO ""JUAN PABLO II""",CENTRO EDUCATIVO JUAN PABLO II,100.0,"7A. CALLE 4-47, ZONA 1",DOBLE,FIN DE SEMANA,CONSERVAR,Los códigos MINEDUC son distintos y representan registros administrativos independientes; no existe evidencia oficial para fusionarlos o eliminar uno.
686,11-01-0165-46,11-01-0167-46,Retalhuleu,COLEGIO PARTICULAR MIXTO PAULO COELHO,COLEGIO PARTICULAR MIXTO PAULO COELHO,100.0,"7A. CALLE 4-84, ZONA 1",DOBLE,FIN DE SEMANA,CONSERVAR,Los códigos MINEDUC son distintos y representan registros administrativos independientes; no existe evidencia oficial para fusionarlos o eliminar uno.
687,11-01-0120-46,11-01-1332-46,Retalhuleu,COLEGIO CENTRO EDUCATIVO RETALTECO DE FORMACION INTEGRAL,COLEGIO CENTRO EDUCATIVO RETALTECO DE FORMACION INTEGRAL,100.0,8A. AVENIDA. 8-01 ZONA 1,DOBLE,FIN DE SEMANA,CONSERVAR,Los códigos MINEDUC son distintos y representan registros administrativos independientes; no existe evidencia oficial para fusionarlos o eliminar uno.
688,11-01-0133-46,11-01-0366-46,Retalhuleu,COLEGIO MIXTO IDEAS,COLEGIO MIXTO IDEAS,100.0,"9A. AVENIDA A, 2-05 RESIDENCIALES ANA LUCIA, ZONA 4",DOBLE,FIN DE SEMANA,CONSERVAR,Los códigos MINEDUC son distintos y representan registros administrativos independientes; no existe evidencia oficial para fusionarlos o eliminar uno.
689,11-01-0409-46,11-01-0411-46,Retalhuleu,COLEGIO CRISTIANO BELÉN,COLEGIO CRISTIANO BELÉN,100.0,ALDEA LA GUITARRA,DOBLE,FIN DE SEMANA,CONSERVAR,Los códigos MINEDUC son distintos y representan registros administrativos independientes; no existe evidencia oficial para fusionarlos o eliminar uno.
690,11-01-0255-46,11-01-0397-46,Retalhuleu,CENTRO EDUCATIVO NUEVA CANDELARIA,CENTRO EDUCATIVO NUEVA CANDELARIA,100.0,ALDEA NUEVA CANDELARIA,DOBLE,FIN DE SEMANA,CONSERVAR,Los códigos MINEDUC son distintos y representan registros administrativos independientes; no existe evidencia oficial para fusionarlos o eliminar uno.
691,11-01-0240-46,11-01-0241-46,Retalhuleu,COLEGIO TECNOLÓGICO CABALLO BLANCO,COLEGIO TECNOLÓGICO CABALLO BLANCO,100.0,"AREA URBANA, ALDEA CABALLO BLANCO",DOBLE,FIN DE SEMANA,CONSERVAR,Los códigos MINEDUC son distintos y representan registros administrativos independientes; no existe evidencia oficial para fusionarlos o eliminar uno.
692,11-01-0344-46,11-01-0348-46,Retalhuleu,LICEO ALFRED NOBEL,LICEO ALFRED NOBEL,100.0,"CENTRO URBANO, PARCELAMIENTO CABALLO BLANCO",DOBLE,FIN DE SEMANA,CONSERVAR,Los códigos MINEDUC son distintos y representan registros administrativos independientes; no existe evidencia oficial para fusionarlos o eliminar uno.
693,11-01-0387-46,11-01-0388-46,Retalhuleu,"COLEGIO PRIVADO MIXTO ""CABALLO BLANCO""","COLEGIO PRIVADO MIXTO ""CABALLO BLANCO""",100.0,CENTRO URBANO PARCELAMIENTO CABALLO BLANCO,DOBLE,FIN DE SEMANA,CONSERVAR,Los códigos MINEDUC son distintos y representan registros administrativos independientes; no existe evidencia oficial para fusionarlos o eliminar uno.
694,11-01-0136-46,11-01-0137-46,Retalhuleu,INSTITUTO PRIVADO MIXTO POETA EDUARDO ORELLANA MATTA,INSTITUTO PRIVADO MIXTO POETA EDUARDO ORELLANA MATTA,100.0,"LOTIFICACION PERU, ZONA 4",DOBLE,FIN DE SEMANA,CONSERVAR,Los códigos MINEDUC son distintos y representan registros administrativos independientes; no existe evidencia oficial para fusionarlos o eliminar uno.
695,11-01-0318-46,11-01-0320-46,Retalhuleu,"COLEGIO EDUCATIVO PRIVADO MIXTO DE FORMACIÓN Y CAPACITACIÓN ""MIGUEL ÁNGEL ASTURIAS""","COLEGIO EDUCATIVO PRIVADO MIXTO DE FORMACIÓN Y CAPACITACIÓN ""MIGUEL ÁNGEL ASTURIAS""",100.0,"SECTOR EL INFIERNITO, PARCELAMIENTO CABALLO BLANCO",DOBLE,FIN DE SEMANA,CONSERVAR,Los códigos MINEDUC son distintos y representan registros administrativos independientes; no existe evidencia oficial para fusionarlos o eliminar uno.
696,10-20-0025-46,10-20-0026-46,Río Bravo,INSTITUTO PRIVADO MIXTO EDUCACION Y DESARROLLO,"INSTITUTO PRIVADO MIXTO ""EDUCACION Y DESARROLLO""",100.0,4A. CALLE 4-31 ZONA 2,DOBLE,FIN DE SEMANA,CONSERVAR,Los códigos MINEDUC son distintos y representan registros administrativos independientes; no existe evidencia oficial para fusionarlos o eliminar uno.
697,10-20-0025-46,10-20-0034-46,Río Bravo,INSTITUTO PRIVADO MIXTO EDUCACION Y DESARROLLO,"INSTITUTO PRIVADO MIXTO ""EDUCACION Y DESARROLLO""",100.0,4A. CALLE 4-31 ZONA 2,DOBLE,FIN DE SEMANA,CONSERVAR,Los códigos MINEDUC son distintos y representan registros administrativos independientes; no existe evidencia oficial para fusionarlos o eliminar uno.
698,10-20-0026-46,10-20-0034-46,Río Bravo,"INSTITUTO PRIVADO MIXTO ""EDUCACION Y DESARROLLO""","INSTITUTO PRIVADO MIXTO ""EDUCACION Y DESARROLLO""",100.0,4A. CALLE 4-31 ZONA 2,DOBLE,FIN DE SEMANA,CONSERVAR,Los códigos MINEDUC son distintos y representan registros administrativos independientes; no existe evidencia oficial para fusionarlos o eliminar uno.
699,19-03-1200-46,19-03-1201-46,Río Hondo,LIBERTY COLLEGE,LIBERTY COLLEGE,100.0,ALDEA LLANO VERDE,VESPERTINA,DIARIO(REGULAR),CONSERVAR,Los códigos MINEDUC son distintos y representan registros administrativos independientes; no existe evidencia oficial para fusionarlos o eliminar uno.
700,15-01-0125-46,15-01-0135-46,Salamá,CENTRO EDUCATIVO VERAPAZ DEL SUR,CENTRO EDUCATIVO VERAPAZ DEL SUR,100.0,1A. CALLE 1-105 ZONA 3,VESPERTINA,DIARIO(REGULAR),CONSERVAR,Los códigos MINEDUC son distintos y representan registros administrativos independientes; no existe evidencia oficial para fusionarlos o eliminar uno.
701,15-01-0157-46,15-01-0160-46,Salamá,LICEO SAN RAFAEL,LICEO SAN RAFAEL,100.0,ALDEA CHILASCÓ,DOBLE,FIN DE SEMANA,CONSERVAR,Los códigos MINEDUC son distintos y representan registros administrativos independientes; no existe evidencia oficial para fusionarlos o eliminar uno.
702,15-01-0153-46,15-01-2023-46,Salamá,COLEGIO PARTICULAR MIXTO TEZULUTLÁN,COLEGIO PARTICULAR MIXTO TEZULUTLAN,100.0,"DIAGONAL 4, 1-24 ZONA 2",DOBLE,FIN DE SEMANA,CONSERVAR,Los códigos MINEDUC son distintos y representan registros administrativos independientes; no existe evidencia oficial para fusionarlos o eliminar uno.
703,15-01-0113-46,15-01-0115-46,Salamá,COLEGIO PARTICULAR MIXTO CIENCIA Y DESARROLLO,COLEGIO PARTICULAR MIXTO CIENCIA Y DESARROLLO,100.0,"RUTA 4 12-68 ZONA 5, BARRIO SANTA ELENA",DOBLE,FIN DE SEMANA,CONSERVAR,Los códigos MINEDUC son distintos y representan registros administrativos independientes; no existe evidencia oficial para fusionarlos o eliminar uno.
704,15-01-0112-46,15-01-0114-46,Salamá,COLEGIO PARTICULAR MIXTO CIENCIA Y DESARROLLO,COLEGIO PARTICULAR MIXTO CIENCIA Y DESARROLLO,100.0,"RUTA 4 12-68 ZONA 5, BARRIO SANTA ELENA",MATUTINA,DIARIO(REGULAR),CONSERVAR,Los códigos MINEDUC son distintos y representan registros administrativos independientes; no existe evidencia oficial para fusionarlos o eliminar uno.
705,09-02-0036-46,09-02-0037-46,Salcajá,INSTITUTO DE ESTUDIOS ALTERNATIVOS DE GUATEMALA,INSTITUTO DE ESTUDIOS ALTERNATIVOS DE GUATEMALA,100.0,"5A AVENIDA 3-71 ZONA 2,",DOBLE,FIN DE SEMANA,CONSERVAR,Los códigos MINEDUC son distintos y representan registros administrativos independientes; no existe evidencia oficial para fusionarlos o eliminar uno.
706,10-08-1959-46,10-08-2508-46,Samayac,INSTITUTO DE EDUCACION AVANZADA,INSTITUTO DE EDUCACION AVANZADA,100.0,CANTON CALVARIO,DOBLE,FIN DE SEMANA,CONSERVAR,Los códigos MINEDUC son distintos y representan registros administrativos independientes; no existe evidencia oficial para fusionarlos o eliminar uno.
707,10-08-0022-46,10-08-0025-46,Samayac,"INSTITUTO PRIVADO MIXTO ""CONCEPCION""","INSTITUTO PRIVADO MIXTO ""CONCEPCIÓN""",100.0,"CANTON CONCEPCION, SECTOR LA MANCHURIA",DOBLE,FIN DE SEMANA,CONSERVAR,Los códigos MINEDUC son distintos y representan registros administrativos independientes; no existe evidencia oficial para fusionarlos o eliminar uno.
708,02-03-0050-46,02-03-0052-46,San Agustín Acasaguastlán,CENTRO EDUCATIVO PRIVADO MIXTO ACAZAU-AZTLAN,CENTRO EDUCATIVO PRIVADO MIXTO ACAZAU-AZTLAN,100.0,BARRIO GUAYTAN,DOBLE,FIN DE SEMANA,CONSERVAR,Los códigos MINEDUC son distintos y representan registros administrativos independientes; no existe evidencia oficial para fusionarlos o eliminar uno.
709,02-03-0050-46,02-03-0116-46,San Agustín Acasaguastlán,CENTRO EDUCATIVO PRIVADO MIXTO ACAZAU-AZTLAN,CENTRO EDUCATIVO PRIVADO MIXTO ACAZAU-AZTLÁN,100.0,BARRIO GUAYTAN,DOBLE,FIN DE SEMANA,CONSERVAR,Los códigos MINEDUC son distintos y representan registros administrativos independientes; no existe evidencia oficial para fusionarlos o eliminar uno.
710,02-03-0052-46,02-03-0116-46,San Agustín Acasaguastlán,CENTRO EDUCATIVO PRIVADO MIXTO ACAZAU-AZTLAN,CENTRO EDUCATIVO PRIVADO MIXTO ACAZAU-AZTLÁN,100.0,BARRIO GUAYTAN,DOBLE,FIN DE SEMANA,CONSERVAR,Los códigos MINEDUC son distintos y representan registros administrativos independientes; no existe evidencia oficial para fusionarlos o eliminar uno.
711,02-03-0054-46,02-03-0731-46,San Agustín Acasaguastlán,COLEGIO PRIVADO MIXTO DE EDUCACION BASICA SAN AGUSTIN ACASAGUASTLAN -COMEBSA-,COLEGIO PRIVADO MIXTO DE EDUCACION BASICA SAN AGUSTIN ACASAGUASTLAN COMEBSA,100.0,BARRIO GUAYTAN,DOBLE,FIN DE SEMANA,CONSERVAR,Los códigos MINEDUC son distintos y representan registros administrativos independientes; no existe evidencia oficial para fusionarlos o eliminar uno.
712,02-03-0134-46,02-03-0135-46,San Agustín Acasaguastlán,CENTRO EDUCATIVO PRIVADO MIXTO INNOVADOR,CENTRO EDUCATIVO PRIVADO MIXTO INNOVADOR,100.0,BARRIO GUAYTAN,DOBLE,FIN DE SEMANA,CONSERVAR,Los códigos MINEDUC son distintos y representan registros administrativos independientes; no existe evidencia oficial para fusionarlos o eliminar uno.
713,02-03-0134-46,02-03-0136-46,San Agustín Acasaguastlán,CENTRO EDUCATIVO PRIVADO MIXTO INNOVADOR,CENTRO EDUCATIVO PRIVADO MIXTO INNOVADOR,100.0,BARRIO GUAYTAN,DOBLE,FIN DE SEMANA,CONSERVAR,Los códigos MINEDUC son distintos y representan registros administrativos independientes; no existe evidencia oficial para fusionarlos o eliminar uno.
714,02-03-0135-46,02-03-0136-46,San Agustín Acasaguastlán,CENTRO EDUCATIVO PRIVADO MIXTO INNOVADOR,CENTRO EDUCATIVO PRIVADO MIXTO INNOVADOR,100.0,BARRIO GUAYTAN,DOBLE,FIN DE SEMANA,CONSERVAR,Los códigos MINEDUC son distintos y representan registros administrativos independientes; no existe evidencia oficial para fusionarlos o eliminar uno.
715,02-03-0119-46,02-03-0125-46,San Agustín Acasaguastlán,COLEGIO EL SHADDAI,COLEGIO EL SHADDAI,100.0,BARRIO RIO HATO,VESPERTINA,DIARIO(REGULAR),CONSERVAR,Los códigos MINEDUC son distintos y representan registros administrativos independientes; no existe evidencia oficial para fusionarlos o eliminar uno.
716,02-03-0142-46,02-03-0157-46,San Agustín Acasaguastlán,"COLEGIO TECNOLÓGICO ""JERUSALÉN""",COLEGIO TECNOLÓGICO JERUSALÉN,100.0,BARRIO SAN SEBASTIAN,VESPERTINA,DIARIO(REGULAR),CONSERVAR,Los códigos MINEDUC son distintos y representan registros administrativos independientes; no existe evidencia oficial para fusionarlos o eliminar uno.
717,02-03-0142-46,02-03-0158-46,San Agustín Acasaguastlán,"COLEGIO TECNOLÓGICO ""JERUSALÉN""",COLEGIO TECNOLÓGICO JERUSALÉN,100.0,BARRIO SAN SEBASTIAN,VESPERTINA,DIARIO(REGULAR),CONSERVAR,Los códigos MINEDUC son distintos y representan registros administrativos independientes; no existe evidencia oficial para fusionarlos o eliminar uno.
718,02-03-0157-46,02-03-0158-46,San Agustín Acasaguastlán,COLEGIO TECNOLÓGICO JERUSALÉN,COLEGIO TECNOLÓGICO JERUSALÉN,100.0,BARRIO SAN SEBASTIAN,VESPERTINA,DIARIO(REGULAR),CONSERVAR,Los códigos MINEDUC son distintos y representan registros administrativos independientes; no existe evidencia oficial para fusionarlos o eliminar uno.
719,02-03-0148-46,02-03-0164-46,San Agustín Acasaguastlán,"CENTRO EDUCATIVO PRIVADO MIXTO ""ACAZAUAZTLAN""",CENTRO EDUCATIVO PRIVADO MIXTO ACAZAU-AZTLAN,98.85,BARRIO SAN SEBASTIAN,SIN JORNADA,SEMIPRESENCIAL (FIN DE SEMANA),CONSERVAR,Los códigos MINEDUC son distintos y representan registros administrativos independientes; no existe evidencia oficial para fusionarlos o eliminar uno.
720,17-04-0098-46,17-04-0099-46,San Andrés,CENTRO EDUCATIVO DE FORMACION INTEGRAL-CEFI-,CENTRO EDUCATIVO DE FORMACION INTEGRAL- CEFI-,100.0,CASERIO CRUCE DOS AGUADAS,DOBLE,FIN DE SEMANA,CONSERVAR,Los códigos MINEDUC son distintos y representan registros administrativos independientes; no existe evidencia oficial para fusionarlos o eliminar uno.
721,04-13-0017-46,04-13-0022-46,San Andrés Itzapa,COLEGIO PRIVADO MIXTO SAN ANDRES,COLEGIO PRIVADO MIXTO SAN ANDRES,100.0,CANTÓN SAN LORENZO,VESPERTINA,DIARIO(REGULAR),CONSERVAR,Los códigos MINEDUC son distintos y representan registros administrativos independientes; no existe evidencia oficial para fusionarlos o eliminar uno.
722,04-13-0016-46,04-13-3232-46,San Andrés Itzapa,LICEO CAMPO ALEGRE,LICEO CAMPO ALEGRE,100.0,CANTÓN SAN PEDRO Y SAN PABLO,DOBLE,FIN DE SEMANA,CONSERVAR,Los códigos MINEDUC son distintos y representan registros administrativos independientes; no existe evidencia oficial para fusionarlos o eliminar uno.
723,04-13-0016-46,04-13-3233-46,San Andrés Itzapa,LICEO CAMPO ALEGRE,LICEO CAMPO ALEGRE,100.0,CANTÓN SAN PEDRO Y SAN PABLO,DOBLE,FIN DE SEMANA,CONSERVAR,Los códigos MINEDUC son distintos y representan registros administrativos independientes; no existe evidencia oficial para fusionarlos o eliminar uno.
724,04-13-3232-46,04-13-3233-46,San Andrés Itzapa,LICEO CAMPO ALEGRE,LICEO CAMPO ALEGRE,100.0,CANTON SAN PEDRO Y SAN PABLO,DOBLE,FIN DE SEMANA,CONSERVAR,Los códigos MINEDUC son distintos y representan registros administrativos independientes; no existe evidencia oficial para fusionarlos o eliminar uno.
725,07-09-0024-46,07-09-0025-46,San Andrés Semetabaj,"ESCUELA NORMAL BILINGÜE PRIVADA MIXTA ""KIKOTEN""","ESCUELA NORMAL BILINGÜE PRIVADA MIXTA ""KIKOTEN""",100.0,BARRIO TZANJUYÚ,VESPERTINA,DIARIO(REGULAR),CONSERVAR,Los códigos MINEDUC son distintos y representan registros administrativos independientes; no existe evidencia oficial para fusionarlos o eliminar uno.
726,11-06-0055-46,11-06-0056-46,San Andrés Villa Seca,"COLEGIO BILINGÜE ""MUNDO MÁGICO""","COLEGIO BILINGÜE ""MUNDO MÁGICO""",100.0,"1A. CALZADA Y 2A. CALLE, CENTRO DOS, PARCELAMIENTO LA MAQUINA",DOBLE,FIN DE SEMANA,CONSERVAR,Los códigos MINEDUC son distintos y representan registros administrativos independientes; no existe evidencia oficial para fusionarlos o eliminar uno.
727,11-06-0064-46,11-06-0065-46,San Andrés Villa Seca,LICEO TÉCNICO MAQUINENSE LITECMA,LICEO TÉCNICO MAQUINENSE LITECMA,100.0,FAJA NO.9 LADO SAMALÁ PARCELAMIENTO LA MÁQUINA,DOBLE,FIN DE SEMANA,CONSERVAR,Los códigos MINEDUC son distintos y representan registros administrativos independientes; no existe evidencia oficial para fusionarlos o eliminar uno.
728,11-06-0099-46,11-06-0101-46,San Andrés Villa Seca,COLEGIO SAN ANTONIO TULULÁ,COLEGIO SAN ANTONIO TULULÁ,100.0,"KM. 4.5 CARRETERA A LA MAQUINA, INGENIO TULULA",SIN JORNADA,A DISTANCIA,CONSERVAR,Los códigos MINEDUC son distintos y representan registros administrativos independientes; no existe evidencia oficial para fusionarlos o eliminar uno.
729,03-15-0011-46,03-15-0013-46,San Antonio Aguas Calientes,CENTRO EDUCATIVO MIXTO GUATEMALTECO CESAR BRAÑAS,CENTRO EDUCATIVO MIXTO GUATEMALTECO CESAR BRAÑAS,100.0,2A. AVENIDA A 1-13 ZONA 2,DOBLE,FIN DE SEMANA,CONSERVAR,Los códigos MINEDUC son distintos y representan registros administrativos independientes; no existe evidencia oficial para fusionarlos o eliminar uno.
730,13-24-0016-46,13-24-0017-46,San Antonio Huista,LICEO PRIVADO MIXTO MONTESSORI,LICEO PRIVADO MIXTO MONTESSORI,100.0,CABECERA MUNICIPAL,DOBLE,FIN DE SEMANA,CONSERVAR,Los códigos MINEDUC son distintos y representan registros administrativos independientes; no existe evidencia oficial para fusionarlos o eliminar uno.
731,10-10-0046-46,10-10-2680-46,San Antonio Suchitepequez,"COLEGIO PRIVADO MIXTO ""AMERICANO""","COLEGIO PRIVADO MIXTO ""AMERICANO""",100.0,2A. CALLE PROLONGACION,DOBLE,FIN DE SEMANA,CONSERVAR,Los códigos MINEDUC son distintos y representan registros administrativos independientes; no existe evidencia oficial para fusionarlos o eliminar uno.
732,03-07-0024-46,03-07-0025-46,San Bartolomé Milpas Altas,LICEO MIXTO BILINGUE REAL MINERVA,LICEO MIXTO BILINGUE REAL MINERVA,100.0,5A. CALLE 0-42 ZONA 1,DOBLE,FIN DE SEMANA,CONSERVAR,Los códigos MINEDUC son distintos y representan registros administrativos independientes; no existe evidencia oficial para fusionarlos o eliminar uno.
733,17-03-2834-46,17-03-3718-46,San Benito,LICEO PALERMO,LICEO PALERMO,100.0,16 CALLE 7-50 ZONA 1,DOBLE,FIN DE SEMANA,CONSERVAR,Los códigos MINEDUC son distintos y representan registros administrativos independientes; no existe evidencia oficial para fusionarlos o eliminar uno.
734,17-03-0084-46,17-03-0085-46,San Benito,LICEO CRISTIANO BILINGUE JEHOVA JIREH,LICEO CRISTIANO BILINGUE JEHOVA JIREH,100.0,3RA.AV.5-60 BARRIO PORVENIR,VESPERTINA,DIARIO(REGULAR),CONSERVAR,Los códigos MINEDUC son distintos y representan registros administrativos independientes; no existe evidencia oficial para fusionarlos o eliminar uno.
735,17-03-0120-46,17-03-0121-46,San Benito,COLEGIO PRIVADO MIXTO EL FORMADOR,COLEGIO PRIVADO MIXTO EL FORMADOR,100.0,BARRIO 3 DE ABRIL,DOBLE,FIN DE SEMANA,CONSERVAR,Los códigos MINEDUC son distintos y representan registros administrativos independientes; no existe evidencia oficial para fusionarlos o eliminar uno.
736,17-03-0098-46,17-03-0099-46,San Benito,LICEO INTEGRAL NUEVA GENERACION - LING-,LICEO INTEGRAL NUEVA GENERACION - LING-,100.0,BARRIO EL PEDREGAL,DOBLE,FIN DE SEMANA,CONSERVAR,Los códigos MINEDUC son distintos y representan registros administrativos independientes; no existe evidencia oficial para fusionarlos o eliminar uno.
737,17-03-0002-46,17-03-3992-46,San Benito,"CENTRO EDUCATIVO CRISTIANO CON ORIENTACION UNIVERSITARIA ""EL SHADDAI""","CENTRO EDUCATIVO CRISTIANO CON ORIENTACION UNIVERSITARIA ""EL SHADDAI""",100.0,BARRIO EL PORVENIR 5 CALLE Y 2AV,MATUTINA,DIARIO(REGULAR),CONSERVAR,Los códigos MINEDUC son distintos y representan registros administrativos independientes; no existe evidencia oficial para fusionarlos o eliminar uno.
738,17-03-0105-46,17-03-0113-46,San Benito,CENTRO EDUCATIVO CRISTIANO ADONAI,CENTRO EDUCATIVO CRISTIANO ADONAI,100.0,BARRIO SAN JUAN,DOBLE,FIN DE SEMANA,CONSERVAR,Los códigos MINEDUC son distintos y representan registros administrativos independientes; no existe evidencia oficial para fusionarlos o eliminar uno.
739,17-03-0024-46,17-03-0026-46,San Benito,INSTITUTO NACIONAL DE EDUCACION DIVERSIFICADA,INSTITUTO NACIONAL DE EDUCACION DIVERSIFICADA,100.0,BARRIO TIKAL,VESPERTINA,DIARIO(REGULAR),CONSERVAR,Los códigos MINEDUC son distintos y representan registros administrativos independientes; no existe evidencia oficial para fusionarlos o eliminar uno.
740,10-04-0018-46,10-04-0019-46,San Bernardino,"COLEGIO PRIVADO MIXTO ""CIENCIA Y TECNOLOGIA""","COLEGIO PRIVADO MIXTO ""CIENCIA Y TECNOLOGIA""",100.0,CANTON LAS FLORES,DOBLE,FIN DE SEMANA,CONSERVAR,Los códigos MINEDUC son distintos y representan registros administrativos independientes; no existe evidencia oficial para fusionarlos o eliminar uno.
741,21-05-0033-46,21-05-0035-46,San Carlos Alzatate,"COLEGIO PARTICULAR MIXTO ""MONTEOLIVO""","COLEGIO PARTICULAR MIXTO ""MONTEOLIVO""",100.0,BARRIO ENTRE RIOS,DOBLE,FIN DE SEMANA,CONSERVAR,Los códigos MINEDUC son distintos y representan registros administrativos independientes; no existe evidencia oficial para fusionarlos o eliminar uno.
742,09-04-0033-46,09-04-0034-46,San Carlos Sija,INSTITUTO DIVERSIFICADO POR COOPERATIVA DE ENSEÑANZA MAXIMO RAUL GIRON MAZARIEGOS,INSTITUTO DIVERSIFICADO POR COOPERATIVA DE ENSEÑANZA MAXIMO RAUL GIRON MAZARIEGOS,100.0,ALDEA SAN JOSE CHICALQUIX,VESPERTINA,DIARIO(REGULAR),CONSERVAR,Los códigos MINEDUC son distintos y representan registros administrativos independientes; no existe evidencia oficial para fusionarlos o eliminar uno.
743,02-04-0004-46,02-04-0005-46,San Cristóbal Acasaguastlán,INSTITUTO NACIONAL DE EDUCACION DIVERSIFICADA,INSTITUTO NACIONAL DE EDUCACION DIVERSIFICADA,100.0,CABECERA MUNICIPAL,VESPERTINA,DIARIO(REGULAR),CONSERVAR,Los códigos MINEDUC son distintos y representan registros administrativos independientes; no existe evidencia oficial para fusionarlos o eliminar uno.
744,08-02-0003-46,08-02-0067-46,San Cristóbal Totonicapán,"""LICEO PREUNIVERSITARIO SAN CRISTÓBAL""","LICEO PREUNIVERSITARIO ""SAN CRISTÓBAL""",100.0,"3ERA. AVENIDA ""A"" 7-64 ZONA 1, BARRIO LAS CLARAS",DOBLE,FIN DE SEMANA,CONSERVAR,Los códigos MINEDUC son distintos y representan registros administrativos independientes; no existe evidencia oficial para fusionarlos o eliminar uno.
745,16-03-0271-46,16-03-0272-46,San Cristóbal Verapaz,COLEGIO DE FORMACIÓN TÉCNICO-PROFESIONAL NEXUS,COLEGIO DE FORMACIÓN TÉCNICO-PROFESIONAL NEXUS,100.0,0 AVENIDA 1-71 ZONA 5,VESPERTINA,DIARIO(REGULAR),CONSERVAR,Los códigos MINEDUC son distintos y representan registros administrativos independientes; no existe evidencia oficial para fusionarlos o eliminar uno.
746,16-03-0271-46,16-03-0273-46,San Cristóbal Verapaz,COLEGIO DE FORMACIÓN TÉCNICO-PROFESIONAL NEXUS,COLEGIO DE FORMACIÓN TÉCNICO-PROFESIONAL NEXUS,100.0,0 AVENIDA 1-71 ZONA 5,VESPERTINA,DIARIO(REGULAR),CONSERVAR,Los códigos MINEDUC son distintos y representan registros administrativos independientes; no existe evidencia oficial para fusionarlos o eliminar uno.
747,16-03-0272-46,16-03-0273-46,San Cristóbal Verapaz,COLEGIO DE FORMACIÓN TÉCNICO-PROFESIONAL NEXUS,COLEGIO DE FORMACIÓN TÉCNICO-PROFESIONAL NEXUS,100.0,0 AVENIDA 1-71 ZONA 5,VESPERTINA,DIARIO(REGULAR),CONSERVAR,Los códigos MINEDUC son distintos y representan registros administrativos independientes; no existe evidencia oficial para fusionarlos o eliminar uno.
748,16-03-0088-46,16-03-1520-46,San Cristóbal Verapaz,LICEO GALILEO GALILEI,LICEO GALILEO GALILEI,100.0,"2A. CALLE, 2A. AVENIDA ZONA 3, BARRIO SAN SEBASTIAN",DOBLE,FIN DE SEMANA,CONSERVAR,Los códigos MINEDUC son distintos y representan registros administrativos independientes; no existe evidencia oficial para fusionarlos o eliminar uno.
749,16-03-0077-46,16-03-0083-46,San Cristóbal Verapaz,COLEGIO MIXTO CIENCIAS TECNOLÓGICAS,COLEGIO MIXTO CIENCIAS TECNOLÓGICAS,100.0,3A. CALLE 0-43 ZONA 3 BARRIO SAN SEBASTIAN,VESPERTINA,DIARIO(REGULAR),CONSERVAR,Los códigos MINEDUC son distintos y representan registros administrativos independientes; no existe evidencia oficial para fusionarlos o eliminar uno.
750,16-03-0076-46,16-03-0082-46,San Cristóbal Verapaz,COLEGIO MIXTO CIENCIAS TECNOLÓGICAS,COLEGIO MIXTO CIENCIAS TECNOLÓGICAS,100.0,3A. CALLE 0-43 ZONA 3 BARRIO SAN SEBASTIAN,MATUTINA,DIARIO(REGULAR),CONSERVAR,Los códigos MINEDUC son distintos y representan registros administrativos independientes; no existe evidencia oficial para fusionarlos o eliminar uno.
751,16-03-9884-46,16-03-9885-46,San Cristóbal Verapaz,LICEO SAN CRISTOBAL,LICEO SAN CRISTOBAL,100.0,"5A. CALLE 4-18 ZONA 1, BARRIO SANTA ANA",VESPERTINA,DIARIO(REGULAR),CONSERVAR,Los códigos MINEDUC son distintos y representan registros administrativos independientes; no existe evidencia oficial para fusionarlos o eliminar uno.
752,11-05-0025-46,11-05-0027-46,San Felipe,COLEGIO EVANGELICO MIXTO NUEVA ESPERANZA,COLEGIO EVANGELICO MIXTO NUEVA ESPERANZA,100.0,2A. CALLE 7-52 ZONA 1,DOBLE,FIN DE SEMANA,CONSERVAR,Los códigos MINEDUC son distintos y representan registros administrativos independientes; no existe evidencia oficial para fusionarlos o eliminar uno.
753,08-03-0050-46,08-03-0056-46,San Francisco el Alto,"COLEGIO ""CIENCIA Y CULTURA""",COLEGIO CIENCIA Y CULTURA,100.0,1ERA. AVENIDA 4-33 ZONA 1,DOBLE,FIN DE SEMANA,CONSERVAR,Los códigos MINEDUC son distintos y representan registros administrativos independientes; no existe evidencia oficial para fusionarlos o eliminar uno.
754,10-12-0009-46,10-12-0010-46,San Gabriel,COLEGIO PRIVADO MIXTO INNOVACION EDUCATIVA,COLEGIO PRIVADO MIXTO INNOVACION EDUCATIVA,100.0,,DOBLE,FIN DE SEMANA,CONSERVAR,Los códigos MINEDUC son distintos y representan registros administrativos independientes; no existe evidencia oficial para fusionarlos o eliminar uno.
755,13-09-0059-46,13-09-0060-46,San Ildefonso Ixtahuacán,LICEO PRIVADO MIXTO EDNA EDITH HERRERA VILLATORO,LICEO PRIVADO MIXTO EDNA EDITH HERRERA VILLATORO,100.0,CABECERA MUNICIPAL,DOBLE,FIN DE SEMANA,CONSERVAR,Los códigos MINEDUC son distintos y representan registros administrativos independientes; no existe evidencia oficial para fusionarlos o eliminar uno.
756,15-07-0033-46,15-07-0034-46,San Jerónimo,COLEGIO PARTICULAR MIXTO SAN JERONIMO,COLEGIO PARTICULAR MIXTO SAN JERONIMO,100.0,BARRIO ABAJO,DOBLE,FIN DE SEMANA,CONSERVAR,Los códigos MINEDUC son distintos y representan registros administrativos independientes; no existe evidencia oficial para fusionarlos o eliminar uno.
757,05-09-0058-46,05-09-0059-46,San José,CENTRO EDUCATIVO GUATEMAYA,CENTRO EDUCATIVO GUATEMAYA,100.0,1A CALLE LOTE 650 BARRIO ARENERA ZONA 0,VESPERTINA,DIARIO(REGULAR),CONSERVAR,Los códigos MINEDUC son distintos y representan registros administrativos independientes; no existe evidencia oficial para fusionarlos o eliminar uno.
758,05-09-0058-46,05-09-0093-46,San José,CENTRO EDUCATIVO GUATEMAYA,CENTRO EDUCATIVO GUATEMAYA,100.0,1A CALLE LOTE 650 BARRIO ARENERA ZONA 0,VESPERTINA,DIARIO(REGULAR),CONSERVAR,Los códigos MINEDUC son distintos y representan registros administrativos independientes; no existe evidencia oficial para fusionarlos o eliminar uno.
759,05-09-0059-46,05-09-0093-46,San José,CENTRO EDUCATIVO GUATEMAYA,CENTRO EDUCATIVO GUATEMAYA,100.0,1A CALLE LOTE 650 BARRIO ARENERA ZONA 0,VESPERTINA,DIARIO(REGULAR),CONSERVAR,Los códigos MINEDUC son distintos y representan registros administrativos independientes; no existe evidencia oficial para fusionarlos o eliminar uno.
760,05-09-0066-46,05-09-0067-46,San José,COLEGIO MIXTO PARTICULAR LICEO GUATEMALA DEL SUR,COLEGIO MIXTO PARTICULAR LICEO GUATEMALA DEL SUR,100.0,5A. AVENIDA 8-80 ZONA 3 BARRIO PEÑATE,VESPERTINA,DIARIO(REGULAR),CONSERVAR,Los códigos MINEDUC son distintos y representan registros administrativos independientes; no existe evidencia oficial para fusionarlos o eliminar uno.
761,05-09-0066-46,05-09-0076-46,San José,COLEGIO MIXTO PARTICULAR LICEO GUATEMALA DEL SUR,COLEGIO MIXTO PARTICULAR LICEO GUATEMALA DEL SUR,100.0,5A. AVENIDA 8-80 ZONA 3 BARRIO PEÑATE,VESPERTINA,DIARIO(REGULAR),CONSERVAR,Los códigos MINEDUC son distintos y representan registros administrativos independientes; no existe evidencia oficial para fusionarlos o eliminar uno.
762,05-09-0067-46,05-09-0076-46,San José,COLEGIO MIXTO PARTICULAR LICEO GUATEMALA DEL SUR,COLEGIO MIXTO PARTICULAR LICEO GUATEMALA DEL SUR,100.0,5A. AVENIDA 8-80 ZONA 3 BARRIO PEÑATE,VESPERTINA,DIARIO(REGULAR),CONSERVAR,Los códigos MINEDUC son distintos y representan registros administrativos independientes; no existe evidencia oficial para fusionarlos o eliminar uno.
763,05-09-0049-46,05-09-0460-46,San José,"COLEGIO DE CIENCIAS COMERCIALES ""SAN JOSE""",COLEGIO DE CIENCIAS COMERCIALES SAN JOSE,100.0,AVENIDA DEL COMERCIO 1-27 ZONA 1,VESPERTINA,DIARIO(REGULAR),CONSERVAR,Los códigos MINEDUC son distintos y representan registros administrativos independientes; no existe evidencia oficial para fusionarlos o eliminar uno.
764,05-09-0046-46,05-09-0065-46,San José,COLEGIO PARTICULAR MIXTO SANTA MARIA,"COLEGIO PARTICULAR MIXTO ""SANTA MARÍA""",100.0,AVENIDA DEL COMERCIO 7-33 ZONA 1,DOBLE,DIARIO(REGULAR),CONSERVAR,Los códigos MINEDUC son distintos y representan registros administrativos independientes; no existe evidencia oficial para fusionarlos o eliminar uno.
765,05-09-0073-46,05-09-0075-46,San José,"COLEGIO PARTICULAR MIXTO ""SANTA MARÍA""","COLEGIO PARTICULAR MIXTO ""SANTA MARÍA""",100.0,"AVENIDA DEL COMERCIO 7-33, ZONA 1",DOBLE,FIN DE SEMANA,CONSERVAR,Los códigos MINEDUC son distintos y representan registros administrativos independientes; no existe evidencia oficial para fusionarlos o eliminar uno.
766,05-09-0081-46,05-09-0083-46,San José,"COLEGIO PREUNIVERSITARIO ""SAN PABLO""","COLEGIO PREUNIVERSITARIO ""SAN PABLO""",100.0,CHÁCARA SAN JOAQUÍN INTERIOR NO. 5 COLONIA EL JARDÍN,VESPERTINA,DIARIO(REGULAR),CONSERVAR,Los códigos MINEDUC son distintos y representan registros administrativos independientes; no existe evidencia oficial para fusionarlos o eliminar uno.
767,05-09-0081-46,05-09-0085-46,San José,"COLEGIO PREUNIVERSITARIO ""SAN PABLO""","COLEGIO PREUNIVERSITARIO ""SAN PABLO""",100.0,CHÁCARA SAN JOAQUÍN INTERIOR NO. 5 COLONIA EL JARDÍN,VESPERTINA,DIARIO(REGULAR),CONSERVAR,Los códigos MINEDUC son distintos y representan registros administrativos independientes; no existe evidencia oficial para fusionarlos o eliminar uno.
768,05-09-0081-46,05-09-0087-46,San José,"COLEGIO PREUNIVERSITARIO ""SAN PABLO""","COLEGIO PREUNIVERSITARIO ""SAN PABLO""",100.0,CHÁCARA SAN JOAQUÍN INTERIOR NO. 5 COLONIA EL JARDÍN,VESPERTINA,DIARIO(REGULAR),CONSERVAR,Los códigos MINEDUC son distintos y representan registros administrativos independientes; no existe evidencia oficial para fusionarlos o eliminar uno.
769,05-09-0083-46,05-09-0085-46,San José,"COLEGIO PREUNIVERSITARIO ""SAN PABLO""","COLEGIO PREUNIVERSITARIO ""SAN PABLO""",100.0,CHÁCARA SAN JOAQUÍN INTERIOR NO. 5 COLONIA EL JARDÍN,VESPERTINA,DIARIO(REGULAR),CONSERVAR,Los códigos MINEDUC son distintos y representan registros administrativos independientes; no existe evidencia oficial para fusionarlos o eliminar uno.
770,05-09-0083-46,05-09-0087-46,San José,"COLEGIO PREUNIVERSITARIO ""SAN PABLO""","COLEGIO PREUNIVERSITARIO ""SAN PABLO""",100.0,CHÁCARA SAN JOAQUÍN INTERIOR NO. 5 COLONIA EL JARDÍN,VESPERTINA,DIARIO(REGULAR),CONSERVAR,Los códigos MINEDUC son distintos y representan registros administrativos independientes; no existe evidencia oficial para fusionarlos o eliminar uno.
771,05-09-0085-46,05-09-0087-46,San José,"COLEGIO PREUNIVERSITARIO ""SAN PABLO""","COLEGIO PREUNIVERSITARIO ""SAN PABLO""",100.0,CHÁCARA SAN JOAQUÍN INTERIOR NO. 5 COLONIA EL JARDIN,VESPERTINA,DIARIO(REGULAR),CONSERVAR,Los códigos MINEDUC son distintos y representan registros administrativos independientes; no existe evidencia oficial para fusionarlos o eliminar uno.
772,22-16-0010-46,22-16-0014-46,San José Acatempa,"COLEGIO PARTICULAR MIXTO DE DIVERSIFICADO ""EMANUEL""","COLEGIO PARTICULAR MIXTO DE DIVERSIFICADO ""EMANUEL""",100.0,ALDEA TUNILLAS,DOBLE,FIN DE SEMANA,CONSERVAR,Los códigos MINEDUC son distintos y representan registros administrativos independientes; no existe evidencia oficial para fusionarlos o eliminar uno.
773,01-04-0009-46,01-04-0027-46,San José del Golfo,INSTITUTO NACIONAL NITO PALENCIA MAYEN,INSTITUTO NACIONAL NITO PALENCIA MAYÉN,100.0,4A. CALLE 3-01 ZONA 1,DOBLE,FIN DE SEMANA,CONSERVAR,Los códigos MINEDUC son distintos y representan registros administrativos independientes; no existe evidencia oficial para fusionarlos o eliminar uno.
774,01-04-0033-46,01-04-0034-46,San José del Golfo,COLEGIO BALAM,COLEGIO BALAM,100.0,"BOULEVARD PLAN DEL RODEO, LOTE 100,",VESPERTINA,DIARIO(REGULAR),CONSERVAR,Los códigos MINEDUC son distintos y representan registros administrativos independientes; no existe evidencia oficial para fusionarlos o eliminar uno.
775,01-04-0035-46,01-04-0038-46,San José del Golfo,COLEGIO BALAM,COLEGIO BALAM,100.0,"BOULEVARD PLAN DEL RODEO, LOTE 100,",MATUTINA,FIN DE SEMANA,CONSERVAR,Los códigos MINEDUC son distintos y representan registros administrativos independientes; no existe evidencia oficial para fusionarlos o eliminar uno.
776,01-04-0017-46,01-04-0028-46,San José del Golfo,"COLEGIO ""ALFA Y OMEGA""","COLEGIO ""ALFA Y OMEGA""",100.0,MANZANA 4 LOTE 31 ZONA 0 LOTIFICACION JOYAS DEL GOLFO,VESPERTINA,DIARIO(REGULAR),CONSERVAR,Los códigos MINEDUC son distintos y representan registros administrativos independientes; no existe evidencia oficial para fusionarlos o eliminar uno.
777,12-14-0029-46,12-14-0031-46,San José el Rodeo,INED INSTITUTO NACIONAL DE EDUCACIÓN DIVERSIFICADA,INED INSTITUTO NACIONAL DE EDUCACIÓN DIVERSIFICADA,100.0,ALDEA LA INDUSTRIA,VESPERTINA,DIARIO(REGULAR),CONSERVAR,Los códigos MINEDUC son distintos y representan registros administrativos independientes; no existe evidencia oficial para fusionarlos o eliminar uno.
778,10-21-0080-46,10-21-0086-46,San José la Máquina,"COLEGIO EVANGELICO PRIVADO MIXTO ""EBEN-EZER""","COLEGIO EVANGELICO PRIVADO MIXTO ""EBEN EZER""",100.0,LOTE # 226,DOBLE,DIARIO(REGULAR),CONSERVAR,Los códigos MINEDUC son distintos y representan registros administrativos independientes; no existe evidencia oficial para fusionarlos o eliminar uno.
779,10-21-0092-46,10-21-0093-46,San José la Máquina,COLEGIO PRIVADO MIXTO SUPERACION,COLEGIO PRIVADO MIXTO SUPERACION,100.0,LOTE NO. 44,DOBLE,FIN DE SEMANA,CONSERVAR,Los códigos MINEDUC son distintos y representan registros administrativos independientes; no existe evidencia oficial para fusionarlos o eliminar uno.
780,12-24-0038-46,12-24-0039-46,San José Ojetenam,INSTITUTO NACIONAL DE EDUCACION DIVERSIFICADA,INSTITUTO NACIONAL DE EDUCACION DIVERSIFICADA,100.0,CABECERA MUNICIPAL,VESPERTINA,DIARIO(REGULAR),CONSERVAR,Los códigos MINEDUC son distintos y representan registros administrativos independientes; no existe evidencia oficial para fusionarlos o eliminar uno.
781,12-24-0038-46,12-24-0048-46,San José Ojetenam,INSTITUTO NACIONAL DE EDUCACION DIVERSIFICADA,INSTITUTO NACIONAL DE EDUCACION DIVERSIFICADA,100.0,CABECERA MUNICIPAL,VESPERTINA,DIARIO(REGULAR),CONSERVAR,Los códigos MINEDUC son distintos y representan registros administrativos independientes; no existe evidencia oficial para fusionarlos o eliminar uno.
782,12-24-0039-46,12-24-0048-46,San José Ojetenam,INSTITUTO NACIONAL DE EDUCACION DIVERSIFICADA,INSTITUTO NACIONAL DE EDUCACION DIVERSIFICADA,100.0,CABECERA MUNICIPAL,VESPERTINA,DIARIO(REGULAR),CONSERVAR,Los códigos MINEDUC son distintos y representan registros administrativos independientes; no existe evidencia oficial para fusionarlos o eliminar uno.
783,01-03-0135-46,01-03-0136-46,San José Pinula,COLEGIO INTEGRAL EBENEZER,COLEGIO INTEGRAL EBENEZER,100.0,2A. AVENIDA 4-34 CANTON MATAZANO ZONA 4,DOBLE,FIN DE SEMANA,CONSERVAR,Los códigos MINEDUC son distintos y representan registros administrativos independientes; no existe evidencia oficial para fusionarlos o eliminar uno.
784,01-03-0179-46,01-03-8513-46,San José Pinula,CENTRO EDUCATIVO INTEGRAL EL SABER,CENTRO EDUCATIVO INTEGRAL 'EL SABER',100.0,2A. CALLE 1-40 ZONA 2,DOBLE,FIN DE SEMANA,CONSERVAR,Los códigos MINEDUC son distintos y representan registros administrativos independientes; no existe evidencia oficial para fusionarlos o eliminar uno.
785,01-03-0129-46,01-03-0132-46,San José Pinula,"CENTRO EDUCATIVO "" EL PROGRESO""","CENTRO EDUCATIVO "" EL PROGRESO """,100.0,5A. CALLE 2-50 ZONA 2 GUATEMALA,DOBLE,FIN DE SEMANA,CONSERVAR,Los códigos MINEDUC son distintos y representan registros administrativos independientes; no existe evidencia oficial para fusionarlos o eliminar uno.
786,01-03-0129-46,01-03-0133-46,San José Pinula,"CENTRO EDUCATIVO "" EL PROGRESO""","CENTRO EDUCATIVO "" EL PROGRESO""",100.0,5A. CALLE 2-50 ZONA 2 GUATEMALA,DOBLE,FIN DE SEMANA,CONSERVAR,Los códigos MINEDUC son distintos y representan registros administrativos independientes; no existe evidencia oficial para fusionarlos o eliminar uno.
787,01-03-0132-46,01-03-0133-46,San José Pinula,"CENTRO EDUCATIVO "" EL PROGRESO ""","CENTRO EDUCATIVO "" EL PROGRESO""",100.0,5A. CALLE 2-50 ZONA 2 GUATEMALA,DOBLE,FIN DE SEMANA,CONSERVAR,Los códigos MINEDUC son distintos y representan registros administrativos independientes; no existe evidencia oficial para fusionarlos o eliminar uno.
788,01-03-0119-46,01-03-0120-46,San José Pinula,LICEO COMERCIAL ENTRE VALLES,LICEO COMERCIAL ENTRE VALLES,100.0,"8A. AVENIDA 10-08 (INTERIOR LOTE 22) CANTÓN EL MATAZANO, ZONA 4",DOBLE,FIN DE SEMANA,CONSERVAR,Los códigos MINEDUC son distintos y representan registros administrativos independientes; no existe evidencia oficial para fusionarlos o eliminar uno.
789,01-03-0118-46,01-03-0196-46,San José Pinula,LICEO COMERCIAL ENTRE VALLES,LICEO COMERCIAL ENTRE VALLES,100.0,"8A. AVENIDA 10-08 (INTERIOR LOTE 22) CANTÓN EL MATAZANO, ZONA 4",MATUTINA,DIARIO(REGULAR),CONSERVAR,Los códigos MINEDUC son distintos y representan registros administrativos independientes; no existe evidencia oficial para fusionarlos o eliminar uno.
790,01-03-0124-46,01-03-0125-46,San José Pinula,COLEGIO BILINGÜE INTEGRIDAD ( INTEGRITY ),COLEGIO BILINGÜE INTEGRIDAD ( INTEGRITY ),100.0,"KM.16.5 CARRETERA A SAN JOSÉ PINULA, CASERIO LA LAGUNETA, ALDEA DON JUSTO, SANTA CATARINA PINULA. GUATEMALA",DOBLE,A DISTANCIA,CONSERVAR,Los códigos MINEDUC son distintos y representan registros administrativos independientes; no existe evidencia oficial para fusionarlos o eliminar uno.
791,04-02-0009-46,04-02-0010-46,San José Poaquil,"INSTITUTO NACIONAL DE EDUCACION DIVERSIFICADA ""POAQUIL""","INSTITUTO NACIONAL DE EDUCACION DIVERSIFICADA ""POAQUIL""",100.0,"CALLE PRINCIPAL, ZONA 2",MATUTINA,DIARIO(REGULAR),CONSERVAR,Los códigos MINEDUC son distintos y representan registros administrativos independientes; no existe evidencia oficial para fusionarlos o eliminar uno.
792,16-10-0067-46,16-10-1400-46,San Juan Chamelco,INSTITUTO TECNICO EN RECURSOS NATURALES,INSTITUTO TECNICO EN RECURSOS NATURALES,100.0,FINCA MUNICIPAL CHIPAR,DOBLE,DIARIO(REGULAR),CONSERVAR,Los códigos MINEDUC son distintos y representan registros administrativos independientes; no existe evidencia oficial para fusionarlos o eliminar uno.
793,04-04-0046-46,04-04-0053-46,San Juan Comalapa,"CENTRO EDUCATIVO BILINGÜE INTERCULTURAL ""RUK'U'X TIJONÏK""","CENTRO EDUCATIVO BILINGÜE INTERCULTURAL ""RUK'U'X TIJONÏK""",100.0,"3A. CALLE 3-73, ZONA 3",VESPERTINA,DIARIO(REGULAR),CONSERVAR,Los códigos MINEDUC son distintos y representan registros administrativos independientes; no existe evidencia oficial para fusionarlos o eliminar uno.
794,04-04-0029-46,04-04-3227-46,San Juan Comalapa,CENTRO EDUCATIVO FORMACION Y CIENCIA,CENTRO EDUCATIVO FORMACION Y CIENCIA,100.0,7A. AVENIDA 7-30 SECTOR CHUWI CRUZ ZONA 2,DOBLE,FIN DE SEMANA,CONSERVAR,Los códigos MINEDUC son distintos y representan registros administrativos independientes; no existe evidencia oficial para fusionarlos o eliminar uno.
795,14-11-0045-46,14-11-0048-46,San Juan Cotzal,INSTITUTO MUNICIPAL DE EDUCACION BÁSICA Y BACHILLERATO POR MADUREZ SAN JUAN,"INSTITUTO MUNICIPAL DE EDUCACIÓN BÁSICA Y BACHILLERATO POR MADUREZ ""SAN JUAN""",100.0,CANTÓN TUCORAL,DOBLE,FIN DE SEMANA,CONSERVAR,Los códigos MINEDUC son distintos y representan registros administrativos independientes; no existe evidencia oficial para fusionarlos o eliminar uno.
796,13-23-0035-46,13-23-0036-46,San Juan Ixcoy,COLEGIO PARAISO ESCONDIDO,COLEGIO PARAISO ESCONDIDO,100.0,CABECERA MUNICIPAL,DOBLE,FIN DE SEMANA,CONSERVAR,Los códigos MINEDUC son distintos y representan registros administrativos independientes; no existe evidencia oficial para fusionarlos o eliminar uno.
797,13-23-0058-46,13-23-0059-46,San Juan Ixcoy,"COLEGIO PREUNIVERSITARIO ""DEL VALLE""","COLEGIO PREUNIVERSITARIO ""DEL VALLE""",100.0,CABECERA MUNICIPAL CABECERA MUNICIPAL,MATUTINA,DIARIO(REGULAR),CONSERVAR,Los códigos MINEDUC son distintos y representan registros administrativos independientes; no existe evidencia oficial para fusionarlos o eliminar uno.
798,01-10-9639-46,01-10-9640-46,San Juan Sacatepéquez,LICEO CIENTIFICO SAN JUAN BAUTISTA,LICEO CIENTIFICO SAN JUAN BAUTISTA,100.0,"2A. CALLE 2-10, ZONA 3",DOBLE,FIN DE SEMANA,CONSERVAR,Los códigos MINEDUC son distintos y representan registros administrativos independientes; no existe evidencia oficial para fusionarlos o eliminar uno.
799,01-10-0078-46,01-10-0220-46,San Juan Sacatepéquez,COLEGIO INTELIGENCIAS MULTIPLES,COLEGIO INTELIGENCIAS MULTIPLES,100.0,"7A. AVENIDA 7-13, ZONA 1",DOBLE,FIN DE SEMANA,CONSERVAR,Los códigos MINEDUC son distintos y representan registros administrativos independientes; no existe evidencia oficial para fusionarlos o eliminar uno.
800,01-10-0275-46,01-10-0278-46,San Juan Sacatepéquez,COLEGIO TECNOLOGICO GUATEMALTECO EDU,COLEGIO TECNOLOGICO GUATEMALTECO EDU,100.0,8A. AVENIDA 8-05 ZONA 1,DOBLE,SEMIPRESENCIAL,CONSERVAR,Los códigos MINEDUC son distintos y representan registros administrativos independientes; no existe evidencia oficial para fusionarlos o eliminar uno.
801,01-10-0258-46,01-10-0261-46,San Juan Sacatepéquez,CENTRO EDUCATIVO PROFESIONAL INTEGRAL (CEPROIN),CENTRO EDUCATIVO PROFESIONAL INTEGRAL (CEPROIN),100.0,"ALDEA COMUNIDAD DE RUIZ KM. 36.5, CARRETERA A SAN RAYMUNDO.",DOBLE,FIN DE SEMANA,CONSERVAR,Los códigos MINEDUC son distintos y representan registros administrativos independientes; no existe evidencia oficial para fusionarlos o eliminar uno.
802,01-10-0258-46,01-10-0329-46,San Juan Sacatepéquez,CENTRO EDUCATIVO PROFESIONAL INTEGRAL (CEPROIN),CENTRO EDUCATIVO PROFESIONAL INTEGRAL (CEPROIN),100.0,"ALDEA COMUNIDAD DE RUIZ KM. 36.5, CARRETERA A SAN RAYMUNDO.",DOBLE,FIN DE SEMANA,CONSERVAR,Los códigos MINEDUC son distintos y representan registros administrativos independientes; no existe evidencia oficial para fusionarlos o eliminar uno.
803,01-10-0261-46,01-10-0329-46,San Juan Sacatepéquez,CENTRO EDUCATIVO PROFESIONAL INTEGRAL (CEPROIN),CENTRO EDUCATIVO PROFESIONAL INTEGRAL (CEPROIN),100.0,"ALDEA COMUNIDAD DE RUIZ KM. 36.5, CARRETERA A SAN RAYMUNDO",DOBLE,FIN DE SEMANA,CONSERVAR,Los códigos MINEDUC son distintos y representan registros administrativos independientes; no existe evidencia oficial para fusionarlos o eliminar uno.
804,01-10-0153-46,01-10-0154-46,San Juan Sacatepéquez,COLEGIO INTEGRAL TECNOLÓGICO CIENTÍFICO CITEC,COLEGIO INTEGRAL TECNOLOGICO CIENTIFICO CITEC,100.0,LOTE 11 MANZANA H SECTOR 3-B COLONIA EL EDEN,DOBLE,FIN DE SEMANA,CONSERVAR,Los códigos MINEDUC son distintos y representan registros administrativos independientes; no existe evidencia oficial para fusionarlos o eliminar uno.
805,01-10-0279-46,01-10-0292-46,San Juan Sacatepéquez,CENTRO DE COMPUTACIÓN CEI-PC VILLAS,CENTRO DE COMPUTACIÓN CEI-PC VILLAS,100.0,LOTE 14 MANZANA 61 VILLAS DEL QUETZAL,DOBLE,SEMIPRESENCIAL,CONSERVAR,Los códigos MINEDUC son distintos y representan registros administrativos independientes; no existe evidencia oficial para fusionarlos o eliminar uno.
806,01-10-0254-46,01-10-0255-46,San Juan Sacatepéquez,"COLEGIO EVANGÉLICO ""JESÚS EL MESÍAS""","COLEGIO EVANGÉLICO ""JESÚS EL MESÍAS""",100.0,"LOTE 15,16,17 Y 18 MANZANA ""G"" SECTOR 1 VILLA VERDE, CIUDAD QUETZAL",DOBLE,FIN DE SEMANA,CONSERVAR,Los códigos MINEDUC son distintos y representan registros administrativos independientes; no existe evidencia oficial para fusionarlos o eliminar uno.
807,01-10-0188-46,01-10-0189-46,San Juan Sacatepéquez,COLEGIO LICEO TECNOLÓGICO CIUDAD QUETZAL,COLEGIO LICEO TECNOLÓGICO CIUDAD QUETZAL,100.0,"LOTE 18 MANZANA 1 COLONIA CIUDAD QUETZAL Y LOTES CONTIGUOS 1, 2 Y 3 MANZANA A DE LA COLONIA PORTAL DEL QUETZAL",DOBLE,FIN DE SEMANA,CONSERVAR,Los códigos MINEDUC son distintos y representan registros administrativos independientes; no existe evidencia oficial para fusionarlos o eliminar uno.
808,01-10-0286-46,01-10-0287-46,San Juan Sacatepéquez,CENTRO DE COMPUTACIÓN CEI-PC LINDA VISTA,CENTRO DE COMPUTACIÓN CEI-PC LINDA VISTA,100.0,"LOTE 19 MANZANA A, LINDA VISTA I",DOBLE,SEMIPRESENCIAL,CONSERVAR,Los códigos MINEDUC son distintos y representan registros administrativos independientes; no existe evidencia oficial para fusionarlos o eliminar uno.
809,01-10-0185-46,01-10-0186-46,San Juan Sacatepéquez,"COLEGIO CRISTIANO SECRETARIAL ""LA LUZ""",COLEGIO CRISTIANO SECRETARIAL LA LUZ,100.0,LOTE 3 MANZANA M COLONIA LINDA VISTA 1 CIUDAD QUETZAL,DOBLE,FIN DE SEMANA,CONSERVAR,Los códigos MINEDUC son distintos y representan registros administrativos independientes; no existe evidencia oficial para fusionarlos o eliminar uno.
810,01-10-0094-46,01-10-0095-46,San Juan Sacatepéquez,COLEGIO MIXTO MONTE EVEREST II,COLEGIO MIXTO MONTE EVEREST II,100.0,MANZANA 3B LOTE 1 Y 2 VILLAS DEL QUETZAL,VESPERTINA,DIARIO(REGULAR),CONSERVAR,Los códigos MINEDUC son distintos y representan registros administrativos independientes; no existe evidencia oficial para fusionarlos o eliminar uno.
811,01-10-0084-46,01-10-0139-46,San Juan Sacatepéquez,COLEGIO MIXTO JARDINES DE SAN GABRIEL,COLEGIO MIXTO JARDINES DE SAN GABRIEL,100.0,"SECTOR B, CASAS 7 Y 8, CONDOMINIO JARDINES DE SAN GABRIEL",DOBLE,FIN DE SEMANA,CONSERVAR,Los códigos MINEDUC son distintos y representan registros administrativos independientes; no existe evidencia oficial para fusionarlos o eliminar uno.
812,12-29-0031-46,12-29-0032-46,San Lorenzo,INSTITUTO TECNOLÓGICO PRIVADO MIXTO EVANGÉLICO SUNESIS,INSTITUTO TECNOLÓGICO PRIVADO MIXTO EVANGÉLICO SUNESIS,100.0,CABECERA MUNICIPAL,DOBLE,FIN DE SEMANA,CONSERVAR,Los códigos MINEDUC son distintos y representan registros administrativos independientes; no existe evidencia oficial para fusionarlos o eliminar uno.
813,12-29-0036-46,12-29-0037-46,San Lorenzo,COLEGIO EVANGÉLICO TECNOLÓGICO PRIVADO MIXTO BERSHEBA BLESS GOD,COLEGIO EVANGÉLICO TECNOLÓGICO PRIVADO MIXTO BERSHEBA BLESS GOD,100.0,CABECERA MUNICIPAL,DOBLE,FIN DE SEMANA,CONSERVAR,Los códigos MINEDUC son distintos y representan registros administrativos independientes; no existe evidencia oficial para fusionarlos o eliminar uno.
814,12-29-0036-46,12-29-0054-46,San Lorenzo,COLEGIO EVANGÉLICO TECNOLÓGICO PRIVADO MIXTO BERSHEBA BLESS GOD,COLEGIO EVANGELCO TECNOLOGICO PRIVADO MIXTO BERSHEBA BLESS GOD,99.2,CABECERA MUNICIPAL,DOBLE,FIN DE SEMANA,CONSERVAR,Los códigos MINEDUC son distintos y representan registros administrativos independientes; no existe evidencia oficial para fusionarlos o eliminar uno.
815,12-29-0037-46,12-29-0054-46,San Lorenzo,COLEGIO EVANGÉLICO TECNOLÓGICO PRIVADO MIXTO BERSHEBA BLESS GOD,COLEGIO EVANGELCO TECNOLOGICO PRIVADO MIXTO BERSHEBA BLESS GOD,99.2,CABECERA MUNICIPAL,DOBLE,FIN DE SEMANA,CONSERVAR,Los códigos MINEDUC son distintos y representan registros administrativos independientes; no existe evidencia oficial para fusionarlos o eliminar uno.
816,12-29-0034-46,12-29-0052-46,San Lorenzo,COLEGIO EVANGÉLICO TECNOLÓGICO PRIVADO MIXTO BERSHEBA BLESS GOD,COLEGIO EVANGELICO TECNOLOGICO PRIVADO MIXTO BERSHEBA BLESS GOD,100.0,CABECERA MUNICIPAL,MATUTINA,DIARIO(REGULAR),CONSERVAR,Los códigos MINEDUC son distintos y representan registros administrativos independientes; no existe evidencia oficial para fusionarlos o eliminar uno.
817,03-08-0032-46,03-08-0033-46,San Lucas Sacatepéquez,LICEO JOHN DEWEY,LICEO JOHN DEWEY,100.0,1A. AVENIDA A 4-17 QUINTAS EL PARAISO,DOBLE,FIN DE SEMANA,CONSERVAR,Los códigos MINEDUC son distintos y representan registros administrativos independientes; no existe evidencia oficial para fusionarlos o eliminar uno.
818,07-13-0047-46,07-13-0048-46,San Lucas Tolimán,"CENTRO EDUCATIVO PRIVADO ""SABIDURÍA"" CEPSA","CENTRO EDUCATIVO PRIVADO ""SABIDURÍA"" CEPSA",100.0,COLONIA PAMPOJILA,DOBLE,FIN DE SEMANA,CONSERVAR,Los códigos MINEDUC son distintos y representan registros administrativos independientes; no existe evidencia oficial para fusionarlos o eliminar uno.
819,07-13-0074-46,07-13-0075-46,San Lucas Tolimán,INED INSTITUTO NACIONAL DE EDUCACIÓN DIVERSIFICADA,INED INSTITUTO NACIONAL DE EDUCACIÓN DIVERSIFICADA,100.0,COLONIA SANTA CRUZ QUIXAYÁ,MATUTINA,DIARIO(REGULAR),CONSERVAR,Los códigos MINEDUC son distintos y representan registros administrativos independientes; no existe evidencia oficial para fusionarlos o eliminar uno.
820,17-09-0318-46,17-09-0319-46,San Luis,COLEGIO MIXTO PRIVADO EL HORIZONTE COMPEH,"COLEGIO MIXTO PRIVADO EL HORIZONTE ""COMPEH""",100.0,BARRIO EL HORIZONTE ALDEA MACHAQUILAITO,DOBLE,FIN DE SEMANA,CONSERVAR,Los códigos MINEDUC son distintos y representan registros administrativos independientes; no existe evidencia oficial para fusionarlos o eliminar uno.
821,12-01-0170-46,12-01-0171-46,San Marcos,"COLEGIO BILINGÜE ""ADVANCE""","COLEGIO BILINGÜE ""ADVANCE""",100.0,5A. CALLE 5-81 ZONA 2,DOBLE,FIN DE SEMANA,CONSERVAR,Los códigos MINEDUC son distintos y representan registros administrativos independientes; no existe evidencia oficial para fusionarlos o eliminar uno.
822,12-01-0191-46,12-01-4653-46,San Marcos,"COLEGIO PARTICULAR MIXTO ""JERUSALEM""","COLEGIO PARTICULAR MIXTO ""JERUSALEM""",100.0,5A. CALLE 9-38 ZONA 4,DOBLE,FIN DE SEMANA,CONSERVAR,Los códigos MINEDUC son distintos y representan registros administrativos independientes; no existe evidencia oficial para fusionarlos o eliminar uno.
823,12-01-0180-46,12-01-0186-46,San Marcos,"COLEGIO PARTICULAR MIXTO ""JERUSALEM""","COLEGIO PARTICULAR MIXTO ""JERUSALEM""",100.0,5A. CALLE 9-38 ZONA 4,SIN JORNADA,SEMIPRESENCIAL (UN DÍA A LA SEMANA),CONSERVAR,Los códigos MINEDUC son distintos y representan registros administrativos independientes; no existe evidencia oficial para fusionarlos o eliminar uno.
824,12-01-0167-46,12-01-0176-46,San Marcos,COLEGIO MIXTO EVANGÉLICO CASA DE JEHOVÁ,"COLEGIO MIXTO EVANGÉLICO ""CASA DE JEHOVÁ""",100.0,5TA CALLE 14-42 ZONA 5,DOBLE,FIN DE SEMANA,CONSERVAR,Los códigos MINEDUC son distintos y representan registros administrativos independientes; no existe evidencia oficial para fusionarlos o eliminar uno.
825,12-01-0115-46,12-01-0116-46,San Marcos,"COLEGIO PRIVADO URBANO MIXTO ""AMIGOS""","COLEGIO PRIVADO URBANO MIXTO ""AMIGOS""",100.0,7A. CALLE 12-99 ZONA 4,MATUTINA,DIARIO(REGULAR),CONSERVAR,Los códigos MINEDUC son distintos y representan registros administrativos independientes; no existe evidencia oficial para fusionarlos o eliminar uno.
826,12-01-0119-46,12-01-0199-46,San Marcos,"COLEGIO PARTICULAR MIXTO ""SAN ANTONIO""","COLEGIO PARTICULAR MIXTO ""SAN ANTONIO""",100.0,ALDEA SAN ANTONIO SERCHIL,MATUTINA,DIARIO(REGULAR),CONSERVAR,Los códigos MINEDUC son distintos y representan registros administrativos independientes; no existe evidencia oficial para fusionarlos o eliminar uno.
827,12-01-0114-46,12-01-0153-46,San Marcos,COLEGIO DE ESTUDIOS TECNICOS ESPECIALIZADOS EN COMPUTACION CETESC,"COLEGIO DE ESTUDIOS TECNICOS ESPECIALIZADOS EN COMPUTACIÓN ""CETESC""",100.0,ALDEA SAN SEBASTIAN,DOBLE,DIARIO(REGULAR),CONSERVAR,Los códigos MINEDUC son distintos y representan registros administrativos independientes; no existe evidencia oficial para fusionarlos o eliminar uno.
828,04-03-0260-46,04-03-2797-46,San Martín Jilotepeque,"ESCUELA NORMAL BILINGÜE INTERCULTURAL ""NIM NA'OJ""","ESCUELA NORMAL BILINGÜE INTERCULTURAL ""NIM NA'OJ""",100.0,"5A. CALLE ""B"" 1-89, ZONA 4, BARRIO EL GUITE,",MATUTINA,DIARIO(REGULAR),CONSERVAR,Los códigos MINEDUC son distintos y representan registros administrativos independientes; no existe evidencia oficial para fusionarlos o eliminar uno.
829,04-03-2987-46,04-03-2991-46,San Martín Jilotepeque,COLEGIO 'EL LEGADO',COLEGIO EL LEGADO,100.0,LOTIFICACION NUEVO SAN MARTIN,VESPERTINA,DIARIO(REGULAR),CONSERVAR,Los códigos MINEDUC son distintos y representan registros administrativos independientes; no existe evidencia oficial para fusionarlos o eliminar uno.
830,04-03-0218-46,04-03-0229-46,San Martín Jilotepeque,COLEGIO PRIVADO EL VALLE,COLEGIO PRIVADO EL VALLE,100.0,"LOTIFICACIÓN NUEVO SAN MARTÍN, BARRIO SAN GASPAR",DOBLE,FIN DE SEMANA,CONSERVAR,Los códigos MINEDUC son distintos y representan registros administrativos independientes; no existe evidencia oficial para fusionarlos o eliminar uno.
831,11-04-0025-46,11-04-0027-46,San Martín Zapotitlán,COLEGIO MIXTO TECNOLÓGICO ZAPOTITLÁN,COLEGIO MIXTO TECNOLÓGICO ZAPOTITLÁN,100.0,"ZONA 3, COMUNIDAD ARMENIA ORTÍZ",MATUTINA,FIN DE SEMANA,CONSERVAR,Los códigos MINEDUC son distintos y representan registros administrativos independientes; no existe evidencia oficial para fusionarlos o eliminar uno.
832,13-18-0041-46,13-18-0050-46,San Mateo Ixtatán,ASOCIACION DE MAESTROS DE EDUCACION RURAL DE GUATEMALA -AMERG-,"ASOCIACIÓN DE MAESTROS DE EDUCACIÓN RURAL DE GUATEMALA ""AMERG""",100.0,ALDEA POJOM,DOBLE,FIN DE SEMANA,CONSERVAR,Los códigos MINEDUC son distintos y representan registros administrativos independientes; no existe evidencia oficial para fusionarlos o eliminar uno.
833,15-02-0121-46,15-02-0122-46,San Miguel Chicaj,CENTRO EDUCATIVO TECNOLÓGICO EL NAZARENO,CENTRO EDUCATIVO TECNOLÓGICO EL NAZARENO,100.0,ALDEA SAN GABRIEL PANTZUJ,DOBLE,FIN DE SEMANA,CONSERVAR,Los códigos MINEDUC son distintos y representan registros administrativos independientes; no existe evidencia oficial para fusionarlos o eliminar uno.
834,15-02-0107-46,15-02-0108-46,San Miguel Chicaj,COLEGIO PARTICULAR BAUTISTA MIXTO,COLEGIO PARTICULAR BAUTISTA MIXTO,100.0,CANTÓN LA CRUZ,DOBLE,FIN DE SEMANA,CONSERVAR,Los códigos MINEDUC son distintos y representan registros administrativos independientes; no existe evidencia oficial para fusionarlos o eliminar uno.
835,03-13-0006-46,03-13-1393-46,San Miguel Dueñas,COLEGIO MIXTO SANTO TOMAS,COLEGIO MIXTO SANTO TOMAS,100.0,4A. AVENIDA 3-12 ZONA 1,DOBLE,FIN DE SEMANA,CONSERVAR,Los códigos MINEDUC son distintos y representan registros administrativos independientes; no existe evidencia oficial para fusionarlos o eliminar uno.
836,03-13-0012-46,03-13-0016-46,San Miguel Dueñas,COLEGIO MIXTO SAN MIGUEL ARCANGEL,COLEGIO MIXTO SAN MIGUEL ARCANGEL,100.0,CALLE REAL 3-55 ZONA 1,DOBLE,FIN DE SEMANA,CONSERVAR,Los códigos MINEDUC son distintos y representan registros administrativos independientes; no existe evidencia oficial para fusionarlos o eliminar uno.
837,03-13-0012-46,03-13-0019-46,San Miguel Dueñas,COLEGIO MIXTO SAN MIGUEL ARCANGEL,COLEGIO MIXTO SAN MIGUEL ARCANGEL,100.0,CALLE REAL 3-55 ZONA 1,DOBLE,FIN DE SEMANA,CONSERVAR,Los códigos MINEDUC son distintos y representan registros administrativos independientes; no existe evidencia oficial para fusionarlos o eliminar uno.
838,03-13-0016-46,03-13-0019-46,San Miguel Dueñas,COLEGIO MIXTO SAN MIGUEL ARCANGEL,COLEGIO MIXTO SAN MIGUEL ARCANGEL,100.0,CALLE REAL 3-55 ZONA 1,DOBLE,FIN DE SEMANA,CONSERVAR,Los códigos MINEDUC son distintos y representan registros administrativos independientes; no existe evidencia oficial para fusionarlos o eliminar uno.
839,01-17-0200-46,01-17-0201-46,San Miguel Petapa,"INSTITUTO DE EDUCACION DIVERSIFICADA POR COOPERATIVA DE ENSEÑANZA ""PRADOS DE VILLA HERMOSA""","INSTITUTO DE EDUCACION DIVERSIFICADA POR COOPERATIVA DE ENSEÑANZA ""PRADOS DE VILLA HERMOSA""",100.0,"18 CALLE 22-60 COLONIA PRADOS DE VILLA HERMOSA, ZONA 7",MATUTINA,DIARIO(REGULAR),CONSERVAR,Los códigos MINEDUC son distintos y representan registros administrativos independientes; no existe evidencia oficial para fusionarlos o eliminar uno.
840,01-17-0027-46,01-17-0028-46,San Miguel Petapa,"COLEGIO PREUNIVERSITARIO DEL SUR ""DOMINGO DE GUZMAN""","COLEGIO PREUNIVERSITARIO DEL SUR ""DOMINGO DE GUZMAN""",100.0,"1A. AVENIDA 2-71 ZONA 4, SANTA INÉS",DOBLE,FIN DE SEMANA,CONSERVAR,Los códigos MINEDUC son distintos y representan registros administrativos independientes; no existe evidencia oficial para fusionarlos o eliminar uno.
841,01-17-0225-46,01-17-0226-46,San Miguel Petapa,INSTITUTO TÉCNICO EMILIANI SOMASCOS,INSTITUTO TÉCNICO EMILIANI SOMASCOS,100.0,"20 CALLE A 20-60, ZONA 7, COLONIA VILLA HERMOSA I",MATUTINA,DIARIO(REGULAR),CONSERVAR,Los códigos MINEDUC son distintos y representan registros administrativos independientes; no existe evidencia oficial para fusionarlos o eliminar uno.
842,01-17-0225-46,01-17-0227-46,San Miguel Petapa,INSTITUTO TÉCNICO EMILIANI SOMASCOS,INSTITUTO TÉCNICO EMILIANI SOMASCOS,100.0,"20 CALLE A 20-60, ZONA 7, COLONIA VILLA HERMOSA I",MATUTINA,DIARIO(REGULAR),CONSERVAR,Los códigos MINEDUC son distintos y representan registros administrativos independientes; no existe evidencia oficial para fusionarlos o eliminar uno.
843,01-17-0225-46,01-17-0228-46,San Miguel Petapa,INSTITUTO TÉCNICO EMILIANI SOMASCOS,INSTITUTO TÉCNICO EMILIANI SOMASCOS,100.0,"20 CALLE A 20-60, ZONA 7, COLONIA VILLA HERMOSA I",MATUTINA,DIARIO(REGULAR),CONSERVAR,Los códigos MINEDUC son distintos y representan registros administrativos independientes; no existe evidencia oficial para fusionarlos o eliminar uno.
844,01-17-0226-46,01-17-0227-46,San Miguel Petapa,INSTITUTO TÉCNICO EMILIANI SOMASCOS,INSTITUTO TÉCNICO EMILIANI SOMASCOS,100.0,"20 CALLE A 20-60, ZONA 7, COLONIA VILLA HERMOSA I",MATUTINA,DIARIO(REGULAR),CONSERVAR,Los códigos MINEDUC son distintos y representan registros administrativos independientes; no existe evidencia oficial para fusionarlos o eliminar uno.
845,01-17-0226-46,01-17-0228-46,San Miguel Petapa,INSTITUTO TÉCNICO EMILIANI SOMASCOS,INSTITUTO TÉCNICO EMILIANI SOMASCOS,100.0,"20 CALLE A 20-60, ZONA 7, COLONIA VILLA HERMOSA I",MATUTINA,DIARIO(REGULAR),CONSERVAR,Los códigos MINEDUC son distintos y representan registros administrativos independientes; no existe evidencia oficial para fusionarlos o eliminar uno.
846,01-17-0227-46,01-17-0228-46,San Miguel Petapa,INSTITUTO TÉCNICO EMILIANI SOMASCOS,INSTITUTO TÉCNICO EMILIANI SOMASCOS,100.0,"20 CALLE A 20-60, ZONA 7, COLONIA VILLA HERMOSA I",MATUTINA,DIARIO(REGULAR),CONSERVAR,Los códigos MINEDUC son distintos y representan registros administrativos independientes; no existe evidencia oficial para fusionarlos o eliminar uno.
847,01-17-0113-46,01-17-0125-46,San Miguel Petapa,INSTITUTO DE EDUCACION DIVERSIFICADA POR COOPERATIVA DE VILLA HERMOSA,INSTITUTO DE EDUCACION DIVERSIFICADA POR COOPERATIVA DE VILLA HERMOSA,100.0,"25 AVENIDA, 25-97, VILLA HERMOSA II",MATUTINA,DIARIO(REGULAR),CONSERVAR,Los códigos MINEDUC son distintos y representan registros administrativos independientes; no existe evidencia oficial para fusionarlos o eliminar uno.
848,01-17-0183-46,01-17-0373-46,San Miguel Petapa,CENTRO EDUCATIVO FORMADORES DE LÍDERES,CENTRO EDUCATIVO FORMADORES DE LIDERES,100.0,2A. CALLE 2-50 ZONA 1,DOBLE,FIN DE SEMANA,CONSERVAR,Los códigos MINEDUC son distintos y representan registros administrativos independientes; no existe evidencia oficial para fusionarlos o eliminar uno.
849,01-17-0188-46,01-17-0191-46,San Miguel Petapa,"COLEGIO ""VALLE DEL SABER""","COLEGIO ""VALLE DEL SABER""",100.0,"2A. CALLE 3-18, ZONA 2",DOBLE,FIN DE SEMANA,CONSERVAR,Los códigos MINEDUC son distintos y representan registros administrativos independientes; no existe evidencia oficial para fusionarlos o eliminar uno.
850,01-17-0270-46,01-17-0274-46,San Miguel Petapa,LICEO PREUNIVERSITARIO SANTINY,LICEO PREUNIVERSITARIO SANTINY,100.0,34 AVENIDA 19-87 COLONIA VILLA HERMOSA I,VESPERTINA,DIARIO(REGULAR),CONSERVAR,Los códigos MINEDUC son distintos y representan registros administrativos independientes; no existe evidencia oficial para fusionarlos o eliminar uno.
851,01-17-0108-46,01-17-0109-46,San Miguel Petapa,CENTRO EDUCATIVO BERTRAND RUSSELL,CENTRO EDUCATIVO BERTRAND RUSSELL,100.0,"LOTE 1, MANZANA A, SECTOR II, VILLA HERMOSA II",DOBLE,FIN DE SEMANA,CONSERVAR,Los códigos MINEDUC son distintos y representan registros administrativos independientes; no existe evidencia oficial para fusionarlos o eliminar uno.
852,16-06-0106-46,16-06-0145-46,San Miguel Tucurú,"CENTRO DE FORMACION ACADEMICA, TECNOLOGICA Y OCUPACIONAL ""JACK & MARIE EITING""","CENTRO DE FORMACION ACADÉMICA, TECNOLÓGICA Y OCUPACIONAL JACK & MARIE EITING",100.0,"LOTE NO. 42, CASERIO NUEVA ESPERANZA",VESPERTINA,DIARIO(REGULAR),CONSERVAR,Los códigos MINEDUC son distintos y representan registros administrativos independientes; no existe evidencia oficial para fusionarlos o eliminar uno.
853,14-15-0234-46,14-15-4573-46,San Miguel Uspantán,INSTITUTO TÉCNICO MAYA EN RECURSOS NATURALES,INSTITUTO TECNICO MAYA EN RECURSOS NATURALES,100.0,BARRIO EL BORDITO,DOBLE,DIARIO(REGULAR),CONSERVAR,Los códigos MINEDUC son distintos y representan registros administrativos independientes; no existe evidencia oficial para fusionarlos o eliminar uno.
854,12-19-0055-46,12-19-0058-46,San Pablo,COLEGIO DE INFORMATICA AURELIO BALDOR -CIAB-,COLEGIO DE INFORMATICA AURELIO BALDOR -CIAB-,100.0,2A. CALLE 2-38 ZONA 1,DOBLE,FIN DE SEMANA,CONSERVAR,Los códigos MINEDUC son distintos y representan registros administrativos independientes; no existe evidencia oficial para fusionarlos o eliminar uno.
855,12-19-0101-46,12-19-0125-46,San Pablo,COLEGIO MIXTO LICEO ORIZABA,COLEGIO MIXTO LICEO ORIZABA,100.0,LOTE NO. 4 COLONIA BENDICION DE DIOS,SIN JORNADA,SEMIPRESENCIAL (UN DÍA A LA SEMANA),CONSERVAR,Los códigos MINEDUC son distintos y representan registros administrativos independientes; no existe evidencia oficial para fusionarlos o eliminar uno.
856,10-09-0020-46,10-09-0021-46,San Pablo Jocopilas,"INSTITUTO PARTICULAR MIXTO ""TECNOLOGICO""","INSTITUTO PARTICULAR MIXTO ""TECNOLOGICO""",100.0,1A. CALLE CENTRO HISTORICO ZONA 1,DOBLE,FIN DE SEMANA,CONSERVAR,Los códigos MINEDUC son distintos y representan registros administrativos independientes; no existe evidencia oficial para fusionarlos o eliminar uno.
857,01-07-0046-46,01-07-8219-46,San Pedro Ayampuc,LICEO JUVENIL GUATEMALTECO,LICEO JUVENIL GUATEMALTECO,100.0,"LOTE 24, MANZANA Q, SECTOR 2, COLONIA LA LEYENDA",MATUTINA,DIARIO(REGULAR),CONSERVAR,Los códigos MINEDUC son distintos y representan registros administrativos independientes; no existe evidencia oficial para fusionarlos o eliminar uno.
858,16-09-0748-46,16-09-0760-46,San Pedro Carchá,LICEO INTERCULTURAL VERAPACENSE,LICEO INTERCULTURAL VERAPACENSE,100.0,8A. CALLE 4-47 ZONA 4,DOBLE,FIN DE SEMANA,CONSERVAR,Los códigos MINEDUC son distintos y representan registros administrativos independientes; no existe evidencia oficial para fusionarlos o eliminar uno.
859,16-09-0007-46,16-09-0870-46,San Pedro Carchá,CENTRO EDUCATIVO NUEVA VIDA,CENTRO EDUCATIVO NUEVA VIDA,100.0,8A. CALLE 4-47 ZONA 4,VESPERTINA,DIARIO(REGULAR),CONSERVAR,Los códigos MINEDUC son distintos y representan registros administrativos independientes; no existe evidencia oficial para fusionarlos o eliminar uno.
860,16-09-0945-46,16-09-0946-46,San Pedro Carchá,INED INSTITUTO NACIONAL DE EDUCACIÓN DIVERSIFICADA,INED INSTITUTO NACIONAL DE EDUCACIÓN DIVERSIFICADA,100.0,ALDEA BANCAB,VESPERTINA,DIARIO(REGULAR),CONSERVAR,Los códigos MINEDUC son distintos y representan registros administrativos independientes; no existe evidencia oficial para fusionarlos o eliminar uno.
861,13-06-0078-46,13-06-7127-46,San Pedro Necta,COLEGIO INTEGRAL EMPRESARIAL SAMPEDRANO POR MADUREZ,COLEGIO INTEGRAL EMPRESARIAL SAMPEDRANO POR MADUREZ,100.0,CABECERA MUNICIPAL,DOBLE,FIN DE SEMANA,CONSERVAR,Los códigos MINEDUC son distintos y representan registros administrativos independientes; no existe evidencia oficial para fusionarlos o eliminar uno.
862,12-02-0138-46,12-02-0144-46,San Pedro Sacatepéquez,"COLEGIO PARTICULAR MIXTO ""SANTA ANA""",COLEGIO PARTICULAR MIXTO SANTA ANA,100.0,"12 AVENIDA 2-82 ZONA 2, CALZADA INDEPENDENCIA",MATUTINA,DIARIO(REGULAR),CONSERVAR,Los códigos MINEDUC son distintos y representan registros administrativos independientes; no existe evidencia oficial para fusionarlos o eliminar uno.
863,12-02-0134-46,12-02-0141-46,San Pedro Sacatepéquez,COLEGIO PRIVADO URBANO MIXTO DE ESTUDIOS AVANZADOS CESC,COLEGIO PRIVADO URBANO MIXTO DE ESTUDIOS AVANZADOS CESC,100.0,2DA. AV. 5-08 ZONA 4,DOBLE,FIN DE SEMANA,CONSERVAR,Los códigos MINEDUC son distintos y representan registros administrativos independientes; no existe evidencia oficial para fusionarlos o eliminar uno.
864,01-09-0006-46,01-09-0007-46,San Pedro Sacatepéquez,CENTRO EDUCATIVO SAN PEDRO APOSTOL,CENTRO EDUCATIVO SAN PEDRO APOSTOL,100.0,3A. CALLE 1-30 ZONA 2,DOBLE,FIN DE SEMANA,CONSERVAR,Los códigos MINEDUC son distintos y representan registros administrativos independientes; no existe evidencia oficial para fusionarlos o eliminar uno.
865,12-02-0148-46,12-02-0150-46,San Pedro Sacatepéquez,"INSTITUTO TECNOLÓGICO PRIVADO URBANO MIXTO ""FERDINAND LASSALLE""","INSTITUTO TECNOLÓGICO PRIVADO URBANO MIXTO ""FERDINAND LASSALLE""",100.0,"5TA. CALLE (CALLE LA REFORMA) 7-28, ZONA 2",DOBLE,FIN DE SEMANA,CONSERVAR,Los códigos MINEDUC son distintos y representan registros administrativos independientes; no existe evidencia oficial para fusionarlos o eliminar uno.
866,12-02-0131-46,12-02-4727-46,San Pedro Sacatepéquez,"INSTITUTO PARTICULAR MIXTO ""MINERVA""","INSTITUTO PARTICULAR MIXTO ""MINERVA""",100.0,7A. AVENIDA 1-88 ZONA 2,DOBLE,FIN DE SEMANA,CONSERVAR,Los códigos MINEDUC son distintos y representan registros administrativos independientes; no existe evidencia oficial para fusionarlos o eliminar uno.
867,12-02-0186-46,12-02-0187-46,San Pedro Sacatepéquez,"COLEGIO PARTICULAR ""LICEO MINERVA""","COLEGIO PARTICULAR ""LICEO MINERVA""",100.0,7A. AVENIDA 1-88 ZONA 2,DOBLE,FIN DE SEMANA,CONSERVAR,Los códigos MINEDUC son distintos y representan registros administrativos independientes; no existe evidencia oficial para fusionarlos o eliminar uno.
868,12-02-0173-46,12-02-0188-46,San Pedro Sacatepéquez,"COLEGIO PARTICULAR ""LICEO MINERVA""","COLEGIO PARTICULAR ""LICEO MINERVA""",100.0,"7A. AVENIDA, 1-88 ZONA 2",VESPERTINA,DIARIO(REGULAR),CONSERVAR,Los códigos MINEDUC son distintos y representan registros administrativos independientes; no existe evidencia oficial para fusionarlos o eliminar uno.
869,12-02-0173-46,12-02-3695-46,San Pedro Sacatepéquez,"COLEGIO PARTICULAR ""LICEO MINERVA""","COLEGIO PARTICULAR ""LICEO MINERVA""",100.0,"7A. AVENIDA, 1-88 ZONA 2",VESPERTINA,DIARIO(REGULAR),CONSERVAR,Los códigos MINEDUC son distintos y representan registros administrativos independientes; no existe evidencia oficial para fusionarlos o eliminar uno.
870,12-02-0188-46,12-02-3695-46,San Pedro Sacatepéquez,"COLEGIO PARTICULAR ""LICEO MINERVA""","COLEGIO PARTICULAR ""LICEO MINERVA""",100.0,7A. AVENIDA 1-88 ZONA 2,VESPERTINA,DIARIO(REGULAR),CONSERVAR,Los códigos MINEDUC son distintos y representan registros administrativos independientes; no existe evidencia oficial para fusionarlos o eliminar uno.
871,12-02-0189-46,12-02-4737-46,San Pedro Sacatepéquez,"COLEGIO PARTICULAR ""LICEO MINERVA""","COLEGIO PARTICULAR ""LICEO MINERVA""",100.0,7A. AVENIDA 1-88 ZONA 2,MATUTINA,DIARIO(REGULAR),CONSERVAR,Los códigos MINEDUC son distintos y representan registros administrativos independientes; no existe evidencia oficial para fusionarlos o eliminar uno.
872,01-09-0022-46,01-09-9079-46,San Pedro Sacatepéquez,LICEO INTEGRAL SAMPEDRANO,LICEO INTEGRAL SAMPEDRANO,100.0,"7A. CALLE 6-18, ZONA 3",DOBLE,FIN DE SEMANA,CONSERVAR,Los códigos MINEDUC son distintos y representan registros administrativos independientes; no existe evidencia oficial para fusionarlos o eliminar uno.
873,01-09-0034-46,01-09-9061-46,San Pedro Sacatepéquez,LICEO INTEGRAL SAMPEDRANO,LICEO INTEGRAL SAMPEDRANO,100.0,7A CALLE 6-18 ZONA 3,VESPERTINA,DIARIO(REGULAR),CONSERVAR,Los códigos MINEDUC son distintos y representan registros administrativos independientes; no existe evidencia oficial para fusionarlos o eliminar uno.
874,01-09-0051-46,01-09-0052-46,San Pedro Sacatepéquez,INED INSTITUTO NACIONAL DE EDUCACIÓN DIVERSIFICADA,INED INSTITUTO NACIONAL DE EDUCACIÓN DIVERSIFICADA,100.0,ALDEA BUENA VISTA,MATUTINA,DIARIO(REGULAR),CONSERVAR,Los códigos MINEDUC son distintos y representan registros administrativos independientes; no existe evidencia oficial para fusionarlos o eliminar uno.
875,13-08-0055-46,13-08-0058-46,San Pedro Soloma,"COLEGIO LICEO TÉCNICO LIBERADOR ""KAROL WOJTILA""","COLEGIO LICEO TÉCNICO LIBERADOR ""KAROL WOJTILA""",100.0,BARRIO COTZAN,DOBLE,FIN DE SEMANA,CONSERVAR,Los códigos MINEDUC son distintos y representan registros administrativos independientes; no existe evidencia oficial para fusionarlos o eliminar uno.
876,13-08-0045-46,13-08-0047-46,San Pedro Soloma,"INSTITUTO PARTICULAR MIXTO INTERCULTURAL ""CIENCIA Y DESARROLLO""",INSTITUTO PARTICULAR MIXTO INTERCULTURAL CIENCIA Y DESARROLLO,100.0,"BARRIO ESQUIPULAS, ZONA 6",DOBLE,FIN DE SEMANA,CONSERVAR,Los códigos MINEDUC son distintos y representan registros administrativos independientes; no existe evidencia oficial para fusionarlos o eliminar uno.
877,13-08-0045-46,13-08-7128-46,San Pedro Soloma,"INSTITUTO PARTICULAR MIXTO INTERCULTURAL ""CIENCIA Y DESARROLLO""",INSTITUTO PARTICULAR MIXTO INTERCULTURAL CIENCIA Y DESARROLLO,100.0,"BARRIO ESQUIPULAS, ZONA 6",DOBLE,FIN DE SEMANA,CONSERVAR,Los códigos MINEDUC son distintos y representan registros administrativos independientes; no existe evidencia oficial para fusionarlos o eliminar uno.
878,13-08-0047-46,13-08-7128-46,San Pedro Soloma,INSTITUTO PARTICULAR MIXTO INTERCULTURAL CIENCIA Y DESARROLLO,INSTITUTO PARTICULAR MIXTO INTERCULTURAL CIENCIA Y DESARROLLO,100.0,BARRIO ESQUIPULAS ZONA 6,DOBLE,FIN DE SEMANA,CONSERVAR,Los códigos MINEDUC son distintos y representan registros administrativos independientes; no existe evidencia oficial para fusionarlos o eliminar uno.
879,04-12-0043-46,04-12-0051-46,San Pedro Yepocapa,INSTITUTO PRIVADO MIXTO ORIZABA,INSTITUTO PRIVADO MIXTO ORIZABA,100.0,PRIMER CANTÓN,DOBLE,FIN DE SEMANA,CONSERVAR,Los códigos MINEDUC son distintos y representan registros administrativos independientes; no existe evidencia oficial para fusionarlos o eliminar uno.
880,12-11-0035-46,12-11-0045-46,San Rafael Pie de la Cuesta,INSTITUTO DE EDUCACIÓN DIVERSIFICADA POR COOPERATIVA,INSTITUTO DE EDUCACIÓN DIVERSIFICADA POR COOPERATIVA,100.0,1RA.AVENIDA ZONA 1,VESPERTINA,DIARIO(REGULAR),CONSERVAR,Los códigos MINEDUC son distintos y representan registros administrativos independientes; no existe evidencia oficial para fusionarlos o eliminar uno.
881,11-02-0043-46,11-02-0044-46,San Sebastián,"COLEGIO PRIVADO MIXTO ""SAN SEBASTIÁN""","COLEGIO PRIVADO MIXTO ""SAN SEBASTIÁN""",100.0,"AVENIDA CENTRAL, CANTON SAMALA 1",DOBLE,FIN DE SEMANA,CONSERVAR,Los códigos MINEDUC son distintos y representan registros administrativos independientes; no existe evidencia oficial para fusionarlos o eliminar uno.
882,11-02-0011-46,11-02-0013-46,San Sebastián,CENTRO EDUCATIVO DE ESTUDIOS INTEGRADOS SAN SEBASTIAN CEEDISS,CENTRO EDUCATIVO DE ESTUDIOS INTEGRADOS SAN SEBASTIAN CEEDISS,100.0,KM. 184 CANTÓN PUCA,DOBLE,FIN DE SEMANA,CONSERVAR,Los códigos MINEDUC son distintos y representan registros administrativos independientes; no existe evidencia oficial para fusionarlos o eliminar uno.
883,13-25-0046-46,13-25-0057-46,San Sebastián Coatan,"COLEGIO PRIVADO MIXTO ""EL PARAÍSO""","COLEGIO PRIVADO MIXTO ""EL PARAÍSO""",100.0,CABECERA MUNICIPAL,MATUTINA,DIARIO(REGULAR),CONSERVAR,Los códigos MINEDUC son distintos y representan registros administrativos independientes; no existe evidencia oficial para fusionarlos o eliminar uno.
884,13-25-0046-46,13-25-0059-46,San Sebastián Coatan,"COLEGIO PRIVADO MIXTO ""EL PARAÍSO""","COLEGIO PRIVADO MIXTO ""EL PARAÍSO""",100.0,CABECERA MUNICIPAL,MATUTINA,DIARIO(REGULAR),CONSERVAR,Los códigos MINEDUC son distintos y representan registros administrativos independientes; no existe evidencia oficial para fusionarlos o eliminar uno.
885,13-25-0057-46,13-25-0059-46,San Sebastián Coatan,"COLEGIO PRIVADO MIXTO ""EL PARAÍSO""","COLEGIO PRIVADO MIXTO ""EL PARAÍSO""",100.0,CABECERA MUNICIPAL,MATUTINA,DIARIO(REGULAR),CONSERVAR,Los códigos MINEDUC son distintos y representan registros administrativos independientes; no existe evidencia oficial para fusionarlos o eliminar uno.
886,13-20-0035-46,13-20-0040-46,San Sebastián Huehuetenango,ASOCIACION DE MAESTROS DE EDUCACION RURAL DE GUATEMALA -AMERG-,ASOCIACIÓN DE MAESTROS DE EDUCACIÓN RURAL DE GUATEMALA -AMERG-,100.0,CABECERA MUNICIPAL,DOBLE,FIN DE SEMANA,CONSERVAR,Los códigos MINEDUC son distintos y representan registros administrativos independientes; no existe evidencia oficial para fusionarlos o eliminar uno.
887,05-12-0006-46,05-12-0030-46,San Vicente Pacaya,INSTITUTO NACIONAL DE EDUCACIÓN DIVERSIFICADA,INSTITUTO NACIONAL DE EDUCACIÓN DIVERSIFICADA,100.0,4A AVENIDA 4-04 CANTÓN LAS FLORES,MATUTINA,DIARIO(REGULAR),CONSERVAR,Los códigos MINEDUC son distintos y representan registros administrativos independientes; no existe evidencia oficial para fusionarlos o eliminar uno.
888,05-12-0028-46,05-12-0035-46,San Vicente Pacaya,COLEGIO INTEGRAL VICENTINO,COLEGIO INTEGRAL VICENTINO,100.0,"8A. CALLE FINAL 6-89, CANTÓN LA FE",DOBLE,FIN DE SEMANA,CONSERVAR,Los códigos MINEDUC son distintos y representan registros administrativos independientes; no existe evidencia oficial para fusionarlos o eliminar uno.
889,05-12-0026-46,05-12-0027-46,San Vicente Pacaya,"LICEO ""FUENTE DE VIDA""","LICEO ""FUENTE DE VIDA""",100.0,COMUNIDAD AGRICOLA SAN NICOLAS,DOBLE,FIN DE SEMANA,CONSERVAR,Los códigos MINEDUC son distintos y representan registros administrativos independientes; no existe evidencia oficial para fusionarlos o eliminar uno.
890,02-07-0024-46,02-07-0691-46,Sanarate,ESCUELA TECNICA CIENCIA APLICADA ESTECA-PC,ESCUELA TECNICA CIENCIA APLICADA ESTECA-PC,100.0,7A. CALLE 3-29 ZONA 4,DOBLE,FIN DE SEMANA,CONSERVAR,Los códigos MINEDUC son distintos y representan registros administrativos independientes; no existe evidencia oficial para fusionarlos o eliminar uno.
891,02-06-0020-46,02-06-0021-46,Sansare,COLEGIO SAGRADO CORAZÓN DE JESÚS Y MARÍA,COLEGIO SAGRADO CORAZÓN DE JESÚS Y MARÍA,100.0,BARRIO PUEBLO ABAJO,DOBLE,FIN DE SEMANA,CONSERVAR,Los códigos MINEDUC son distintos y representan registros administrativos independientes; no existe evidencia oficial para fusionarlos o eliminar uno.
892,02-06-0020-46,02-06-0022-46,Sansare,COLEGIO SAGRADO CORAZÓN DE JESÚS Y MARÍA,COLEGIO SAGRADO CORAZÓN DE JÉSUS Y MARÍA,100.0,BARRIO PUEBLO ABAJO,DOBLE,FIN DE SEMANA,CONSERVAR,Los códigos MINEDUC son distintos y representan registros administrativos independientes; no existe evidencia oficial para fusionarlos o eliminar uno.
893,02-06-0021-46,02-06-0022-46,Sansare,COLEGIO SAGRADO CORAZÓN DE JESÚS Y MARÍA,COLEGIO SAGRADO CORAZÓN DE JÉSUS Y MARÍA,100.0,BARRIO PUEBLO ABAJO,DOBLE,FIN DE SEMANA,CONSERVAR,Los códigos MINEDUC son distintos y representan registros administrativos independientes; no existe evidencia oficial para fusionarlos o eliminar uno.
894,02-06-0004-46,02-06-0006-46,Sansare,INSTITUTO NACIONAL DE EDUCACION DIVERSIFICADA,INSTITUTO NACIONAL DE EDUCACION DIVERSIFICADA,100.0,CABECERA MUNICIPAL,VESPERTINA,DIARIO(REGULAR),CONSERVAR,Los códigos MINEDUC son distintos y representan registros administrativos independientes; no existe evidencia oficial para fusionarlos o eliminar uno.
895,17-07-0044-46,17-07-0045-46,Santa Ana,CENTRO EDUCATIVO INTEGRAL MANANTIAL DE SABIDURIA-CEIMSA-,CENTRO EDUCATIVO INTEGRAL MANANTIAL DE SABIDURIA -CEIMSA-,100.0,5A.AV.ZONA 1 BARRIO EL CENTRO,DOBLE,FIN DE SEMANA,CONSERVAR,Los códigos MINEDUC son distintos y representan registros administrativos independientes; no existe evidencia oficial para fusionarlos o eliminar uno.
896,17-07-0041-46,17-07-0049-46,Santa Ana,COLEGIO CRISTIANO ARBOL DE VIDA,COLEGIO CRISTIANO ARBOL DE VIDA,100.0,ALDEA LOS ANGELES,VESPERTINA,DIARIO(REGULAR),CONSERVAR,Los códigos MINEDUC son distintos y representan registros administrativos independientes; no existe evidencia oficial para fusionarlos o eliminar uno.
897,04-05-0017-46,04-05-0021-46,Santa Apolonia,"LICEO TECNOLÓGICO BILINGÜE ""EL ROBLE""","LICEO TECNOLÓGICO BILINGÜE ""EL ROBLE""",100.0,3ER. CALLEJÓN 2-66 ZONA 1,DOBLE,FIN DE SEMANA,CONSERVAR,Los códigos MINEDUC son distintos y representan registros administrativos independientes; no existe evidencia oficial para fusionarlos o eliminar uno.
898,10-15-0024-46,10-15-0025-46,Santa Bárbara,"CENTRO DE ESTUDIOS COMUNITARIO DE DIVERSIFICADO ""EL ESFUERZO""","CENTRO DE ESTUDIOS COMUNITARIO DE DIVERSIFICADO ""EL ESFUERZO""",100.0,ALDEA EL ESFUERZO,DOBLE,FIN DE SEMANA,CONSERVAR,Los códigos MINEDUC son distintos y representan registros administrativos independientes; no existe evidencia oficial para fusionarlos o eliminar uno.
899,10-15-0024-46,10-15-0028-46,Santa Bárbara,"CENTRO DE ESTUDIOS COMUNITARIO DE DIVERSIFICADO ""EL ESFUERZO""","CENTRO DE ESTUDIOS COMUNITARIO DE DIVERSIFICADO ""EL ESFUERZO""",100.0,ALDEA EL ESFUERZO,DOBLE,FIN DE SEMANA,CONSERVAR,Los códigos MINEDUC son distintos y representan registros administrativos independientes; no existe evidencia oficial para fusionarlos o eliminar uno.
900,10-15-0025-46,10-15-0028-46,Santa Bárbara,"CENTRO DE ESTUDIOS COMUNITARIO DE DIVERSIFICADO ""EL ESFUERZO""","CENTRO DE ESTUDIOS COMUNITARIO DE DIVERSIFICADO ""EL ESFUERZO""",100.0,ALDEA EL ESFUERZO,DOBLE,FIN DE SEMANA,CONSERVAR,Los códigos MINEDUC son distintos y representan registros administrativos independientes; no existe evidencia oficial para fusionarlos o eliminar uno.
901,10-15-0040-46,10-15-0041-46,Santa Bárbara,"COLEGIO PRIVADO MIXTO ""SANTA BARBARA""","COLEGIO PRIVADO MIXTO ""SANTA BARBARA""",100.0,CALLE AL ESTADIO MUNICIPAL,DOBLE,FIN DE SEMANA,CONSERVAR,Los códigos MINEDUC son distintos y representan registros administrativos independientes; no existe evidencia oficial para fusionarlos o eliminar uno.
902,03-16-1315-46,03-16-1442-46,Santa Catarina Barahona,INSTITUTO MUNICIPAL DE EDUCACION BASICA Y BACHILLERATO POR MADUREZ,INSTITUTO MUNICIPAL DE EDUCACION BASICA Y BACHILLERATO POR MADUREZ,100.0,CALLE PRINCIPAL,DOBLE,FIN DE SEMANA,CONSERVAR,Los códigos MINEDUC son distintos y representan registros administrativos independientes; no existe evidencia oficial para fusionarlos o eliminar uno.
903,07-06-0098-46,07-06-0101-46,Santa Catarina Ixtahuacán,"INSTITUTO NACIONAL DE EDUCACIÓN DIVERSIFICADA ""DON PASCUAL TAMBRIZ TZEP""","INSTITUTO NACIONAL DE EDUCACIÓN DIVERSIFICADA ""DON PASCUAL TAMBRIZ TZEP""",100.0,ALDEA LA CEIBA,VESPERTINA,DIARIO(REGULAR),CONSERVAR,Los códigos MINEDUC son distintos y representan registros administrativos independientes; no existe evidencia oficial para fusionarlos o eliminar uno.
904,22-03-0011-46,22-03-0021-46,Santa Catarina Mita,INSTITUTO NACIONAL DE EDUCACION DIVERSIFICADA,INSTITUTO NACIONAL DE EDUCACION DIVERSIFICADA,100.0,BARRIO EL BARREAL,VESPERTINA,DIARIO(REGULAR),CONSERVAR,Los códigos MINEDUC son distintos y representan registros administrativos independientes; no existe evidencia oficial para fusionarlos o eliminar uno.
905,01-02-0012-46,01-02-0036-46,Santa Catarina Pinula,LICEO INTEGRAL DE ENSEÑANZA COMERCIAL -LIEC-,LICEO INTEGRAL DE ENSEÑANZA COMERCIAL -LIEC-,100.0,"SECTOR LOS TRES REYES, LOTE 5""E"" ZONA 7 ALDEA EL PAJÓN",MATUTINA,DIARIO(REGULAR),CONSERVAR,Los códigos MINEDUC son distintos y representan registros administrativos independientes; no existe evidencia oficial para fusionarlos o eliminar uno.
906,14-01-0195-46,14-01-0199-46,Santa Cruz del Quiché,COLEGIO NUESTRA SEÑORA DEL ROSARIO,COLEGIO NUESTRA SEÑORA DEL ROSARIO,100.0,,MATUTINA,DIARIO(REGULAR),CONSERVAR,Los códigos MINEDUC son distintos y representan registros administrativos independientes; no existe evidencia oficial para fusionarlos o eliminar uno.
907,14-01-0181-46,14-01-0242-46,Santa Cruz del Quiché,INSTITUTO PRIVADO MIXTO CIENCIA Y CULTURA,"INSTITUTO PRIVADO MIXTO ""CIENCIA Y CULTURA""",100.0,"1A. CALLE 13-41, ZONA 2",DOBLE,FIN DE SEMANA,CONSERVAR,Los códigos MINEDUC son distintos y representan registros administrativos independientes; no existe evidencia oficial para fusionarlos o eliminar uno.
908,14-01-0181-46,14-01-1137-46,Santa Cruz del Quiché,INSTITUTO PRIVADO MIXTO CIENCIA Y CULTURA,INSTITUTO PRIVADO MIXTO CIENCIA Y CULTURA,100.0,"1A. CALLE 13-41, ZONA 2",DOBLE,FIN DE SEMANA,CONSERVAR,Los códigos MINEDUC son distintos y representan registros administrativos independientes; no existe evidencia oficial para fusionarlos o eliminar uno.
909,14-01-0242-46,14-01-1137-46,Santa Cruz del Quiché,"INSTITUTO PRIVADO MIXTO ""CIENCIA Y CULTURA""",INSTITUTO PRIVADO MIXTO CIENCIA Y CULTURA,100.0,"1A. CALLE 13-41, ZONA 2",DOBLE,FIN DE SEMANA,CONSERVAR,Los códigos MINEDUC son distintos y representan registros administrativos independientes; no existe evidencia oficial para fusionarlos o eliminar uno.
910,13-17-0068-46,13-17-0069-46,Santa Eulalia,LICEO TECNOLÓGICO BILINGÜE GUATEMALAN,LICEO TECNOLÓGICO BILINGÜE GUATEMALAN,100.0,CANTÓN ROSARIO,MATUTINA,DIARIO(REGULAR),CONSERVAR,Los códigos MINEDUC son distintos y representan registros administrativos independientes; no existe evidencia oficial para fusionarlos o eliminar uno.
911,05-02-0238-46,05-02-0239-46,Santa Lucía Cotzumalguapa,COLEGIO CRISTIANO EMMANUEL,COLEGIO CRISTIANO EMMANUEL,100.0,"1A. CALLE LOTE 10 COLONIA EL BILBAO, ZONA 1",VESPERTINA,DIARIO(REGULAR),CONSERVAR,Los códigos MINEDUC son distintos y representan registros administrativos independientes; no existe evidencia oficial para fusionarlos o eliminar uno.
912,05-02-0037-46,05-02-0038-46,Santa Lucía Cotzumalguapa,INSTITUTO DE FORMACIÓN CUALIFICADA (I.F.C.),INSTITUTO DE FORMACIÓN CUALIFICADA (I.F.C.),100.0,2DA. AVENIDA 1-60 ZONA 1,DOBLE,FIN DE SEMANA,CONSERVAR,Los códigos MINEDUC son distintos y representan registros administrativos independientes; no existe evidencia oficial para fusionarlos o eliminar uno.
913,05-02-0068-46,05-02-0069-46,Santa Lucía Cotzumalguapa,"COLEGIO DIOCESANO ""MARÍA AUXILIADORA""","COLEGIO DIOCESANO ""MARÍA AUXILIADORA""",100.0,3A AVENIDA 5-103,VESPERTINA,DIARIO(REGULAR),CONSERVAR,Los códigos MINEDUC son distintos y representan registros administrativos independientes; no existe evidencia oficial para fusionarlos o eliminar uno.
914,05-02-2044-46,05-02-2651-46,Santa Lucía Cotzumalguapa,LICEO PREUNIVERSITARIO DEL SUR,LICEO PREUNIVERSITARIO DEL SUR,100.0,4A. AVENIDA 2-39 ZONA 1,DOBLE,FIN DE SEMANA,CONSERVAR,Los códigos MINEDUC son distintos y representan registros administrativos independientes; no existe evidencia oficial para fusionarlos o eliminar uno.
915,05-02-0110-46,05-02-0242-46,Santa Lucía Cotzumalguapa,LICEO PREUNIVERSITARIO DEL SUR,LICEO PREUNIVERSITARIO DEL SUR,100.0,4A. AVENIDA 2-39 ZONA 1,VESPERTINA,DIARIO(REGULAR),CONSERVAR,Los códigos MINEDUC son distintos y representan registros administrativos independientes; no existe evidencia oficial para fusionarlos o eliminar uno.
916,05-02-0082-46,05-02-0241-46,Santa Lucía Cotzumalguapa,LICEO PREUNIVERSITARIO DEL SUR,LICEO PREUNIVERSITARIO DEL SUR,100.0,4A. AVENIDA 2-39 ZONA 1,MATUTINA,DIARIO(REGULAR),CONSERVAR,Los códigos MINEDUC son distintos y representan registros administrativos independientes; no existe evidencia oficial para fusionarlos o eliminar uno.
917,05-02-0082-46,05-02-2572-46,Santa Lucía Cotzumalguapa,LICEO PREUNIVERSITARIO DEL SUR,LICEO PREUNIVERSITARIO DEL SUR,100.0,4A. AVENIDA 2-39 ZONA 1,MATUTINA,DIARIO(REGULAR),CONSERVAR,Los códigos MINEDUC son distintos y representan registros administrativos independientes; no existe evidencia oficial para fusionarlos o eliminar uno.
918,05-02-0241-46,05-02-2572-46,Santa Lucía Cotzumalguapa,LICEO PREUNIVERSITARIO DEL SUR,LICEO PREUNIVERSITARIO DEL SUR,100.0,4A. AVENIDA 2-39 ZONA 1,MATUTINA,DIARIO(REGULAR),CONSERVAR,Los códigos MINEDUC son distintos y representan registros administrativos independientes; no existe evidencia oficial para fusionarlos o eliminar uno.
919,05-02-0227-46,05-02-0234-46,Santa Lucía Cotzumalguapa,INSTITUTO PRIVADO MIXTO DE EDUCACION DIVERSIFICADA COLEGIO EVANGELICO 'BETHEL',INSTITUTO PRIVADO MIXTO DE EDUCACION DIVERSIFICADA COLEGIO EVANGELICO 'BETHEL',100.0,4A CALLE 4-59 ZONA 1,NOCTURNA,DIARIO(REGULAR),CONSERVAR,Los códigos MINEDUC son distintos y representan registros administrativos independientes; no existe evidencia oficial para fusionarlos o eliminar uno.
920,05-02-0032-46,05-02-0047-46,Santa Lucía Cotzumalguapa,COLEGIO PARTICULAR MIXTO SAGRADO CORAZÓN,COLEGIO PARTICULAR MIXTO SAGRADO CORAZÓN,100.0,"4TA. AVENIDA NORTE 1RA. CALLE ""A"" LOTIFICACIÓN EL BILBAO",DOBLE,DIARIO(REGULAR),CONSERVAR,Los códigos MINEDUC son distintos y representan registros administrativos independientes; no existe evidencia oficial para fusionarlos o eliminar uno.
921,05-02-0080-46,05-02-0090-46,Santa Lucía Cotzumalguapa,COLEGIO PARTICULAR MIXTO SAGRADO CORAZÓN,COLEGIO PARTICULAR MIXTO SAGRADO CORAZÓN,100.0,"4TA. AVENIDA NORTE 1RA. CALLE ""A"" LOTIFICACIÓN EL BILBAO",MATUTINA,DIARIO(REGULAR),CONSERVAR,Los códigos MINEDUC son distintos y representan registros administrativos independientes; no existe evidencia oficial para fusionarlos o eliminar uno.
922,05-02-0080-46,05-02-0091-46,Santa Lucía Cotzumalguapa,COLEGIO PARTICULAR MIXTO SAGRADO CORAZÓN,COLEGIO PARTICULAR MIXTO SAGRADO CORAZÓN,100.0,"4TA. AVENIDA NORTE 1RA. CALLE ""A"" LOTIFICACIÓN EL BILBAO",MATUTINA,DIARIO(REGULAR),CONSERVAR,Los códigos MINEDUC son distintos y representan registros administrativos independientes; no existe evidencia oficial para fusionarlos o eliminar uno.
923,05-02-0080-46,05-02-0092-46,Santa Lucía Cotzumalguapa,COLEGIO PARTICULAR MIXTO SAGRADO CORAZÓN,COLEGIO PARTICULAR MIXTO SAGRADO CORAZÓN,100.0,"4TA. AVENIDA NORTE 1RA. CALLE ""A"" LOTIFICACIÓN EL BILBAO",MATUTINA,DIARIO(REGULAR),CONSERVAR,Los códigos MINEDUC son distintos y representan registros administrativos independientes; no existe evidencia oficial para fusionarlos o eliminar uno.
924,05-02-0080-46,05-02-0093-46,Santa Lucía Cotzumalguapa,COLEGIO PARTICULAR MIXTO SAGRADO CORAZÓN,COLEGIO PARTICULAR MIXTO SAGRADO CORAZÓN,100.0,"4TA. AVENIDA NORTE 1RA. CALLE ""A"" LOTIFICACIÓN EL BILBAO",MATUTINA,DIARIO(REGULAR),CONSERVAR,Los códigos MINEDUC son distintos y representan registros administrativos independientes; no existe evidencia oficial para fusionarlos o eliminar uno.
925,05-02-0080-46,05-02-2402-46,Santa Lucía Cotzumalguapa,COLEGIO PARTICULAR MIXTO SAGRADO CORAZÓN,COLEGIO PARTICULAR MIXTO SAGRADO CORAZÓN,100.0,"4TA. AVENIDA NORTE 1RA. CALLE ""A"" LOTIFICACIÓN EL BILBAO",MATUTINA,DIARIO(REGULAR),CONSERVAR,Los códigos MINEDUC son distintos y representan registros administrativos independientes; no existe evidencia oficial para fusionarlos o eliminar uno.
926,05-02-0090-46,05-02-0091-46,Santa Lucía Cotzumalguapa,COLEGIO PARTICULAR MIXTO SAGRADO CORAZÓN,COLEGIO PARTICULAR MIXTO SAGRADO CORAZÓN,100.0,"4TA. AVENIDA NORTE 1RA. CALLE ""A"" LOTIFICACIÓN EL BILBAO",MATUTINA,DIARIO(REGULAR),CONSERVAR,Los códigos MINEDUC son distintos y representan registros administrativos independientes; no existe evidencia oficial para fusionarlos o eliminar uno.
927,05-02-0090-46,05-02-0092-46,Santa Lucía Cotzumalguapa,COLEGIO PARTICULAR MIXTO SAGRADO CORAZÓN,COLEGIO PARTICULAR MIXTO SAGRADO CORAZÓN,100.0,"4TA. AVENIDA NORTE 1RA. CALLE ""A"" LOTIFICACIÓN EL BILBAO",MATUTINA,DIARIO(REGULAR),CONSERVAR,Los códigos MINEDUC son distintos y representan registros administrativos independientes; no existe evidencia oficial para fusionarlos o eliminar uno.
928,05-02-0090-46,05-02-0093-46,Santa Lucía Cotzumalguapa,COLEGIO PARTICULAR MIXTO SAGRADO CORAZÓN,COLEGIO PARTICULAR MIXTO SAGRADO CORAZÓN,100.0,"4TA. AVENIDA NORTE 1RA. CALLE ""A"" LOTIFICACIÓN EL BILBAO",MATUTINA,DIARIO(REGULAR),CONSERVAR,Los códigos MINEDUC son distintos y representan registros administrativos independientes; no existe evidencia oficial para fusionarlos o eliminar uno.
929,05-02-0090-46,05-02-2402-46,Santa Lucía Cotzumalguapa,COLEGIO PARTICULAR MIXTO SAGRADO CORAZÓN,COLEGIO PARTICULAR MIXTO SAGRADO CORAZÓN,100.0,"4TA. AVENIDA NORTE 1RA. CALLE ""A"" LOTIFICACIÓN EL BILBAO",MATUTINA,DIARIO(REGULAR),CONSERVAR,Los códigos MINEDUC son distintos y representan registros administrativos independientes; no existe evidencia oficial para fusionarlos o eliminar uno.
930,05-02-0091-46,05-02-0092-46,Santa Lucía Cotzumalguapa,COLEGIO PARTICULAR MIXTO SAGRADO CORAZÓN,COLEGIO PARTICULAR MIXTO SAGRADO CORAZÓN,100.0,"4TA. AVENIDA NORTE 1RA. CALLE ""A"" LOTIFICACIÓN EL BILBAO",MATUTINA,DIARIO(REGULAR),CONSERVAR,Los códigos MINEDUC son distintos y representan registros administrativos independientes; no existe evidencia oficial para fusionarlos o eliminar uno.
931,05-02-0091-46,05-02-0093-46,Santa Lucía Cotzumalguapa,COLEGIO PARTICULAR MIXTO SAGRADO CORAZÓN,COLEGIO PARTICULAR MIXTO SAGRADO CORAZÓN,100.0,"4TA. AVENIDA NORTE 1RA. CALLE ""A"" LOTIFICACIÓN EL BILBAO",MATUTINA,DIARIO(REGULAR),CONSERVAR,Los códigos MINEDUC son distintos y representan registros administrativos independientes; no existe evidencia oficial para fusionarlos o eliminar uno.
932,05-02-0091-46,05-02-2402-46,Santa Lucía Cotzumalguapa,COLEGIO PARTICULAR MIXTO SAGRADO CORAZÓN,COLEGIO PARTICULAR MIXTO SAGRADO CORAZÓN,100.0,"4TA. AVENIDA NORTE 1RA. CALLE ""A"" LOTIFICACIÓN EL BILBAO",MATUTINA,DIARIO(REGULAR),CONSERVAR,Los códigos MINEDUC son distintos y representan registros administrativos independientes; no existe evidencia oficial para fusionarlos o eliminar uno.
933,05-02-0092-46,05-02-0093-46,Santa Lucía Cotzumalguapa,COLEGIO PARTICULAR MIXTO SAGRADO CORAZÓN,COLEGIO PARTICULAR MIXTO SAGRADO CORAZÓN,100.0,"4TA. AVENIDA NORTE 1RA. CALLE ""A"" LOTIFICACIÓN EL BILBAO",MATUTINA,DIARIO(REGULAR),CONSERVAR,Los códigos MINEDUC son distintos y representan registros administrativos independientes; no existe evidencia oficial para fusionarlos o eliminar uno.
934,05-02-0092-46,05-02-2402-46,Santa Lucía Cotzumalguapa,COLEGIO PARTICULAR MIXTO SAGRADO CORAZÓN,COLEGIO PARTICULAR MIXTO SAGRADO CORAZÓN,100.0,"4TA. AVENIDA NORTE 1RA. CALLE ""A"" LOTIFICACIÓN EL BILBAO",MATUTINA,DIARIO(REGULAR),CONSERVAR,Los códigos MINEDUC son distintos y representan registros administrativos independientes; no existe evidencia oficial para fusionarlos o eliminar uno.
935,05-02-0093-46,05-02-2402-46,Santa Lucía Cotzumalguapa,COLEGIO PARTICULAR MIXTO SAGRADO CORAZÓN,COLEGIO PARTICULAR MIXTO SAGRADO CORAZÓN,100.0,"4TA. AVENIDA NORTE 1RA. CALLE ""A"" LOTIFICACIÓN EL BILBAO",MATUTINA,DIARIO(REGULAR),CONSERVAR,Los códigos MINEDUC son distintos y representan registros administrativos independientes; no existe evidencia oficial para fusionarlos o eliminar uno.
936,05-02-0144-46,05-02-0145-46,Santa Lucía Cotzumalguapa,COLEGIO MIXTO BELÉN,COLEGIO MIXTO BELÉN,100.0,5A AVENIDA 4-65 ZONA 1,DOBLE,FIN DE SEMANA,CONSERVAR,Los códigos MINEDUC son distintos y representan registros administrativos independientes; no existe evidencia oficial para fusionarlos o eliminar uno.
937,05-02-0141-46,05-02-0142-46,Santa Lucía Cotzumalguapa,CENTRO EDUCATIVO LUCIANO CAMPO REAL,CENTRO EDUCATIVO LUCIANO CAMPO REAL,100.0,5A AVENIDA 4-65 ZONA 1,MATUTINA,DIARIO(REGULAR),CONSERVAR,Los códigos MINEDUC son distintos y representan registros administrativos independientes; no existe evidencia oficial para fusionarlos o eliminar uno.
938,05-02-0065-46,05-02-0135-46,Santa Lucía Cotzumalguapa,INSTITUTO PARTICULAR MIXTO SAN ANTONIO,INSTITUTO PARTICULAR MIXTO SAN ANTONIO,100.0,5TA AVENIDA 4-65 ZONA 1,DOBLE,DIARIO(REGULAR),CONSERVAR,Los códigos MINEDUC son distintos y representan registros administrativos independientes; no existe evidencia oficial para fusionarlos o eliminar uno.
939,05-02-0085-46,05-02-0086-46,Santa Lucía Cotzumalguapa,INSTITUTO PARTICULAR MIXTO SAN ANTONIO,INSTITUTO PARTICULAR MIXTO SAN ANTONIO,100.0,5TA AVENIDA 4-65 ZONA 1,VESPERTINA,DIARIO(REGULAR),CONSERVAR,Los códigos MINEDUC son distintos y representan registros administrativos independientes; no existe evidencia oficial para fusionarlos o eliminar uno.
940,05-02-0085-46,05-02-0087-46,Santa Lucía Cotzumalguapa,INSTITUTO PARTICULAR MIXTO SAN ANTONIO,INSTITUTO PARTICULAR MIXTO SAN ANTONIO,100.0,5TA AVENIDA 4-65 ZONA 1,VESPERTINA,DIARIO(REGULAR),CONSERVAR,Los códigos MINEDUC son distintos y representan registros administrativos independientes; no existe evidencia oficial para fusionarlos o eliminar uno.
941,05-02-0085-46,05-02-0088-46,Santa Lucía Cotzumalguapa,INSTITUTO PARTICULAR MIXTO SAN ANTONIO,INSTITUTO PARTICULAR MIXTO SAN ANTONIO,100.0,5TA AVENIDA 4-65 ZONA 1,VESPERTINA,DIARIO(REGULAR),CONSERVAR,Los códigos MINEDUC son distintos y representan registros administrativos independientes; no existe evidencia oficial para fusionarlos o eliminar uno.
942,05-02-0085-46,05-02-0134-46,Santa Lucía Cotzumalguapa,INSTITUTO PARTICULAR MIXTO SAN ANTONIO,INSTITUTO PARTICULAR MIXTO SAN ANTONIO,100.0,5TA AVENIDA 4-65 ZONA 1,VESPERTINA,DIARIO(REGULAR),CONSERVAR,Los códigos MINEDUC son distintos y representan registros administrativos independientes; no existe evidencia oficial para fusionarlos o eliminar uno.
943,05-02-0086-46,05-02-0087-46,Santa Lucía Cotzumalguapa,INSTITUTO PARTICULAR MIXTO SAN ANTONIO,INSTITUTO PARTICULAR MIXTO SAN ANTONIO,100.0,5TA AVENIDA 4-65 ZONA 1,VESPERTINA,DIARIO(REGULAR),CONSERVAR,Los códigos MINEDUC son distintos y representan registros administrativos independientes; no existe evidencia oficial para fusionarlos o eliminar uno.
944,05-02-0086-46,05-02-0088-46,Santa Lucía Cotzumalguapa,INSTITUTO PARTICULAR MIXTO SAN ANTONIO,INSTITUTO PARTICULAR MIXTO SAN ANTONIO,100.0,5TA AVENIDA 4-65 ZONA 1,VESPERTINA,DIARIO(REGULAR),CONSERVAR,Los códigos MINEDUC son distintos y representan registros administrativos independientes; no existe evidencia oficial para fusionarlos o eliminar uno.
945,05-02-0086-46,05-02-0134-46,Santa Lucía Cotzumalguapa,INSTITUTO PARTICULAR MIXTO SAN ANTONIO,INSTITUTO PARTICULAR MIXTO SAN ANTONIO,100.0,5TA AVENIDA 4-65 ZONA 1,VESPERTINA,DIARIO(REGULAR),CONSERVAR,Los códigos MINEDUC son distintos y representan registros administrativos independientes; no existe evidencia oficial para fusionarlos o eliminar uno.
946,05-02-0087-46,05-02-0088-46,Santa Lucía Cotzumalguapa,INSTITUTO PARTICULAR MIXTO SAN ANTONIO,INSTITUTO PARTICULAR MIXTO SAN ANTONIO,100.0,5TA AVENIDA 4-65 ZONA 1,VESPERTINA,DIARIO(REGULAR),CONSERVAR,Los códigos MINEDUC son distintos y representan registros administrativos independientes; no existe evidencia oficial para fusionarlos o eliminar uno.
947,05-02-0087-46,05-02-0134-46,Santa Lucía Cotzumalguapa,INSTITUTO PARTICULAR MIXTO SAN ANTONIO,INSTITUTO PARTICULAR MIXTO SAN ANTONIO,100.0,5TA AVENIDA 4-65 ZONA 1,VESPERTINA,DIARIO(REGULAR),CONSERVAR,Los códigos MINEDUC son distintos y representan registros administrativos independientes; no existe evidencia oficial para fusionarlos o eliminar uno.
948,05-02-0088-46,05-02-0134-46,Santa Lucía Cotzumalguapa,INSTITUTO PARTICULAR MIXTO SAN ANTONIO,INSTITUTO PARTICULAR MIXTO SAN ANTONIO,100.0,5TA AVENIDA 4-65 ZONA 1,VESPERTINA,DIARIO(REGULAR),CONSERVAR,Los códigos MINEDUC son distintos y representan registros administrativos independientes; no existe evidencia oficial para fusionarlos o eliminar uno.
949,05-02-0044-46,05-02-0220-46,Santa Lucía Cotzumalguapa,COLEGIO MIXTO COTZUMALGUAPA,"""COLEGIO MIXTO COTZUMALGUAPA""",100.0,CALZADA 15 DE SEPTIEMBRE 5-250,VESPERTINA,DIARIO(REGULAR),CONSERVAR,Los códigos MINEDUC son distintos y representan registros administrativos independientes; no existe evidencia oficial para fusionarlos o eliminar uno.
950,05-02-0043-46,05-02-1878-46,Santa Lucía Cotzumalguapa,COLEGIO MIXTO COTZUMALGUAPA,"""COLEGIO MIXTO COTZUMALGUAPA""",100.0,CALZADA 15 DE SEPTIEMBRE 5-250,MATUTINA,DIARIO(REGULAR),CONSERVAR,Los códigos MINEDUC son distintos y representan registros administrativos independientes; no existe evidencia oficial para fusionarlos o eliminar uno.
951,05-02-0232-46,05-02-0265-46,Santa Lucía Cotzumalguapa,INSTITUTO TECNOLÓGICO PROESUR,INSTITUTO TECNOLÓGICO PROESUR,100.0,KM 92.5 CARRETERA A MAZATENANGO,MATUTINA,DIARIO(REGULAR),CONSERVAR,Los códigos MINEDUC son distintos y representan registros administrativos independientes; no existe evidencia oficial para fusionarlos o eliminar uno.
952,03-09-0021-46,03-09-0022-46,Santa Lucía Milpas Altas,LICEO SANTA LUCIA,LICEO SANTA LUCIA,100.0,6A. AVENIDA 1-15 ZONA 1,DOBLE,FIN DE SEMANA,CONSERVAR,Los códigos MINEDUC son distintos y representan registros administrativos independientes; no existe evidencia oficial para fusionarlos o eliminar uno.
953,03-09-0056-46,03-09-0057-46,Santa Lucía Milpas Altas,CENTRO EDUCATIVO BILINGUE FASE,CENTRO EDUCATIVO BILINGUE FASE,100.0,"KILOMETRO 31.5 LOTE 23 ZONA 0, ALDEA LA LIBERTAD",MATUTINA,VIRTUAL A DISTANCIA,CONSERVAR,Los códigos MINEDUC son distintos y representan registros administrativos independientes; no existe evidencia oficial para fusionarlos o eliminar uno.
954,03-09-0003-46,03-09-0008-46,Santa Lucía Milpas Altas,INSTITUTO MIXTO MUNICIPAL DE EDUCACION DIVERSIFICADO,INSTITUTO MIXTO MUNICIPAL DE EDUCACION DIVERSIFICADO,100.0,SEGUNDA AVENIDA Y TERCERA CALLE ZONA 1,MATUTINA,DIARIO(REGULAR),CONSERVAR,Los códigos MINEDUC son distintos y representan registros administrativos independientes; no existe evidencia oficial para fusionarlos o eliminar uno.
955,07-04-0042-46,07-04-0091-46,Santa Lucía Utatlán,ESCUELA NORMAL REGIONAL DE OCCIDENTE,ESCUELA NORMAL REGIONAL DE OCCIDENTE,100.0,"CASERIO CIENAGA GRANDE, DEL CANTON CHUCHEXIC",DOBLE,DIARIO(REGULAR),CONSERVAR,Los códigos MINEDUC son distintos y representan registros administrativos independientes; no existe evidencia oficial para fusionarlos o eliminar uno.
956,07-03-0006-46,07-03-0010-46,Santa María Visitación,INSTITUTO PRIVADO LA SALLE,INSTITUTO PRIVADO LA SALLE,100.0,SECTOR LA SALLE,MATUTINA,DIARIO(REGULAR),CONSERVAR,Los códigos MINEDUC son distintos y representan registros administrativos independientes; no existe evidencia oficial para fusionarlos o eliminar uno.
957,13-30-0017-46,13-30-0018-46,Santiago Chimaltenango,"COLEGIO INTERCULTURAL PRIVADO MIXTO ""CIENCIA APLICADA""","COLEGIO INTERCULTURAL PRIVADO MIXTO ""CIENCIA APLICADA""",100.0,CABECERA MUNICIPAL,DOBLE,FIN DE SEMANA,CONSERVAR,Los códigos MINEDUC son distintos y representan registros administrativos independientes; no existe evidencia oficial para fusionarlos o eliminar uno.
958,03-06-1374-46,03-06-1375-46,Santiago Sacatepéquez,INSTITUTO MIXTO LOMA LINDA,INSTITUTO MIXTO LOMA LINDA,100.0,,DOBLE,FIN DE SEMANA,CONSERVAR,Los códigos MINEDUC son distintos y representan registros administrativos independientes; no existe evidencia oficial para fusionarlos o eliminar uno.
959,03-06-0015-46,03-06-0016-46,Santiago Sacatepéquez,CENTRO EDUCATIVO LICEO EL CARMEN,CENTRO EDUCATIVO LICEO EL CARMEN,100.0,2A. CALLE 2-21 ZONA 2,DOBLE,FIN DE SEMANA,CONSERVAR,Los códigos MINEDUC son distintos y representan registros administrativos independientes; no existe evidencia oficial para fusionarlos o eliminar uno.
960,03-05-0023-46,03-05-0024-46,Santo Domingo Xenacoj,COLEGIO LICEO CLASICO MIXTO EN COMPUTACION GUATEMALTECO,COLEGIO LICEO CLASICO MIXTO EN COMPUTACION GUATEMALTECO,100.0,0 CALLE 3-45 ZONA 1,DOBLE,FIN DE SEMANA,CONSERVAR,Los códigos MINEDUC son distintos y representan registros administrativos independientes; no existe evidencia oficial para fusionarlos o eliminar uno.
961,10-17-2328-46,10-17-2471-46,Santo Tomás la Unión,COLEGIO PRIVADO MIXTO ELIM,COLEGIO PRIVADO MIXTO 'ELIM',100.0,2A. CALLE 6-35 ZONA 1,DOBLE,FIN DE SEMANA,CONSERVAR,Los códigos MINEDUC son distintos y representan registros administrativos independientes; no existe evidencia oficial para fusionarlos o eliminar uno.
962,17-10-0271-46,17-10-0272-46,Sayaxché,COLEGIO MIXTO PRIVADO STEVE JOVS,COLEGIO MIXTO PRIVADO STEVE JOVS,100.0,ALDEA EL PATO,DOBLE,FIN DE SEMANA,CONSERVAR,Los códigos MINEDUC son distintos y representan registros administrativos independientes; no existe evidencia oficial para fusionarlos o eliminar uno.
963,17-10-0346-46,17-10-0347-46,Sayaxché,INSTITUTO PRIVADO MIXTO LA REINITA,INSTITUTO PRIVADO MIXTO LA REINITA,100.0,ALDEA LA REINITA,DOBLE,FIN DE SEMANA,CONSERVAR,Los códigos MINEDUC son distintos y representan registros administrativos independientes; no existe evidencia oficial para fusionarlos o eliminar uno.
964,17-10-0249-46,17-10-0250-46,Sayaxché,COLEGIO PRIVADO MIXTO JACOBO ARBENZ GUZMAN,COLEGIO PRIVADO MIXTO JACOBO ARBENZ GUZMAN,100.0,ALDEA LAS POZAS,DOBLE,FIN DE SEMANA,CONSERVAR,Los códigos MINEDUC son distintos y representan registros administrativos independientes; no existe evidencia oficial para fusionarlos o eliminar uno.
965,17-10-0273-46,17-10-0274-46,Sayaxché,CENTRO EDUCATIVO PRIVADO MIXTO VISION INTEGRAL- CEVI-,CENTRO EDUCATIVO PRIVADO MIXTO VISION INTEGRAL -CEVI-,100.0,ALDEA LAS POZAS,DOBLE,FIN DE SEMANA,CONSERVAR,Los códigos MINEDUC son distintos y representan registros administrativos independientes; no existe evidencia oficial para fusionarlos o eliminar uno.
966,17-10-0207-46,17-10-0248-46,Sayaxché,"COLEGIO PRIVADO MIXTO ""JACOBO ARBENZ GUZMAN""","COLEGIO PRIVADO MIXTO ""JACOBO ARBENZ GUZMAN""",100.0,ALDEA LAS POZAS,VESPERTINA,DIARIO(REGULAR),CONSERVAR,Los códigos MINEDUC son distintos y representan registros administrativos independientes; no existe evidencia oficial para fusionarlos o eliminar uno.
967,17-10-0284-46,17-10-0337-46,Sayaxché,CENTRO EDUCATIVO PRIVADO MIXTO VISION INTEGRAL-CEVI-,CENTRO EDUCATIVO PRIVADO MIXTO VISION INTEGRAL - CEVI-,100.0,ALDEA LAS POZAS,VESPERTINA,DIARIO(REGULAR),CONSERVAR,Los códigos MINEDUC son distintos y representan registros administrativos independientes; no existe evidencia oficial para fusionarlos o eliminar uno.
968,17-10-0015-46,17-10-0252-46,Sayaxché,INSTITUTO PARTICULAR MIXTO PLAN FIN DE SEMANA LICENCIADO VALENTIN DEL VALLE GONGORA,"INSTITUTO PARTICULAR MIXTO, PLAN FIN DE SEMANA, LICENCIADO VALENTIN DEL VALLE GONGORA""",100.0,ALDEA RANCHO ALEGRE,DOBLE,FIN DE SEMANA,CONSERVAR,Los códigos MINEDUC son distintos y representan registros administrativos independientes; no existe evidencia oficial para fusionarlos o eliminar uno.
969,17-10-0184-46,17-10-0186-46,Sayaxché,INSTITUTO PRIVADO VESPERTINO PROF. JOSE OTILIO FLORES CARBAJAL,INSTITUTO PRIVADO VESPERTINO PROF. JOSE OTILIO FLORES CARBAJAL,100.0,ALDEA TIERRA BLANCA,DOBLE,FIN DE SEMANA,CONSERVAR,Los códigos MINEDUC son distintos y representan registros administrativos independientes; no existe evidencia oficial para fusionarlos o eliminar uno.
970,17-10-0353-46,17-10-0354-46,Sayaxché,COLEGIO DE CIENCIAS COMERCIALES SAN ANTONIO DE PADUA,COLEGIO DE CIENCIAS COMERCIALES SAN ANTONIO DE PADUA,100.0,BARRIO EL CENTRO,DOBLE,FIN DE SEMANA,CONSERVAR,Los códigos MINEDUC son distintos y representan registros administrativos independientes; no existe evidencia oficial para fusionarlos o eliminar uno.
971,17-10-3566-46,17-10-3696-46,Sayaxché,INSTITUTO PRIVADO MIXTO PROF. JOSE OTILIO FLORES CARBAJAL,INSTITUTO PRIVADO MIXTO PROF. JOSE OTILIO FLORES CARBAJAL,100.0,BARRIO EL CENTRO,DOBLE,FIN DE SEMANA,CONSERVAR,Los códigos MINEDUC son distintos y representan registros administrativos independientes; no existe evidencia oficial para fusionarlos o eliminar uno.
972,17-10-0178-46,17-10-0512-46,Sayaxché,"ESCUELA DE CIENCIAS COMERCIALES ""SAN ANTONIO DE PADUA""",ESC. DE CIENCIAS COMERCIALES SAN ANTONIO DE PADUA,96.0,BARRIO EL CENTRO,VESPERTINA,DIARIO(REGULAR),CONSERVAR,Los códigos MINEDUC son distintos y representan registros administrativos independientes; no existe evidencia oficial para fusionarlos o eliminar uno.
973,12-26-0053-46,12-26-0054-46,Sipacapa,"""COLEGIO DE ESTUDIOS SUPERIORES SIPACAPA"" -CESS-","""COLEGIO DE ESTUDIOS SUPERIORES SIPACAPA"" -CESS-",100.0,1RA. AVENIDA Y 2DA. CALLE ZONA 1,DOBLE,FIN DE SEMANA,CONSERVAR,Los códigos MINEDUC son distintos y representan registros administrativos independientes; no existe evidencia oficial para fusionarlos o eliminar uno.
974,05-04-0027-46,05-04-0036-46,Siquinalá,INSTITUTO MIXTO MUNICIPAL DE EDUCACION BASICA Y BACHILLERATO POR MADUREZ,INSTITUTO MIXTO MUNICIPAL DE EDUCACIÓN BÁSICA Y BACHILLERATO POR MADUREZ,100.0,COLONIA TIERRA VERDE,DOBLE,FIN DE SEMANA,CONSERVAR,Los códigos MINEDUC son distintos y representan registros administrativos independientes; no existe evidencia oficial para fusionarlos o eliminar uno.
975,07-01-0172-46,07-01-2794-46,Sololá,CENTRO EDUCATIVO INTERCULTURAL PARA EL DESARROLLO COMUNITARIO CEIDECO,CENTRO EDUCATIVO INTERCULTURAL PARA EL DESARROLLO COMUNITARIO CEIDECO,100.0,5A. AVENIDA 2-28 ZONA 1 BARRIO SAN ANTONIO,DOBLE,FIN DE SEMANA,CONSERVAR,Los códigos MINEDUC son distintos y representan registros administrativos independientes; no existe evidencia oficial para fusionarlos o eliminar uno.
976,07-01-0151-46,07-01-0152-46,Sololá,LICEO PROFESIONAL LAS AMERICAS,"LICEO PROFESIONAL ""LAS AMERICAS""",100.0,CASERIO CENTRAL CANTON EL TABLON,DOBLE,FIN DE SEMANA,CONSERVAR,Los códigos MINEDUC son distintos y representan registros administrativos independientes; no existe evidencia oficial para fusionarlos o eliminar uno.
977,07-01-0121-46,07-01-0149-46,Sololá,CENTRO EDUCATIVO DE FORMACIÓN PROFESIONAL -CEFPRO-,CENTRO EDUCATIVO DE FORMACION PROFESIONAL CEFPRO,100.0,"CASERÍO COXOM, ALDEA SAN JUAN ARGUETA",DOBLE,FIN DE SEMANA,CONSERVAR,Los códigos MINEDUC son distintos y representan registros administrativos independientes; no existe evidencia oficial para fusionarlos o eliminar uno.
978,03-04-0005-46,03-04-0026-46,Sumpango,CENTRO EDUCATIVO TERRA MAYA EMANUEL TEM,CENTRO EDUCATIVO TERRA MAYA EMANUEL TEM,100.0,0 CALLE 9-33 ZONA 3,DOBLE,FIN DE SEMANA,CONSERVAR,Los códigos MINEDUC son distintos y representan registros administrativos independientes; no existe evidencia oficial para fusionarlos o eliminar uno.
979,03-04-0005-46,03-04-0060-46,Sumpango,CENTRO EDUCATIVO TERRA MAYA EMANUEL TEM,CENTRO EDUCATIVO TERRA MAYA EMANUEL TEM,100.0,0 CALLE 9-33 ZONA 3,DOBLE,FIN DE SEMANA,CONSERVAR,Los códigos MINEDUC son distintos y representan registros administrativos independientes; no existe evidencia oficial para fusionarlos o eliminar uno.
980,03-04-0026-46,03-04-0060-46,Sumpango,CENTRO EDUCATIVO TERRA MAYA EMANUEL TEM,CENTRO EDUCATIVO TERRA MAYA EMANUEL TEM,100.0,0 CALLE 9-33 ZONA 3,DOBLE,FIN DE SEMANA,CONSERVAR,Los códigos MINEDUC son distintos y representan registros administrativos independientes; no existe evidencia oficial para fusionarlos o eliminar uno.
981,12-07-0205-46,12-07-0225-46,Tacaná,"COLEGIO CRISTIANO BILINGUE ""BLUE-SKY""","COLEGIO CRISTIANO BILINGUE ""BLUE-SKY""",100.0,1RA.AVENIDA ZONA 1,MATUTINA,DIARIO(REGULAR),CONSERVAR,Los códigos MINEDUC son distintos y representan registros administrativos independientes; no existe evidencia oficial para fusionarlos o eliminar uno.
982,12-07-0233-46,12-07-0258-46,Tacaná,"COLEGIO EVANGÉLICO C.A. ""ALFA Y OMEGA""","COLEGIO EVANGELICO C.A. ""ALFA Y OMEGA""",100.0,"2DA. AVENIDA, ZONA 2",VESPERTINA,DIARIO(REGULAR),CONSERVAR,Los códigos MINEDUC son distintos y representan registros administrativos independientes; no existe evidencia oficial para fusionarlos o eliminar uno.
983,12-07-0213-46,12-07-0214-46,Tacaná,"INSTITUTO TECNOLÓGICO ""ESPERANZA""","INSTITUTO TECNOLÓGICO ""ESPERANZA""",100.0,"CANTÓN LA ESPERANZA, ALDEA TUICOCHE",DOBLE,FIN DE SEMANA,CONSERVAR,Los códigos MINEDUC son distintos y representan registros administrativos independientes; no existe evidencia oficial para fusionarlos o eliminar uno.
984,04-06-0636-46,04-06-2678-46,Tecpán Guatemala,INSTITUTO PARTICULAR MIXTO TECPANECO DE EDUCACION MEDIA,INSTITUTO PARTICULAR MIXTO TECPANECO DE EDUCACION MEDIA,100.0,1 CALLE 2-39 ZONA 4.,DOBLE,FIN DE SEMANA,CONSERVAR,Los códigos MINEDUC son distintos y representan registros administrativos independientes; no existe evidencia oficial para fusionarlos o eliminar uno.
985,04-06-3151-46,04-06-3152-46,Tecpán Guatemala,COLEGIO EVANGELICO ISRAEL,COLEGIO EVANGELICO ISRAEL,100.0,1A. CALLE 2-39 ZONA 4,DOBLE,FIN DE SEMANA,CONSERVAR,Los códigos MINEDUC son distintos y representan registros administrativos independientes; no existe evidencia oficial para fusionarlos o eliminar uno.
986,04-06-0067-46,04-06-0071-46,Tecpán Guatemala,"CENTRO EDUCATIVO ""RUNAWAL B'ALAM YA'""","CENTRO EDUCATIVO ""RUNAWAL B'ALAM YA'""",100.0,"1A. CALLE 5-75 ZONA 4, BARRIO SAN ANTONIO",MATUTINA,DIARIO(REGULAR),CONSERVAR,Los códigos MINEDUC son distintos y representan registros administrativos independientes; no existe evidencia oficial para fusionarlos o eliminar uno.
987,04-06-0083-46,04-06-2903-46,Tecpán Guatemala,CENTRO DE FORMACIÓN TURÍSTICA E INFORMÁTICA LICEO TECPÁN,CENTRO DE FORMACIÓN TURÍSTICA E INFORMÁTICA LICEO TECPÁN,100.0,2A. CALLE 4-43 ZONA 3,VESPERTINA,DIARIO(REGULAR),CONSERVAR,Los códigos MINEDUC son distintos y representan registros administrativos independientes; no existe evidencia oficial para fusionarlos o eliminar uno.
988,19-05-0050-46,19-05-0051-46,Teculutan,"COLEGIO DE INNOVACIÓN Y APRENDIZAJE TECULUTÁN ""CIAT""","COLEGIO DE INNOVACIÓN Y APRENDIZAJE TECULUTÁN ""CIAT""",100.0,BARRIO SAN JOSE,DOBLE,FIN DE SEMANA,CONSERVAR,Los códigos MINEDUC son distintos y representan registros administrativos independientes; no existe evidencia oficial para fusionarlos o eliminar uno.
989,19-05-0028-46,19-05-0047-46,Teculutan,GETHSEMANE COLLEGE,GETHSEMANE COLLEGE,100.0,CAMINO QUE CONDUCE HACIA LA ALDEA LA PAZ,DOBLE,DIARIO(REGULAR),CONSERVAR,Los códigos MINEDUC son distintos y representan registros administrativos independientes; no existe evidencia oficial para fusionarlos o eliminar uno.
990,12-10-0085-46,12-10-4919-46,Tejutla,COLEGIO EVANGELICO PRIVADO MIXTO BETHESDA,COLEGIO EVANGELICO PRIVADO MIXTO 'BETHESDA',100.0,3A. CALLE 2-05 ZONA 2,DOBLE,FIN DE SEMANA,CONSERVAR,Los códigos MINEDUC son distintos y representan registros administrativos independientes; no existe evidencia oficial para fusionarlos o eliminar uno.
991,05-06-0031-46,05-06-0086-46,Tiquisate,INSTITUTO TECNICO INDUSTRIAL PRIVADO DE TIQUISATE,INSTITUTO TÉCNICO INDUSTRIAL PRIVADO DE TIQUISATE,100.0,1 CALLE 1-1 ZONA 4,DOBLE,DIARIO(REGULAR),CONSERVAR,Los códigos MINEDUC son distintos y representan registros administrativos independientes; no existe evidencia oficial para fusionarlos o eliminar uno.
992,05-06-0030-46,05-06-0097-46,Tiquisate,INSTITUTO TECNICO INDUSTRIAL PRIVADO DE TIQUISATE,INSTITUTO TÉCNICO INDUSTRIAL PRIVADO DE TIQUISATE,100.0,1 CALLE 1-1 ZONA 4,DOBLE,FIN DE SEMANA,CONSERVAR,Los códigos MINEDUC son distintos y representan registros administrativos independientes; no existe evidencia oficial para fusionarlos o eliminar uno.
993,05-06-0039-46,05-06-0057-46,Tiquisate,COLEGIO TECNOLÓGICO EN INFORMÁTICA MILJU-NET,COLEGIO TECNOLÓGICO EN INFORMÁTICA MILJU-NET,100.0,ALDEA TICANLÚ,VESPERTINA,DIARIO(REGULAR),CONSERVAR,Los códigos MINEDUC son distintos y representan registros administrativos independientes; no existe evidencia oficial para fusionarlos o eliminar uno.
994,05-06-0039-46,05-06-0094-46,Tiquisate,COLEGIO TECNOLÓGICO EN INFORMÁTICA MILJU-NET,COLEGIO TECNOLÓGICO EN INFORMÁTICA MILJU-NET,100.0,ALDEA TICANLÚ,VESPERTINA,DIARIO(REGULAR),CONSERVAR,Los códigos MINEDUC son distintos y representan registros administrativos independientes; no existe evidencia oficial para fusionarlos o eliminar uno.
995,05-06-0039-46,05-06-0108-46,Tiquisate,COLEGIO TECNOLÓGICO EN INFORMÁTICA MILJU-NET,COLEGIO TECNOLÓGICO EN INFORMÁTICA MILJU-NET,100.0,ALDEA TICANLÚ,VESPERTINA,DIARIO(REGULAR),CONSERVAR,Los códigos MINEDUC son distintos y representan registros administrativos independientes; no existe evidencia oficial para fusionarlos o eliminar uno.
996,05-06-0039-46,05-06-0109-46,Tiquisate,COLEGIO TECNOLÓGICO EN INFORMÁTICA MILJU-NET,COLEGIO TECNOLÓGICO EN INFORMÁTICA MILJU-NET,100.0,ALDEA TICANLÚ,VESPERTINA,DIARIO(REGULAR),CONSERVAR,Los códigos MINEDUC son distintos y representan registros administrativos independientes; no existe evidencia oficial para fusionarlos o eliminar uno.
997,05-06-0057-46,05-06-0094-46,Tiquisate,COLEGIO TECNOLÓGICO EN INFORMÁTICA MILJU-NET,COLEGIO TECNOLÓGICO EN INFORMÁTICA MILJU-NET,100.0,ALDEA TICANLÚ,VESPERTINA,DIARIO(REGULAR),CONSERVAR,Los códigos MINEDUC son distintos y representan registros administrativos independientes; no existe evidencia oficial para fusionarlos o eliminar uno.
998,05-06-0057-46,05-06-0108-46,Tiquisate,COLEGIO TECNOLÓGICO EN INFORMÁTICA MILJU-NET,COLEGIO TECNOLÓGICO EN INFORMÁTICA MILJU-NET,100.0,ALDEA TICANLÚ,VESPERTINA,DIARIO(REGULAR),CONSERVAR,Los códigos MINEDUC son distintos y representan registros administrativos independientes; no existe evidencia oficial para fusionarlos o eliminar uno.
999,05-06-0057-46,05-06-0109-46,Tiquisate,COLEGIO TECNOLÓGICO EN INFORMÁTICA MILJU-NET,COLEGIO TECNOLÓGICO EN INFORMÁTICA MILJU-NET,100.0,ALDEA TICANLÚ,VESPERTINA,DIARIO(REGULAR),CONSERVAR,Los códigos MINEDUC son distintos y representan registros administrativos independientes; no existe evidencia oficial para fusionarlos o eliminar uno.
1000,05-06-0094-46,05-06-0108-46,Tiquisate,COLEGIO TECNOLÓGICO EN INFORMÁTICA MILJU-NET,COLEGIO TECNOLÓGICO EN INFORMÁTICA MILJU-NET,100.0,ALDEA TICANLÚ,VESPERTINA,DIARIO(REGULAR),CONSERVAR,Los códigos MINEDUC son distintos y representan registros administrativos independientes; no existe evidencia oficial para fusionarlos o eliminar uno.
1001,05-06-0094-46,05-06-0109-46,Tiquisate,COLEGIO TECNOLÓGICO EN INFORMÁTICA MILJU-NET,COLEGIO TECNOLÓGICO EN INFORMÁTICA MILJU-NET,100.0,ALDEA TICANLÚ,VESPERTINA,DIARIO(REGULAR),CONSERVAR,Los códigos MINEDUC son distintos y representan registros administrativos independientes; no existe evidencia oficial para fusionarlos o eliminar uno.
1002,05-06-0108-46,05-06-0109-46,Tiquisate,COLEGIO TECNOLÓGICO EN INFORMÁTICA MILJU-NET,COLEGIO TECNOLÓGICO EN INFORMÁTICA MILJU-NET,100.0,ALDEA TICANLÚ,VESPERTINA,DIARIO(REGULAR),CONSERVAR,Los códigos MINEDUC son distintos y representan registros administrativos independientes; no existe evidencia oficial para fusionarlos o eliminar uno.
1003,05-06-0099-46,05-06-0113-46,Tiquisate,"COLEGIO PRIVADO MIXTO ""BENDICIÓN DEL SABER""","COLEGIO PRIVADO MIXTO ""BENDICIÓN DEL SABER""",100.0,ALDEA TICANLÚ KM 178.3,DOBLE,FIN DE SEMANA,CONSERVAR,Los códigos MINEDUC son distintos y representan registros administrativos independientes; no existe evidencia oficial para fusionarlos o eliminar uno.
1004,05-06-0034-46,05-06-0051-46,Tiquisate,"COLEGIO PRIVADO MIXTO ""BENDICIÓN DEL SABER""","COLEGIO PRIVADO MIXTO ""BENDICIÓN DEL SABER""",100.0,ALDEA TICANLÚ KM. 178.3,VESPERTINA,DIARIO(REGULAR),CONSERVAR,Los códigos MINEDUC son distintos y representan registros administrativos independientes; no existe evidencia oficial para fusionarlos o eliminar uno.
1005,05-06-0034-46,05-06-0066-46,Tiquisate,"COLEGIO PRIVADO MIXTO ""BENDICIÓN DEL SABER""","COLEGIO PRIVADO MIXTO ""BENDICIÓN DEL SABER""",100.0,ALDEA TICANLÚ KM. 178.3,VESPERTINA,DIARIO(REGULAR),CONSERVAR,Los códigos MINEDUC son distintos y representan registros administrativos independientes; no existe evidencia oficial para fusionarlos o eliminar uno.
1006,05-06-0034-46,05-06-0083-46,Tiquisate,"COLEGIO PRIVADO MIXTO ""BENDICIÓN DEL SABER""","COLEGIO PRIVADO MIXTO ""BENDICIÓN DEL SABER""",100.0,ALDEA TICANLÚ KM. 178.3,VESPERTINA,DIARIO(REGULAR),CONSERVAR,Los códigos MINEDUC son distintos y representan registros administrativos independientes; no existe evidencia oficial para fusionarlos o eliminar uno.
1007,05-06-0051-46,05-06-0066-46,Tiquisate,"COLEGIO PRIVADO MIXTO ""BENDICIÓN DEL SABER""","COLEGIO PRIVADO MIXTO ""BENDICIÓN DEL SABER""",100.0,ALDEA TICANLÚ KM. 178.3,VESPERTINA,DIARIO(REGULAR),CONSERVAR,Los códigos MINEDUC son distintos y representan registros administrativos independientes; no existe evidencia oficial para fusionarlos o eliminar uno.
1008,05-06-0051-46,05-06-0083-46,Tiquisate,"COLEGIO PRIVADO MIXTO ""BENDICIÓN DEL SABER""","COLEGIO PRIVADO MIXTO ""BENDICIÓN DEL SABER""",100.0,ALDEA TICANLÚ KM. 178.3,VESPERTINA,DIARIO(REGULAR),CONSERVAR,Los códigos MINEDUC son distintos y representan registros administrativos independientes; no existe evidencia oficial para fusionarlos o eliminar uno.
1009,05-06-0066-46,05-06-0083-46,Tiquisate,"COLEGIO PRIVADO MIXTO ""BENDICIÓN DEL SABER""","COLEGIO PRIVADO MIXTO ""BENDICIÓN DEL SABER""",100.0,ALDEA TICANLÚ KM. 178.3,VESPERTINA,DIARIO(REGULAR),CONSERVAR,Los códigos MINEDUC son distintos y representan registros administrativos independientes; no existe evidencia oficial para fusionarlos o eliminar uno.
1010,05-06-0123-46,05-06-0124-46,Tiquisate,CENTRO EDUCATIVO OPORTUNIDAD C.E.O.,CENTRO EDUCATIVO OPORTUNIDAD C.E.O.,100.0,PARCELA 124 SECTOR 2 PARCELAMIENTO EL ARISCO,DOBLE,FIN DE SEMANA,CONSERVAR,Los códigos MINEDUC son distintos y representan registros administrativos independientes; no existe evidencia oficial para fusionarlos o eliminar uno.
1011,05-06-0028-46,05-06-0084-46,Tiquisate,LICEO CRISTIANO SHALEM,LICEO CRISTIANO SHALEM,100.0,"PARCELAS MUNICIPALES, EL ASTILLERO",VESPERTINA,DIARIO(REGULAR),CONSERVAR,Los códigos MINEDUC son distintos y representan registros administrativos independientes; no existe evidencia oficial para fusionarlos o eliminar uno.
1012,05-06-0053-46,05-06-0054-46,Tiquisate,INSTITUTO TECNOLOGIA Y CIENCIA,INSTITUTO TECNOLOGÍA Y CIENCIA,100.0,"VILLA CHINITO, KILOMETRO 143 FRENTE AL HOSPITAL NACIONAL",DOBLE,FIN DE SEMANA,CONSERVAR,Los códigos MINEDUC son distintos y representan registros administrativos independientes; no existe evidencia oficial para fusionarlos o eliminar uno.
1013,05-06-0080-46,05-06-0082-46,Tiquisate,INSTITUTO TECNOLOGIA Y CIENCIA,INSTITUTO TECNOLOGÍA Y CIENCIA,100.0,"VILLA CHINITO, KILOMETRO 143 FRENTE AL HOSPITAL NACIONAL",VESPERTINA,DIARIO(REGULAR),CONSERVAR,Los códigos MINEDUC son distintos y representan registros administrativos independientes; no existe evidencia oficial para fusionarlos o eliminar uno.
1014,05-06-0080-46,05-06-0100-46,Tiquisate,INSTITUTO TECNOLOGIA Y CIENCIA,INSTITUTO TECNOLOGÍA Y CIENCIA,100.0,"VILLA CHINITO, KILOMETRO 143 FRENTE AL HOSPITAL NACIONAL",VESPERTINA,DIARIO(REGULAR),CONSERVAR,Los códigos MINEDUC son distintos y representan registros administrativos independientes; no existe evidencia oficial para fusionarlos o eliminar uno.
1015,05-06-0080-46,05-06-0103-46,Tiquisate,INSTITUTO TECNOLOGIA Y CIENCIA,INSTITUTO TECNOLOGÍA Y CIENCIA,100.0,"VILLA CHINITO, KILOMETRO 143 FRENTE AL HOSPITAL NACIONAL",VESPERTINA,DIARIO(REGULAR),CONSERVAR,Los códigos MINEDUC son distintos y representan registros administrativos independientes; no existe evidencia oficial para fusionarlos o eliminar uno.
1016,05-06-0082-46,05-06-0100-46,Tiquisate,INSTITUTO TECNOLOGÍA Y CIENCIA,INSTITUTO TECNOLOGÍA Y CIENCIA,100.0,"VILLA CHINITO, KILOMETRO 143 FRENTE AL HOSPITAL NACIONAL",VESPERTINA,DIARIO(REGULAR),CONSERVAR,Los códigos MINEDUC son distintos y representan registros administrativos independientes; no existe evidencia oficial para fusionarlos o eliminar uno.
1017,05-06-0082-46,05-06-0103-46,Tiquisate,INSTITUTO TECNOLOGÍA Y CIENCIA,INSTITUTO TECNOLOGÍA Y CIENCIA,100.0,"VILLA CHINITO, KILOMETRO 143 FRENTE AL HOSPITAL NACIONAL",VESPERTINA,DIARIO(REGULAR),CONSERVAR,Los códigos MINEDUC son distintos y representan registros administrativos independientes; no existe evidencia oficial para fusionarlos o eliminar uno.
1018,05-06-0100-46,05-06-0103-46,Tiquisate,INSTITUTO TECNOLOGÍA Y CIENCIA,INSTITUTO TECNOLOGÍA Y CIENCIA,100.0,"VILLA CHINITO, KILOMETRO 143 FRENTE AL HOSPITAL NACIONAL",VESPERTINA,DIARIO(REGULAR),CONSERVAR,Los códigos MINEDUC son distintos y representan registros administrativos independientes; no existe evidencia oficial para fusionarlos o eliminar uno.
1019,13-15-0061-46,13-15-0062-46,Todos Santos Cuchumatan,LICEO PRIVADO SEÑOR SAN MARTÍN,LICEO PRIVADO SEÑOR SAN MARTÍN,100.0,ALDEA SAN MARTÍN CUCHUMATÁN,DOBLE,FIN DE SEMANA,CONSERVAR,Los códigos MINEDUC son distintos y representan registros administrativos independientes; no existe evidencia oficial para fusionarlos o eliminar uno.
1020,08-01-0237-46,08-01-0241-46,Totonicapán,COLEGIO ADVENTISTA MARANATHA,COLEGIO ADVENTISTA MARANATHA,100.0,4TA. CALLE 0-10 DE LA ZONA 2,DOBLE,FIN DE SEMANA,CONSERVAR,Los códigos MINEDUC son distintos y representan registros administrativos independientes; no existe evidencia oficial para fusionarlos o eliminar uno.
1021,08-01-0255-46,08-01-0257-46,Totonicapán,"COLEGIO PREUNIVERSITARIO ""SAN AGUSTIN""","COLEGIO PREUNIVERSITARIO ""SAN AGUSTIN""",100.0,"4TA CALLE, ALDEA NIMASAC",DOBLE,FIN DE SEMANA,CONSERVAR,Los códigos MINEDUC son distintos y representan registros administrativos independientes; no existe evidencia oficial para fusionarlos o eliminar uno.
1022,13-32-0050-46,13-32-7023-46,Unión Cantinil,COLEGIO PARROQUIAL MONSEÑOR ANDRÉS GIRÓN,COLEGIO PARROQUIAL MONSE%OR ANDRES GIRON,97.5,ALDEA TAJUMUCO,VESPERTINA,DIARIO(REGULAR),CONSERVAR,Los códigos MINEDUC son distintos y representan registros administrativos independientes; no existe evidencia oficial para fusionarlos o eliminar uno.
1023,13-32-0043-46,13-32-0044-46,Unión Cantinil,"INSTITUTO PRIVADO MIXTO ""DE LEÓN""","INSTITUTO PRIVADO MIXTO ""DE LEÓN""",100.0,"CASERÍO CUATRO CAMINOS, ALDEA LA TEJERA",SIN JORNADA,SEMIPRESENCIAL (UN DÍA A LA SEMANA),CONSERVAR,Los códigos MINEDUC son distintos y representan registros administrativos independientes; no existe evidencia oficial para fusionarlos o eliminar uno.
1024,13-32-0043-46,13-32-0047-46,Unión Cantinil,"INSTITUTO PRIVADO MIXTO ""DE LEÓN""","INSTITUTO PRIVADO MIXTO ""DE LEÓN""",100.0,"CASERÍO CUATRO CAMINOS, ALDEA LA TEJERA",SIN JORNADA,SEMIPRESENCIAL (UN DÍA A LA SEMANA),CONSERVAR,Los códigos MINEDUC son distintos y representan registros administrativos independientes; no existe evidencia oficial para fusionarlos o eliminar uno.
1025,13-32-0044-46,13-32-0047-46,Unión Cantinil,"INSTITUTO PRIVADO MIXTO ""DE LEÓN""","INSTITUTO PRIVADO MIXTO ""DE LEÓN""",100.0,"CASERÍO CUATRO CAMINOS, ALDEA LA TEJERA",SIN JORNADA,SEMIPRESENCIAL (UN DÍA A LA SEMANA),CONSERVAR,Los códigos MINEDUC son distintos y representan registros administrativos independientes; no existe evidencia oficial para fusionarlos o eliminar uno.
1026,01-16-0106-46,01-16-9736-46,Villa Canales,LICEO PREUNIVERSITARIO DE INFORMÁTICA Y TECNOLOGÍA,LICEO PREUNIVERSITARIO DE INFORMATICA Y TECNOLOGIA,100.0,1A. AVENIDA 1-41 ZONA 2 ALDEA EL PORVENIR,DOBLE,FIN DE SEMANA,CONSERVAR,Los códigos MINEDUC son distintos y representan registros administrativos independientes; no existe evidencia oficial para fusionarlos o eliminar uno.
1027,01-16-0106-46,01-16-9738-46,Villa Canales,LICEO PREUNIVERSITARIO DE INFORMÁTICA Y TECNOLOGÍA,LICEO PREUNIVERSITARIO DE INFORMATICA Y TECNOLOGIA,100.0,1A. AVENIDA 1-41 ZONA 2 ALDEA EL PORVENIR,DOBLE,FIN DE SEMANA,CONSERVAR,Los códigos MINEDUC son distintos y representan registros administrativos independientes; no existe evidencia oficial para fusionarlos o eliminar uno.
1028,01-16-9736-46,01-16-9738-46,Villa Canales,LICEO PREUNIVERSITARIO DE INFORMATICA Y TECNOLOGIA,LICEO PREUNIVERSITARIO DE INFORMATICA Y TECNOLOGIA,100.0,1A. AVENIDA 1-41 ZONA 2 ALDEA EL PORVENIR,DOBLE,FIN DE SEMANA,CONSERVAR,Los códigos MINEDUC son distintos y representan registros administrativos independientes; no existe evidencia oficial para fusionarlos o eliminar uno.
1029,01-16-8871-46,01-16-8872-46,Villa Canales,LICEO CENTROAMERICANO BOCA DEL MONTE,LICEO CENTROAMERICANO BOCA DEL MONTE,100.0,1A. CALLE 2-60 ZONA 1 BOCA DEL MONTE,DOBLE,FIN DE SEMANA,CONSERVAR,Los códigos MINEDUC son distintos y representan registros administrativos independientes; no existe evidencia oficial para fusionarlos o eliminar uno.
1030,01-16-0098-46,01-16-0099-46,Villa Canales,"LICEO PROFESIONAL DE COMPUTACIÓN ""MANUEL GALICH""","LICEO PROFESIONAL DE COMPUTACIÓN ""MANUEL GALICH""",100.0,2A. CALLE 3-61 ZONA 1 BOCA DEL MONTE,DOBLE,FIN DE SEMANA,CONSERVAR,Los códigos MINEDUC son distintos y representan registros administrativos independientes; no existe evidencia oficial para fusionarlos o eliminar uno.
1031,01-16-0143-46,01-16-0144-46,Villa Canales,INSTITUTO TECNOLÓGICO MUNICIPAL,INSTITUTO TECNOLÓGICO MUNICIPAL,100.0,3A. CALLE 1-43 ZONA 2 GUATEMALA,DOBLE,DIARIO(REGULAR),CONSERVAR,Los códigos MINEDUC son distintos y representan registros administrativos independientes; no existe evidencia oficial para fusionarlos o eliminar uno.
1032,01-16-0143-46,01-16-0145-46,Villa Canales,INSTITUTO TECNOLÓGICO MUNICIPAL,INSTITUTO TECNOLÓGICO MUNICIPAL,100.0,3A. CALLE 1-43 ZONA 2 GUATEMALA,DOBLE,DIARIO(REGULAR),CONSERVAR,Los códigos MINEDUC son distintos y representan registros administrativos independientes; no existe evidencia oficial para fusionarlos o eliminar uno.
1033,01-16-0143-46,01-16-0146-46,Villa Canales,INSTITUTO TECNOLÓGICO MUNICIPAL,INSTITUTO TECNOLÓGICO MUNICIPAL,100.0,3A. CALLE 1-43 ZONA 2 GUATEMALA,DOBLE,DIARIO(REGULAR),CONSERVAR,Los códigos MINEDUC son distintos y representan registros administrativos independientes; no existe evidencia oficial para fusionarlos o eliminar uno.
1034,01-16-0144-46,01-16-0145-46,Villa Canales,INSTITUTO TECNOLÓGICO MUNICIPAL,INSTITUTO TECNOLÓGICO MUNICIPAL,100.0,3A. CALLE 1-43 ZONA 2 GUATEMALA,DOBLE,DIARIO(REGULAR),CONSERVAR,Los códigos MINEDUC son distintos y representan registros administrativos independientes; no existe evidencia oficial para fusionarlos o eliminar uno.
1035,01-16-0144-46,01-16-0146-46,Villa Canales,INSTITUTO TECNOLÓGICO MUNICIPAL,INSTITUTO TECNOLÓGICO MUNICIPAL,100.0,3A. CALLE 1-43 ZONA 2 GUATEMALA,DOBLE,DIARIO(REGULAR),CONSERVAR,Los códigos MINEDUC son distintos y representan registros administrativos independientes; no existe evidencia oficial para fusionarlos o eliminar uno.
1036,01-16-0145-46,01-16-0146-46,Villa Canales,INSTITUTO TECNOLÓGICO MUNICIPAL,INSTITUTO TECNOLÓGICO MUNICIPAL,100.0,3A. CALLE 1-43 ZONA 2 GUATEMALA,DOBLE,DIARIO(REGULAR),CONSERVAR,Los códigos MINEDUC son distintos y representan registros administrativos independientes; no existe evidencia oficial para fusionarlos o eliminar uno.
1037,01-16-0114-46,01-16-0116-46,Villa Canales,LICEO MONTEGAL,LICEO MONTEGAL,100.0,4A. CALLE 3-30 ZONA 3 ALDEA BOCA DEL MONTE,DOBLE,FIN DE SEMANA,CONSERVAR,Los códigos MINEDUC son distintos y representan registros administrativos independientes; no existe evidencia oficial para fusionarlos o eliminar uno.
1038,01-16-0089-46,01-16-0196-46,Villa Canales,CENTRO EDUCATIVO INTEGRAL COMPUTARIZADO,CENTRO EDUCATIVO INTEGRAL COMPUTARIZADO,100.0,6A. CALLE 2-35 ZONA 1 BOCA DEL MONTE,DOBLE,FIN DE SEMANA,CONSERVAR,Los códigos MINEDUC son distintos y representan registros administrativos independientes; no existe evidencia oficial para fusionarlos o eliminar uno.
1039,01-15-0813-46,01-15-0815-46,Villa Nueva,INED INSTITUTO NACIONAL DE EDUCACIÓN DIVERSIFICADA DE BÁRCENA,INED INSTITUTO NACIONAL DE EDUCACIÓN DIVERSIFICADA DE BÁRCENA,100.0,10A. AVE 4-81 ZONA 3 DE BÁRCENA ALDEA,NOCTURNA,DIARIO(REGULAR),CONSERVAR,Los códigos MINEDUC son distintos y representan registros administrativos independientes; no existe evidencia oficial para fusionarlos o eliminar uno.
1040,01-15-0813-46,01-15-0816-46,Villa Nueva,INED INSTITUTO NACIONAL DE EDUCACIÓN DIVERSIFICADA DE BÁRCENA,INED INSTITUTO NACIONAL DE EDUCACIÓN DIVERSIFICADA DE BÁRCENA,100.0,10A. AVE 4-81 ZONA 3 DE BÁRCENA ALDEA,NOCTURNA,DIARIO(REGULAR),CONSERVAR,Los códigos MINEDUC son distintos y representan registros administrativos independientes; no existe evidencia oficial para fusionarlos o eliminar uno.
1041,01-15-0815-46,01-15-0816-46,Villa Nueva,INED INSTITUTO NACIONAL DE EDUCACIÓN DIVERSIFICADA DE BÁRCENA,INED INSTITUTO NACIONAL DE EDUCACIÓN DIVERSIFICADA DE BÁRCENA,100.0,10A. AVE 4-81 ZONA 3 DE BÁRCENA ALDEA,NOCTURNA,DIARIO(REGULAR),CONSERVAR,Los códigos MINEDUC son distintos y representan registros administrativos independientes; no existe evidencia oficial para fusionarlos o eliminar uno.
1042,01-15-9392-46,01-15-9393-46,Villa Nueva,COLEGIO MIXTO REAL EL VALLE,COLEGIO MIXTO REAL EL VALLE,100.0,12 AVENIDA 3-73 ZONA 1,DOBLE,FIN DE SEMANA,CONSERVAR,Los códigos MINEDUC son distintos y representan registros administrativos independientes; no existe evidencia oficial para fusionarlos o eliminar uno.
1043,01-15-0181-46,01-15-8398-46,Villa Nueva,COLEGIO BASICO MODERNO PARA COMPUTACION BM-PC,COLEGIO BASICO MODERNO PARA COMPUTACION BM-PC,100.0,"1A. CALLE, 0-95, ZONA 1",DOBLE,FIN DE SEMANA,CONSERVAR,Los códigos MINEDUC son distintos y representan registros administrativos independientes; no existe evidencia oficial para fusionarlos o eliminar uno.
1044,01-15-0612-46,01-15-0626-46,Villa Nueva,INSTITUTO MIXTO NOCTURNO EL ANGEL,INSTITUTO MIXTO NOCTURNO EL ANGEL,100.0,1A. CALLE 1-63 ZONA 5,DOBLE,FIN DE SEMANA,CONSERVAR,Los códigos MINEDUC son distintos y representan registros administrativos independientes; no existe evidencia oficial para fusionarlos o eliminar uno.
1045,01-15-0612-46,01-15-7859-46,Villa Nueva,INSTITUTO MIXTO NOCTURNO EL ANGEL,INSTITUTO MIXTO NOCTURNO EL ANGEL,100.0,1A. CALLE 1-63 ZONA 5,DOBLE,FIN DE SEMANA,CONSERVAR,Los códigos MINEDUC son distintos y representan registros administrativos independientes; no existe evidencia oficial para fusionarlos o eliminar uno.
1046,01-15-0626-46,01-15-7859-46,Villa Nueva,INSTITUTO MIXTO NOCTURNO EL ANGEL,INSTITUTO MIXTO NOCTURNO EL ANGEL,100.0,1A. CALLE 1-63 ZONA 5,DOBLE,FIN DE SEMANA,CONSERVAR,Los códigos MINEDUC son distintos y representan registros administrativos independientes; no existe evidencia oficial para fusionarlos o eliminar uno.
1047,01-15-0178-46,01-15-8111-46,Villa Nueva,COLEGIO CRISTIANO HERMOSO JESUS,COLEGIO CRISTIANO HERMOSO JESUS,100.0,"1A. CALLE 6-91, ZONA 6",MATUTINA,DIARIO(REGULAR),CONSERVAR,Los códigos MINEDUC son distintos y representan registros administrativos independientes; no existe evidencia oficial para fusionarlos o eliminar uno.
1048,01-15-0458-46,01-15-2077-46,Villa Nueva,CENTRO EDUCATIVO JOSÉ MILLA Y VIDAURRE,CENTRO EDUCATIVO JOSE MILLA Y VIDAURRE,100.0,"2A. CALLE 2-43, ZONA 1",VESPERTINA,DIARIO(REGULAR),CONSERVAR,Los códigos MINEDUC son distintos y representan registros administrativos independientes; no existe evidencia oficial para fusionarlos o eliminar uno.
1049,01-15-0327-46,01-15-8132-46,Villa Nueva,"CENTRO EDUCATIVO ""JOSE MILLA Y VIDAURRE""",CENTRO EDUCATIVO 'JOSE MILLA Y VIDAURRE',100.0,2A. CALLE 2-43 ZONA 1,MATUTINA,DIARIO(REGULAR),CONSERVAR,Los códigos MINEDUC son distintos y representan registros administrativos independientes; no existe evidencia oficial para fusionarlos o eliminar uno.
1050,01-15-0521-46,01-15-0522-46,Villa Nueva,COLEGIO CRISTIANO BILINGUE GENERACION DE JOSUE,CDOLEGIO CRISTIANO BILINGUE GENERACION DE JOSUE,98.92,3 CALLE 13-80 ZONA 1,MATUTINA,DIARIO(REGULAR),CONSERVAR,Los códigos MINEDUC son distintos y representan registros administrativos independientes; no existe evidencia oficial para fusionarlos o eliminar uno.
1051,01-15-2072-46,01-15-9555-46,Villa Nueva,COLEGIO MIXTO NUESTRA PATRIA,COLEGIO MIXTO NUESTRA PATRIA,100.0,3A. CALLE 3-78 ZONA 1,MATUTINA,DIARIO(REGULAR),CONSERVAR,Los códigos MINEDUC son distintos y representan registros administrativos independientes; no existe evidencia oficial para fusionarlos o eliminar uno.
1052,01-15-0010-46,01-15-0016-46,Villa Nueva,COLEGIO CRISTIANO PENIEL PERONIA,COLEGIO CRISTIANO PENIEL PERONIA,100.0,3A. CALLE 7-70 ZONA 1,DOBLE,FIN DE SEMANA,CONSERVAR,Los códigos MINEDUC son distintos y representan registros administrativos independientes; no existe evidencia oficial para fusionarlos o eliminar uno.
1053,01-15-0482-46,01-15-0497-46,Villa Nueva,LICEO TÉCNICO INDUSTRIAL MAYA TIKAL,LICEO TÉCNICO INDUSTRIAL MAYA TIKAL,100.0,"3A. CALLE 9-50, ZONA 1",DOBLE,FIN DE SEMANA,CONSERVAR,Los códigos MINEDUC son distintos y representan registros administrativos independientes; no existe evidencia oficial para fusionarlos o eliminar uno.
1054,01-15-0453-46,01-15-0455-46,Villa Nueva,LICEO TECNICO INDUSTRIAL MAYA TIKAL,LICEO TÉCNICO INDUSTRIAL MAYA TIKAL,100.0,"3A. CALLE 9-50, ZONA 1",MATUTINA,DIARIO(REGULAR),CONSERVAR,Los códigos MINEDUC son distintos y representan registros administrativos independientes; no existe evidencia oficial para fusionarlos o eliminar uno.
1055,01-15-0198-46,01-15-9008-46,Villa Nueva,COLEGIO MIXTO MARTA MARIA,COLEGIO MIXTO MARTA-MARIA,100.0,"3A. CALLE 9-98, ZONA 1",DOBLE,FIN DE SEMANA,CONSERVAR,Los códigos MINEDUC son distintos y representan registros administrativos independientes; no existe evidencia oficial para fusionarlos o eliminar uno.
1056,01-15-7132-46,01-15-7133-46,Villa Nueva,COLEGIO MIXTO 'MARTA MARIA',COLEGIO MIXTO MARTA MARIA,100.0,3A. CALLE 9-98 ZONA 1,MATUTINA,DIARIO(REGULAR),CONSERVAR,Los códigos MINEDUC son distintos y representan registros administrativos independientes; no existe evidencia oficial para fusionarlos o eliminar uno.
1057,01-15-0194-46,01-15-0195-46,Villa Nueva,COLEGIO MIXTO MARTA MARIA,COLEGIO MIXTO MARTA MARIA,100.0,"3A. CALLE 9-98, ZONA 1",NOCTURNA,DIARIO(REGULAR),CONSERVAR,Los códigos MINEDUC son distintos y representan registros administrativos independientes; no existe evidencia oficial para fusionarlos o eliminar uno.
1058,01-15-0523-46,01-15-0524-46,Villa Nueva,LICEO PIERRE DE FERMAT,LICEO PIERRE DE FERMAT,100.0,4 CALLE 6-40 ZONA 1,DOBLE,FIN DE SEMANA,CONSERVAR,Los códigos MINEDUC son distintos y representan registros administrativos independientes; no existe evidencia oficial para fusionarlos o eliminar uno.
1059,01-15-2406-46,01-15-2791-46,Villa Nueva,INSTITUTO PRIVADO MIXTO DE EDUCACION DIVERSIFICADA CENTRO DE FORMACION INTELECTUAL GUATEMALTECO,INSTITUTO PRIVADO MIXTO DE EDUCACION DIVERSIFICADA 'CENTRO DE FORMACION INTELECTUAL GUATEMALTECO',100.0,4A AVE. 6-29 ZONA 1,NOCTURNA,DIARIO(REGULAR),CONSERVAR,Los códigos MINEDUC son distintos y representan registros administrativos independientes; no existe evidencia oficial para fusionarlos o eliminar uno.
1060,01-15-9275-46,01-15-9276-46,Villa Nueva,LICEO COMPU-MARKET,LICEO COMPU-MARKET,100.0,4A. AVENIDA 6-29 ZONA 1,DOBLE,FIN DE SEMANA,CONSERVAR,Los códigos MINEDUC son distintos y representan registros administrativos independientes; no existe evidencia oficial para fusionarlos o eliminar uno.
1061,01-15-0271-46,01-15-0273-46,Villa Nueva,LICEO PIERRE DE FERMAT,LICEO PIERRE DE FERMAT,100.0,"4A. AVENIDA 6-40, ZONA 1",DOBLE,FIN DE SEMANA,CONSERVAR,Los códigos MINEDUC son distintos y representan registros administrativos independientes; no existe evidencia oficial para fusionarlos o eliminar uno.
1062,01-15-0182-46,01-15-2737-46,Villa Nueva,LICEO VALLE DEL SOL,LICEO VALLE DEL SOL,100.0,4A. CALLE 10-69 ZONA 1,MATUTINA,DIARIO(REGULAR),CONSERVAR,Los códigos MINEDUC son distintos y representan registros administrativos independientes; no existe evidencia oficial para fusionarlos o eliminar uno.
1063,01-15-9467-46,01-15-9469-46,Villa Nueva,CENTRO EDUCATIVO MANUEL GALICH,CENTRO EDUCATIVO MANUEL GALICH,100.0,5A. AVENIDA 2-27 ZONA 4 COLONIA ETERNA PRIMAVERA,DOBLE,FIN DE SEMANA,CONSERVAR,Los códigos MINEDUC son distintos y representan registros administrativos independientes; no existe evidencia oficial para fusionarlos o eliminar uno.
1064,01-15-0266-46,01-15-8911-46,Villa Nueva,LICEO EDUCATIVO LA ASUNCION,LICEO EDUCATIVO LA ASUNCION,100.0,6A. AVENIDA 3-54 ZONA 1,DOBLE,FIN DE SEMANA,CONSERVAR,Los códigos MINEDUC son distintos y representan registros administrativos independientes; no existe evidencia oficial para fusionarlos o eliminar uno.
1065,01-15-0456-46,01-15-9551-46,Villa Nueva,LICEO TECNICO DE VILLA NUEVA,LICEO TECNICO DE VILLA NUEVA,100.0,"6A. AVENIDA 6-54, ZONA 1",DOBLE,DIARIO(REGULAR),CONSERVAR,Los códigos MINEDUC son distintos y representan registros administrativos independientes; no existe evidencia oficial para fusionarlos o eliminar uno.
1066,01-15-0185-46,01-15-9550-46,Villa Nueva,LICEO TECNICO DE VILLA NUEVA,LICEO TECNICO DE VILLA NUEVA,100.0,6A. AVENIDA 6-54 ZONA 1,MATUTINA,DIARIO(REGULAR),CONSERVAR,Los códigos MINEDUC son distintos y representan registros administrativos independientes; no existe evidencia oficial para fusionarlos o eliminar uno.
1067,01-15-0645-46,01-15-0646-46,Villa Nueva,LICEO TÉCNICO DE VILLA NUEVA,LICEO TÉCNICO DE VILLA NUEVA,100.0,6A. AVENIDA 6-54 ZONA 1,MATUTINA,VIRTUAL A DISTANCIA,CONSERVAR,Los códigos MINEDUC son distintos y representan registros administrativos independientes; no existe evidencia oficial para fusionarlos o eliminar uno.
1068,01-15-8969-46,01-15-8970-46,Villa Nueva,LICEO EVANGELICO ROCA DE LOS SIGLOS,LICEO EVANGELICO ROCA DE LOS SIGLOS,100.0,"6A. AVENIDA 7-81, COLONIA MEXQUITAL",DOBLE,FIN DE SEMANA,CONSERVAR,Los códigos MINEDUC son distintos y representan registros administrativos independientes; no existe evidencia oficial para fusionarlos o eliminar uno.
1069,01-15-8600-46,01-15-8601-46,Villa Nueva,COLEGIO NUESTRA SEÑORA DE LOURDES,COLEGIO NUESTRA SEÑORA DE LOURDES,100.0,7A. AV. 6-98 VIA ARGENTINA LAS TERRAZAS SAN CRISTOBAL ZONA 8,DOBLE,FIN DE SEMANA,CONSERVAR,Los códigos MINEDUC son distintos y representan registros administrativos independientes; no existe evidencia oficial para fusionarlos o eliminar uno.
1070,01-15-8597-46,01-15-8598-46,Villa Nueva,COLEGIO NUESTRA SEQORA DE LOURDES,COLEGIO NUESTRA SEQORA DE LOURDES,100.0,7A. AV. 6-98 VIA ARGENTINA LAS TERRAZAS SAN CRISTOBAL ZONA 8,NOCTURNA,DIARIO(REGULAR),CONSERVAR,Los códigos MINEDUC son distintos y representan registros administrativos independientes; no existe evidencia oficial para fusionarlos o eliminar uno.
1071,01-15-6571-46,01-15-6572-46,Villa Nueva,INSTITUTO PRIVADO MIXTO LINDA VISTA,INSTITUTO PRIVADO MIXTO LINDA VISTA,100.0,7A CALLE 3-40 ZONA 1,VESPERTINA,FIN DE SEMANA,CONSERVAR,Los códigos MINEDUC son distintos y representan registros administrativos independientes; no existe evidencia oficial para fusionarlos o eliminar uno.
1072,01-15-8282-46,01-15-8283-46,Villa Nueva,LICEO MIXTO EVEREST,LICEO MIXTO EVEREST,100.0,8A. AV. 11-16 ZONA 3 COLONIA SANTA ISABEL II,DOBLE,FIN DE SEMANA,CONSERVAR,Los códigos MINEDUC son distintos y representan registros administrativos independientes; no existe evidencia oficial para fusionarlos o eliminar uno.
1073,01-15-0364-46,01-15-0365-46,Villa Nueva,CENTRO EDUCATIVO INTELLECTUS PRE-UNIVERSITARIO,CENTRO EDUCATIVO INTELLECTUS PRE-UNIVERSITARIO,100.0,"BOULEVARD EL FRUTAL 14-00, CENTRO COMERCIAL EL FRUTAL, TERCER NIVEL, ZONA 5",DOBLE,FIN DE SEMANA,CONSERVAR,Los códigos MINEDUC son distintos y representan registros administrativos independientes; no existe evidencia oficial para fusionarlos o eliminar uno.
1074,01-15-0277-46,01-15-0856-46,Villa Nueva,COLEGIO METRO KIDS,COLEGIO METRO KIDS,100.0,"CALZADA AGUILAR BATRES, 45-55, ZONA 12",MATUTINA,DIARIO(REGULAR),CONSERVAR,Los códigos MINEDUC son distintos y representan registros administrativos independientes; no existe evidencia oficial para fusionarlos o eliminar uno.
1075,22-06-0023-46,22-06-2267-46,Yupiltepeque,INSTITUTO PARTICULAR MIXTO EL JICARO,INSTITUTO PARTICULAR MIXTO EL JICARO,100.0,ALDEA EL JICARO,VESPERTINA,DIARIO(REGULAR),CONSERVAR,Los códigos MINEDUC son distintos y representan registros administrativos independientes; no existe evidencia oficial para fusionarlos o eliminar uno.
1076,22-06-0011-46,22-06-0021-46,Yupiltepeque,"COLEGIO PARTICULAR MIXTO ""BRISAS DEL CHINGO""","COLEGIO PARTICULAR MIXTO ""BRISAS DEL CHINGO""",100.0,ALDEA ESTANZUELA,DOBLE,FIN DE SEMANA,CONSERVAR,Los códigos MINEDUC son distintos y representan registros administrativos independientes; no existe evidencia oficial para fusionarlos o eliminar uno.
1077,22-06-0020-46,22-06-0037-46,Yupiltepeque,LICEO YUPANO,LICEO YUPANO,100.0,BARRIO EL CENTRO,DOBLE,FIN DE SEMANA,CONSERVAR,Los códigos MINEDUC son distintos y representan registros administrativos independientes; no existe evidencia oficial para fusionarlos o eliminar uno.
1078,19-01-0086-46,19-01-1012-46,Zacapa,"CENTRO EDUCATIVO JUVENIL CATÓLICO ""NUESTRA SEÑORA DE FÁTIMA""","CENTRO EDUCATIVO JUVENIL CATÓLICO ""NUESTRA SEÑORA DE FÁTIMA""",100.0,12 CALLE A 14-03 ZONA 1,MATUTINA,DIARIO(REGULAR),CONSERVAR,Los códigos MINEDUC son distintos y representan registros administrativos independientes; no existe evidencia oficial para fusionarlos o eliminar uno.
1079,19-01-0942-46,19-01-0943-46,Zacapa,"CENTRO DE EDUCACIÓN A DISTANCIA ""ITZAMNÁ""","CENTRO DE EDUCACION A DISTANCIA ""ITZAMNÁ""",100.0,5A. CALLE 11-20 ZONA 1,DOBLE,FIN DE SEMANA,CONSERVAR,Los códigos MINEDUC son distintos y representan registros administrativos independientes; no existe evidencia oficial para fusionarlos o eliminar uno.
1080,19-01-0156-46,19-01-0183-46,Zacapa,LICEO CRISTO REY,LICEO CRISTO REY,100.0,8A. CALLE 9-06 ZONA 2 BARRIO LA REFORMA,DOBLE,FIN DE SEMANA,CONSERVAR,Los códigos MINEDUC son distintos y representan registros administrativos independientes; no existe evidencia oficial para fusionarlos o eliminar uno.
1081,19-01-0178-46,19-01-0179-46,Zacapa,LICEO CRISTO REY,LICEO CRISTO REY,100.0,8A. CALLE 9-6 BARRIO LA REFORMA ZONA 2,VESPERTINA,DIARIO(REGULAR),CONSERVAR,Los códigos MINEDUC son distintos y representan registros administrativos independientes; no existe evidencia oficial para fusionarlos o eliminar uno.
1082,19-01-0670-46,19-01-1069-46,Zacapa,INSTITUTO PRIVADO MIXTO DE BACHILLERATO POR MADUREZ CIENCIA Y DESARROLLO,INSTITUTO PRIVADO MIXTO DE BACHILLERATO POR MADUREZ CIENCIA Y DESARROLLO,100.0,BARRIO LA REFORMA ZONA 2,DOBLE,FIN DE SEMANA,CONSERVAR,Los códigos MINEDUC son distintos y representan registros administrativos independientes; no existe evidencia oficial para fusionarlos o eliminar uno.
1083,19-01-0194-46,19-01-0198-46,Zacapa,"COLEGIO ""HIGA""","COLEGIO ""HIGA""",100.0,BOSQUES DE SAN JULIÁN,DOBLE,FIN DE SEMANA,CONSERVAR,Los códigos MINEDUC son distintos y representan registros administrativos independientes; no existe evidencia oficial para fusionarlos o eliminar uno.
1084,14-04-0048-46,14-04-0050-46,Zacualpa,LICEO INTERCULTURAL ZACUALPA,LICEO INTERCULTURAL ZACUALPA,100.0,"4A. AVENIDA 3-43, ZONA 2",DOBLE,FIN DE SEMANA,CONSERVAR,Los códigos MINEDUC son distintos y representan registros administrativos independientes; no existe evidencia oficial para fusionarlos o eliminar uno.
1085,04-15-0042-46,04-15-0043-46,Zaragoza,LICEO CRISTIANO MONTE SIÓN,LICEO CRISTIANO MONTE SIÓN,100.0,1A. AVENIDA 3-56 ZONA 2,DOBLE,FIN DE SEMANA,CONSERVAR,Los códigos MINEDUC son distintos y representan registros administrativos independientes; no existe evidencia oficial para fusionarlos o eliminar uno.
